file,class,type,cbo,cboModified,fanin,fanout,wmc,dit,noc,rfc,lcom,lcom*,tcc,lcc,totalMethodsQty,staticMethodsQty,publicMethodsQty,privateMethodsQty,protectedMethodsQty,defaultMethodsQty,visibleMethodsQty,abstractMethodsQty,finalMethodsQty,synchronizedMethodsQty,totalFieldsQty,staticFieldsQty,publicFieldsQty,privateFieldsQty,protectedFieldsQty,defaultFieldsQty,finalFieldsQty,synchronizedFieldsQty,nosi,loc,returnQty,loopQty,comparisonsQty,tryCatchQty,parenthesizedExpsQty,stringLiteralsQty,numbersQty,assignmentsQty,mathOperationsQty,variablesQty,maxNestedBlocksQty,anonymousClassesQty,innerClassesQty,lambdasQty,uniqueWordsQty,modifiers,logStatementsQty
E:\Siva_ood_projects\java-saml\core\src\main\java\com\onelogin\saml2\model\hsm\HSM.java,com.onelogin.saml2.model.hsm.HSM,class,1,5,4,1,5,1,1,0,10,0.0,0.0,0.0,5,0,5,0,0,0,5,5,0,0,0,0,0,0,0,0,0,0,0,7,0,0,0,0,0,0,0,0,0,0,0,0,0,0,45,1025,0
E:\Siva_ood_projects\java-saml\core\src\main\java\com\onelogin\saml2\authn\AuthnRequest.java,com.onelogin.saml2.authn.AuthnRequest,class,7,14,7,7,28,1,2,39,14,0.7333333,0.4,0.8,12,1,9,2,1,0,10,0,0,0,5,1,0,5,0,0,5,0,19,128,8,1,6,0,0,45,0,42,7,26,2,0,0,0,183,1,1
E:\Siva_ood_projects\java-saml\core\src\main\java\com\onelogin\saml2\util\SchemaFactory.java,com.onelogin.saml2.util.SchemaFactory$Anonymous1,anonymous,4,4,0,4,21,1,0,10,1,0.5,0.0,0.0,2,0,2,0,0,0,2,0,0,0,1,0,0,1,0,0,0,0,1,54,18,0,4,1,0,31,0,4,1,4,3,0,0,0,54,-1,1
E:\Siva_ood_projects\java-saml\core\src\test\java\com\onelogin\saml2\test\settings\Saml2SettingsTest.java,com.onelogin.saml2.test.settings.Saml2SettingsTest,class,9,9,0,9,23,1,0,38,253,0.0,0.0,0.0,23,0,23,0,0,0,23,0,0,0,0,0,0,0,0,0,0,0,13,205,0,0,0,0,0,100,3,56,2,53,0,0,0,0,141,1,0
E:\Siva_ood_projects\java-saml\core\src\main\java\com\onelogin\saml2\model\Contact.java,com.onelogin.saml2.model.Contact,class,0,6,6,0,15,1,0,4,14,0.72222227,0.30555555,1.0,9,0,9,0,0,0,9,0,7,0,6,0,0,6,0,0,6,0,3,40,7,0,5,0,0,3,2,6,0,6,0,0,0,0,61,1,0
E:\Siva_ood_projects\java-saml\toolkit\src\main\java\com\onelogin\saml2\factory\SamlMessageFactory.java,com.onelogin.saml2.factory.SamlMessageFactory,interface,9,11,2,9,6,1,0,0,15,0.0,0.0,0.0,6,0,0,0,0,6,6,0,0,0,0,0,0,0,0,0,0,0,0,20,6,0,0,0,0,0,0,0,0,0,0,0,0,0,85,1,0
E:\Siva_ood_projects\java-saml\toolkit\src\test\java\com\onelogin\saml2\test\AuthTest.java,com.onelogin.saml2.test.AuthTest$1SamlResponseEx,innerclass,5,5,0,5,1,2,0,3,0,0.0,NaN,NaN,1,0,1,0,0,0,1,0,0,0,0,0,0,0,0,0,0,0,1,8,0,0,0,0,0,0,0,0,0,0,0,0,0,0,15,0,0
E:\Siva_ood_projects\java-saml\core\src\test\java\com\onelogin\saml2\test\authn\AuthnResponseTest.java,com.onelogin.saml2.test.authn.AuthnResponseTest,class,18,20,2,18,132,1,0,109,7171,0.8849206,0.048347108,0.048347108,126,2,121,5,0,0,121,0,0,0,2,1,1,1,0,0,1,0,462,1540,4,6,0,0,0,545,15,617,5,403,1,1,0,0,374,1,0
E:\Siva_ood_projects\java-saml\toolkit\src\test\java\com\onelogin\saml2\test\AuthTest.java,com.onelogin.saml2.test.AuthTest$1LogoutRequestEx,innerclass,4,4,0,4,1,2,0,1,0,0.0,NaN,NaN,1,0,1,0,0,0,1,0,0,0,0,0,0,0,0,0,0,0,0,8,0,0,0,0,0,0,0,0,0,0,0,0,0,0,12,0,0
E:\Siva_ood_projects\java-saml\toolkit\src\test\java\com\onelogin\saml2\test\AuthTest.java,com.onelogin.saml2.test.AuthTest$2LogoutResponseEx,innerclass,5,5,0,5,1,2,0,3,0,0.0,NaN,NaN,1,0,1,0,0,0,1,0,0,0,0,0,0,0,0,0,0,0,1,8,0,0,0,0,0,0,0,0,0,0,0,0,0,0,15,0,0
E:\Siva_ood_projects\java-saml\core\src\test\java\com\onelogin\saml2\test\logout\LogoutRequestTest.java,com.onelogin.saml2.test.logout.LogoutRequestTest$Anonymous2,anonymous,0,0,0,0,1,1,0,0,0,0.0,NaN,NaN,1,0,1,0,0,0,1,0,0,0,0,0,0,0,0,0,0,0,0,5,1,0,0,0,0,0,0,0,0,0,0,0,0,0,6,-1,0
E:\Siva_ood_projects\java-saml\core\src\test\java\com\onelogin\saml2\test\logout\LogoutRequestTest.java,com.onelogin.saml2.test.logout.LogoutRequestTest$Anonymous1,anonymous,0,0,0,0,1,1,0,0,0,0.0,NaN,NaN,1,0,1,0,0,0,1,0,0,0,0,0,0,0,0,0,0,0,0,5,1,0,0,0,0,0,0,0,0,0,0,0,0,0,6,-1,0
E:\Siva_ood_projects\java-saml\core\src\main\java\com\onelogin\saml2\logout\LogoutRequestParams.java,com.onelogin.saml2.logout.LogoutRequestParams,class,1,10,9,1,11,1,0,5,0,0.5636364,0.5272727,0.8181818,11,0,10,0,1,0,11,0,0,0,5,0,0,5,0,0,5,0,0,48,5,0,0,0,0,0,0,10,0,5,0,0,0,0,52,1,0
E:\Siva_ood_projects\java-saml\core\src\main\java\com\onelogin\saml2\model\SubjectConfirmationIssue.java,com.onelogin.saml2.model.SubjectConfirmationIssue,class,1,3,2,1,6,1,0,5,0,0.0,0.0,0.0,2,1,2,0,0,0,2,0,0,0,2,0,0,2,0,0,2,0,0,25,1,1,1,0,0,5,4,5,1,5,2,0,0,0,20,1,0
E:\Siva_ood_projects\java-saml\core\src\test\java\com\onelogin\saml2\test\logout\LogoutRequestTest.java,com.onelogin.saml2.test.logout.LogoutRequestTest$Anonymous4,anonymous,2,2,0,2,1,1,0,3,0,0.0,NaN,NaN,1,0,0,0,1,0,1,0,0,0,0,0,0,0,0,0,0,0,0,8,1,0,0,0,0,1,0,0,0,0,0,0,0,0,12,-1,0
E:\Siva_ood_projects\java-saml\core\src\test\java\com\onelogin\saml2\test\logout\LogoutResponseTest.java,com.onelogin.saml2.test.logout.LogoutResponseTest,class,11,12,1,11,33,1,0,46,406,0.0,0.0,0.0,29,1,28,1,0,0,28,0,0,0,0,0,0,0,0,0,0,0,63,514,1,0,0,0,0,213,0,238,12,171,0,6,0,0,472,1,0
E:\Siva_ood_projects\java-saml\core\src\test\java\com\onelogin\saml2\test\logout\LogoutRequestTest.java,com.onelogin.saml2.test.logout.LogoutRequestTest$Anonymous3,anonymous,0,0,0,0,1,1,0,0,0,0.0,NaN,NaN,1,0,1,0,0,0,1,0,0,0,0,0,0,0,0,0,0,0,0,5,1,0,0,0,0,0,0,0,0,0,0,0,0,0,6,-1,0
E:\Siva_ood_projects\java-saml\core\src\main\java\com\onelogin\saml2\settings\SettingsBuilder.java,com.onelogin.saml2.settings.SettingsBuilder,class,8,21,13,8,139,1,0,132,314,0.95804125,0.24242425,0.42424244,33,0,7,21,5,0,12,0,0,0,65,63,62,3,0,0,63,0,12,527,42,5,62,6,9,79,7,172,5,169,4,0,0,2,304,1,10
E:\Siva_ood_projects\java-saml\core\src\test\java\com\onelogin\saml2\test\model\OrganizationTest.java,com.onelogin.saml2.test.model.OrganizationTest,class,2,2,0,2,2,1,0,8,1,0.0,0.0,0.0,2,0,2,0,0,0,2,0,0,0,0,0,0,0,0,0,0,0,0,68,0,0,0,0,0,78,0,20,0,20,0,0,0,0,31,1,0
E:\Siva_ood_projects\java-saml\toolkit\src\test\java\com\onelogin\saml2\test\AuthTest.java,com.onelogin.saml2.test.AuthTest,class,24,25,1,24,95,10,0,133,3210,0.9259259,0.0048685493,0.0048685493,81,0,79,2,0,0,79,0,0,0,1,0,1,0,0,0,0,0,127,1317,2,1,10,2,0,453,32,490,5,448,2,6,7,0,779,1,0
E:\Siva_ood_projects\java-saml\core\src\test\java\com\onelogin\saml2\test\NaiveUrlEncodeTest.java,com.onelogin.saml2.test.NaiveUrlEncodeTest,class,3,3,0,3,1,1,0,5,0,0.0,NaN,NaN,1,0,1,0,0,0,1,0,0,0,0,0,0,0,0,0,0,0,4,9,0,0,0,0,0,5,0,3,0,3,0,0,0,0,19,1,0
E:\Siva_ood_projects\java-saml\toolkit\src\test\java\com\onelogin\saml2\test\AuthTest.java,com.onelogin.saml2.test.AuthTest$Anonymous6,anonymous,4,4,0,4,1,1,0,0,0,0.0,NaN,NaN,1,0,1,0,0,0,1,0,0,0,0,0,0,0,0,0,0,0,0,5,1,0,0,0,0,0,0,0,0,0,0,0,0,0,10,-1,0
E:\Siva_ood_projects\java-saml\toolkit\src\main\java\com\onelogin\saml2\Auth.java,com.onelogin.saml2.Auth,class,21,23,2,21,103,1,0,97,1964,0.93797094,0.07901668,0.4543459,69,0,68,1,0,0,68,0,10,0,25,2,0,25,0,0,2,0,12,455,44,0,13,1,0,66,0,94,22,67,4,1,0,0,324,1,24
E:\Siva_ood_projects\java-saml\toolkit\src\test\java\com\onelogin\saml2\test\AuthTest.java,com.onelogin.saml2.test.AuthTest$Anonymous4,anonymous,4,4,0,4,1,1,0,0,0,0.0,NaN,NaN,1,0,1,0,0,0,1,0,0,0,0,0,0,0,0,0,0,0,0,5,1,0,0,0,0,0,0,0,0,0,0,0,0,0,10,-1,0
E:\Siva_ood_projects\java-saml\toolkit\src\test\java\com\onelogin\saml2\test\AuthTest.java,com.onelogin.saml2.test.AuthTest$Anonymous5,anonymous,4,4,0,4,1,1,0,0,0,0.0,NaN,NaN,1,0,1,0,0,0,1,0,0,0,0,0,0,0,0,0,0,0,0,5,1,0,0,0,0,0,0,0,0,0,0,0,0,0,9,-1,0
E:\Siva_ood_projects\java-saml\toolkit\src\test\java\com\onelogin\saml2\test\AuthTest.java,com.onelogin.saml2.test.AuthTest$Anonymous2,anonymous,4,4,0,4,1,1,0,0,0,0.0,NaN,NaN,1,0,1,0,0,0,1,0,0,0,0,0,0,0,0,0,0,0,0,5,1,0,0,0,0,0,0,0,0,0,0,0,0,0,10,-1,0
E:\Siva_ood_projects\java-saml\toolkit\src\test\java\com\onelogin\saml2\test\AuthTest.java,com.onelogin.saml2.test.AuthTest$Anonymous3,anonymous,4,4,0,4,1,1,0,0,0,0.0,NaN,NaN,1,0,1,0,0,0,1,0,0,0,0,0,0,0,0,0,0,0,0,5,1,0,0,0,0,0,0,0,0,0,0,0,0,0,9,-1,0
E:\Siva_ood_projects\java-saml\core\src\test\java\com\onelogin\saml2\util\DateTimeTestUtils.java,com.onelogin.saml2.util.DateTimeTestUtils,class,1,2,1,1,2,1,0,5,1,0.0,0.0,0.0,2,2,2,0,0,0,2,0,0,0,0,0,0,0,0,0,0,0,4,8,0,0,0,0,0,0,0,0,0,0,0,0,0,0,17,1,0
E:\Siva_ood_projects\java-saml\core\src\test\java\com\onelogin\saml2\test\model\SamlResponseStatusTest.java,com.onelogin.saml2.test.model.SamlResponseStatusTest,class,2,2,0,2,4,1,0,9,6,0.0,0.0,0.0,4,0,4,0,0,0,4,0,0,0,0,0,0,0,0,0,0,0,0,62,0,0,0,0,0,31,0,10,0,10,0,0,0,0,28,1,0
E:\Siva_ood_projects\java-saml\toolkit\src\test\java\com\onelogin\saml2\test\AuthTest.java,com.onelogin.saml2.test.AuthTest$Anonymous1,anonymous,4,4,0,4,1,1,0,0,0,0.0,NaN,NaN,1,0,1,0,0,0,1,0,0,0,0,0,0,0,0,0,0,0,0,5,1,0,0,0,0,0,0,0,0,0,0,0,0,0,8,-1,0
E:\Siva_ood_projects\java-saml\core\src\main\java\com\onelogin\saml2\authn\SamlResponse.java,com.onelogin.saml2.authn.SamlResponse,class,15,22,7,15,233,1,2,124,726,0.8795454,0.1126597,0.4076655,44,1,34,2,8,0,42,0,0,0,10,1,0,10,0,0,2,0,39,737,46,10,68,2,3,180,57,190,25,151,5,0,0,0,387,1,9
E:\Siva_ood_projects\java-saml\core\src\test\java\com\onelogin\saml2\test\settings\MetadataTest.java,com.onelogin.saml2.test.settings.MetadataTest$Anonymous1,anonymous,1,1,0,1,1,1,0,3,0,0.0,NaN,NaN,1,0,0,0,1,0,1,0,0,0,0,0,0,0,0,0,0,0,0,7,1,0,0,0,0,1,0,0,0,0,0,0,0,0,9,-1,0
E:\Siva_ood_projects\java-saml\core\src\main\java\com\onelogin\saml2\settings\IdPMetadataParser.java,com.onelogin.saml2.settings.IdPMetadataParser,class,11,13,2,11,39,1,0,27,43,0.8,0.022222223,0.022222223,10,10,10,0,0,0,10,0,0,0,1,1,0,1,0,0,1,0,18,126,10,2,9,2,2,26,20,32,8,27,6,0,0,0,135,1,2
E:\Siva_ood_projects\java-saml\core\src\main\java\com\onelogin\saml2\logout\LogoutResponseParams.java,com.onelogin.saml2.logout.LogoutResponseParams,class,2,11,9,2,8,1,0,2,0,0.42857146,0.5714286,0.71428573,7,0,6,0,1,0,7,0,0,0,2,0,0,2,0,0,2,0,0,28,2,0,1,0,0,1,0,4,0,2,1,0,0,0,63,1,0
E:\Siva_ood_projects\java-saml\core\src\test\java\com\onelogin\saml2\test\authn\AuthnResponseTest.java,com.onelogin.saml2.test.authn.AuthnResponseTest$Anonymous1,anonymous,3,3,0,3,2,1,0,8,0,0.0,NaN,NaN,1,0,1,0,0,0,1,0,0,0,0,0,0,0,0,0,0,0,0,15,0,0,0,1,0,2,0,2,0,2,1,0,0,0,20,-1,0
E:\Siva_ood_projects\java-saml\toolkit\src\main\java\com\onelogin\saml2\Auth.java,com.onelogin.saml2.Auth$Anonymous1,anonymous,0,0,0,0,0,1,0,0,0,0.0,-1.0,-1.0,0,0,0,0,0,0,0,0,0,0,0,0,0,0,0,0,0,0,0,2,0,0,0,0,0,0,0,0,0,0,0,0,0,0,0,-1,0
E:\Siva_ood_projects\java-saml\core\src\test\java\com\onelogin\saml2\test\settings\IdPMetadataParserTest.java,com.onelogin.saml2.test.settings.IdPMetadataParserTest,class,9,9,0,9,12,1,0,39,45,0.0,0.0,0.0,10,0,10,0,0,0,10,0,0,0,0,0,0,0,0,0,0,0,67,222,0,0,0,2,0,185,26,25,9,16,1,0,0,0,1137,1,0
E:\Siva_ood_projects\java-saml\core\src\main\java\com\onelogin\saml2\model\hsm\AzureKeyVault.java,com.onelogin.saml2.model.hsm.AzureKeyVault,class,10,12,2,10,8,2,0,21,4,0.6875,0.73333335,1.0,8,0,6,2,0,0,6,0,0,0,6,0,0,6,0,0,0,0,0,44,6,0,0,0,0,0,0,9,0,9,0,0,0,0,86,1,0
E:\Siva_ood_projects\java-saml\core\src\test\java\com\onelogin\saml2\http\HttpRequestTest.java,com.onelogin.saml2.http.HttpRequestTest,class,4,4,0,4,12,1,0,22,66,0.0,0.0,0.0,12,0,12,0,0,0,12,0,0,0,0,0,0,0,0,0,0,0,23,124,0,0,0,0,0,50,0,65,4,64,0,0,0,0,73,1,0
E:\Siva_ood_projects\java-saml\core\src\main\java\com\onelogin\saml2\exception\SAMLException.java,com.onelogin.saml2.exception.SAMLException,class,0,4,4,0,3,3,4,0,3,1.0,0.0,0.0,3,0,3,0,0,0,3,0,0,0,1,1,0,1,0,0,1,0,0,12,0,0,0,0,0,0,1,1,0,1,0,0,0,0,30,1,0
E:\Siva_ood_projects\java-saml\core\src\main\java\com\onelogin\saml2\http\HttpRequest.java,com.onelogin.saml2.http.HttpRequest,class,3,21,18,3,25,1,0,30,0,0.546875,0.63809526,0.74285716,16,1,15,1,0,0,15,0,0,0,4,1,1,3,0,0,4,0,18,86,15,1,5,0,1,10,2,14,3,14,1,0,0,0,112,17,0
E:\Siva_ood_projects\java-saml\core\src\main\java\com\onelogin\saml2\settings\Saml2Settings.java,com.onelogin.saml2.settings.Saml2Settings,class,11,48,37,11,156,1,0,66,5238,0.97978854,0.010677538,0.011454087,104,1,81,2,21,0,102,0,40,0,49,1,0,49,0,0,1,0,5,499,61,1,13,1,7,28,2,129,1,68,4,0,0,0,260,1,12
E:\Siva_ood_projects\java-saml\core\src\main\java\com\onelogin\saml2\util\Util.java,com.onelogin.saml2.util.Util,class,24,49,25,24,236,1,0,213,2420,0.9448052,0.09306409,0.09306409,77,76,65,10,0,2,68,0,0,0,8,8,3,5,0,0,6,0,104,1002,88,10,47,35,4,173,53,223,38,160,7,1,0,0,539,17,29
E:\Siva_ood_projects\java-saml\core\src\main\java\com\onelogin\saml2\model\Organization.java,com.onelogin.saml2.model.Organization,class,1,9,8,1,13,1,0,7,0,0.3888889,0.7777778,1.0,9,0,9,0,0,0,9,0,5,0,4,0,0,4,0,0,4,0,0,36,5,0,4,0,0,7,0,4,0,4,0,0,0,0,43,1,0
E:\Siva_ood_projects\java-saml\core\src\test\java\com\onelogin\saml2\test\logout\LogoutResponseTest.java,com.onelogin.saml2.test.logout.LogoutResponseTest$Anonymous6,anonymous,3,3,0,3,1,1,0,9,0,0.0,NaN,NaN,1,0,0,0,1,0,1,0,0,0,0,0,0,0,0,0,0,0,0,12,1,0,0,0,0,1,0,1,0,1,0,0,0,0,16,-1,0
E:\Siva_ood_projects\java-saml\core\src\test\java\com\onelogin\saml2\test\logout\LogoutResponseTest.java,com.onelogin.saml2.test.logout.LogoutResponseTest$Anonymous5,anonymous,2,2,0,2,1,1,0,3,0,0.0,NaN,NaN,1,0,0,0,1,0,1,0,0,0,0,0,0,0,0,0,0,0,0,8,1,0,0,0,0,1,0,0,0,0,0,0,0,0,12,-1,0
E:\Siva_ood_projects\java-saml\core\src\main\java\com\onelogin\saml2\exception\XMLEntityException.java,com.onelogin.saml2.exception.XMLEntityException,class,1,2,1,1,1,4,0,0,0,1.0,NaN,NaN,1,0,1,0,0,0,1,0,0,0,1,1,0,1,0,0,1,0,0,6,0,0,0,0,0,0,1,1,0,1,0,0,0,0,14,1,0
E:\Siva_ood_projects\java-saml\core\src\test\java\com\onelogin\saml2\test\util\UtilsTest.java,com.onelogin.saml2.test.util.UtilsTest,class,11,11,0,11,84,1,0,92,2926,0.987013,0.0,0.0,77,0,77,0,0,0,77,0,0,0,1,0,1,0,0,0,0,0,545,1002,0,1,2,1,0,543,72,452,16,450,1,0,0,0,680,1,0
E:\Siva_ood_projects\java-saml\toolkit\src\main\java\com\onelogin\saml2\servlet\ServletUtils.java,com.onelogin.saml2.servlet.ServletUtils,class,5,11,6,5,26,1,0,26,55,0.0,0.0,0.0,11,10,10,1,0,0,10,0,0,0,0,0,0,0,0,0,0,0,8,82,8,2,6,0,2,7,3,22,2,12,3,0,0,0,102,1,0
E:\Siva_ood_projects\java-saml\core\src\main\java\com\onelogin\saml2\util\Util.java,com.onelogin.saml2.util.Util$Anonymous1,anonymous,0,0,0,0,10,1,0,1,3,0.0,0.0,0.0,3,0,3,0,0,0,3,0,0,0,0,0,0,0,0,0,0,0,0,27,3,0,0,0,0,8,0,6,0,1,1,0,0,0,12,-1,0
E:\Siva_ood_projects\java-saml\core\src\main\java\com\onelogin\saml2\logout\LogoutResponse.java,com.onelogin.saml2.logout.LogoutResponse,class,15,24,9,15,83,1,4,81,137,0.821256,0.23333333,0.5,23,1,18,2,3,0,21,0,0,0,9,1,0,9,0,0,3,0,28,274,21,0,32,2,1,65,6,68,10,47,5,0,0,0,263,1,3
E:\Siva_ood_projects\java-saml\core\src\main\java\com\onelogin\saml2\model\KeyStoreSettings.java,com.onelogin.saml2.model.KeyStoreSettings,class,0,4,4,0,4,1,0,0,0,0.5,0.5,1.0,4,0,4,0,0,0,4,0,3,0,3,0,0,3,0,0,3,0,0,19,3,0,0,0,0,0,0,3,0,3,0,0,0,0,31,1,0
E:\Siva_ood_projects\java-saml\core\src\test\java\com\onelogin\saml2\test\NaiveUrlEncoder.java,com.onelogin.saml2.test.NaiveUrlEncoder,class,0,5,5,0,3,1,0,4,1,0.0,NaN,NaN,2,1,1,1,0,0,1,0,0,0,0,0,0,0,0,0,0,0,1,12,1,1,0,0,0,3,0,1,0,1,1,0,0,0,32,17,0
E:\Siva_ood_projects\java-saml\core\src\main\java\com\onelogin\saml2\model\RequestedAttribute.java,com.onelogin.saml2.model.RequestedAttribute,class,0,3,3,0,6,1,0,0,5,0.6666667,0.33333334,1.0,6,0,6,0,0,0,6,0,5,0,5,0,0,5,0,0,5,0,0,29,5,0,0,0,0,0,0,5,0,5,0,0,0,0,31,1,0
E:\Siva_ood_projects\java-saml\toolkit\src\test\java\com\onelogin\saml2\test\servlet\ServletUtilsTest.java,com.onelogin.saml2.test.servlet.ServletUtilsTest,class,6,6,0,6,12,1,0,35,66,0.0,0.0,0.0,12,0,12,0,0,0,12,0,0,0,0,0,0,0,0,0,0,0,37,151,0,0,0,0,0,88,4,38,1,37,0,0,0,0,91,1,0
E:\Siva_ood_projects\java-saml\toolkit\src\test\java\com\onelogin\saml2\test\AuthTest.java,com.onelogin.saml2.test.AuthTest$2LogoutRequestEx,innerclass,5,5,0,5,1,2,0,3,0,0.0,NaN,NaN,1,0,1,0,0,0,1,0,0,0,0,0,0,0,0,0,0,0,1,8,0,0,0,0,0,0,0,0,0,0,0,0,0,0,14,0,0
E:\Siva_ood_projects\java-saml\core\src\test\java\com\onelogin\saml2\test\settings\SettingBuilderTest.java,com.onelogin.saml2.test.settings.SettingBuilderTest,class,12,13,1,12,16,1,0,90,120,0.9375,0.0,0.0,16,0,15,1,0,0,15,0,0,0,1,0,1,0,0,0,0,0,22,735,1,0,0,0,0,394,64,77,24,74,0,0,0,0,633,1,0
E:\Siva_ood_projects\java-saml\toolkit\src\test\java\com\onelogin\saml2\test\AuthTest.java,com.onelogin.saml2.test.AuthTest$FactoryInvokedException,innerclass,0,0,0,0,0,4,0,0,0,0.0,-1.0,-1.0,0,0,0,0,0,0,0,0,0,0,0,0,0,0,0,0,0,0,0,2,0,0,0,0,0,0,0,0,0,0,0,0,0,0,4,10,0
E:\Siva_ood_projects\java-saml\core\src\main\java\com\onelogin\saml2\model\AttributeConsumingService.java,com.onelogin.saml2.model.AttributeConsumingService,class,1,3,2,1,7,1,0,1,0,0.53333336,0.5,1.0,5,0,5,0,0,0,5,0,4,0,3,0,0,3,0,0,3,0,0,22,3,0,2,0,0,2,0,3,0,3,0,0,0,0,30,1,0
E:\Siva_ood_projects\java-saml\core\src\main\java\com\onelogin\saml2\exception\SettingsException.java,com.onelogin.saml2.exception.SettingsException,class,1,8,7,1,2,4,0,0,0,0.875,1.0,1.0,2,0,2,0,0,0,2,0,0,0,8,7,6,2,0,0,7,0,0,17,1,0,0,0,0,0,7,8,0,8,0,0,0,0,32,1,0
E:\Siva_ood_projects\java-saml\core\src\main\java\com\onelogin\saml2\exception\Error.java,com.onelogin.saml2.exception.Error,class,1,5,4,1,2,4,0,0,0,0.8888889,1.0,1.0,2,0,2,0,0,0,2,0,0,0,9,8,7,2,0,0,8,0,0,18,1,0,0,0,0,0,8,9,0,9,0,0,0,0,27,1,0
E:\Siva_ood_projects\java-saml\core\src\main\java\com\onelogin\saml2\authn\AuthnRequestParams.java,com.onelogin.saml2.authn.AuthnRequestParams,class,1,10,9,1,10,1,0,5,0,0.48000002,0.6888889,1.0,10,0,9,0,1,0,10,0,0,0,5,0,0,5,0,0,5,0,0,45,5,0,0,0,0,0,0,10,0,5,0,0,0,0,69,1,0
E:\Siva_ood_projects\java-saml\core\src\main\java\com\onelogin\saml2\settings\Metadata.java,com.onelogin.saml2.settings.Metadata,class,12,16,4,12,44,1,0,67,83,0.82857144,0.33333334,0.47619048,15,3,6,8,1,0,7,0,1,0,7,3,0,7,0,0,6,0,37,207,12,4,17,0,0,99,3,57,25,46,5,0,0,2,227,1,3
E:\Siva_ood_projects\java-saml\core\src\main\java\com\onelogin\saml2\util\Preconditions.java,com.onelogin.saml2.util.Preconditions,class,1,2,1,1,3,1,0,0,1,0.0,NaN,NaN,2,1,1,1,0,0,1,0,0,0,0,0,0,0,0,0,0,0,0,12,1,0,1,0,0,0,0,0,0,0,1,0,0,0,20,17,0
E:\Siva_ood_projects\java-saml\core\src\test\java\com\onelogin\saml2\test\settings\MetadataTest.java,com.onelogin.saml2.test.settings.MetadataTest,class,11,12,1,11,27,1,0,35,351,0.0,0.0,0.0,27,0,25,2,0,0,25,0,0,0,0,0,0,0,0,0,0,0,28,414,2,0,0,0,0,160,9,211,4,205,0,1,0,0,199,1,0
E:\Siva_ood_projects\java-saml\core\src\main\java\com\onelogin\saml2\model\SamlResponseStatus.java,com.onelogin.saml2.model.SamlResponseStatus,class,0,10,10,0,10,1,0,2,8,0.6296296,0.3888889,0.6111111,9,0,9,0,0,0,9,0,0,0,3,0,0,3,0,0,0,0,0,33,4,0,1,0,0,0,0,6,0,3,0,0,0,0,32,1,0
E:\Siva_ood_projects\java-saml\core\src\main\java\com\onelogin\saml2\util\XMLErrorAccumulatorHandler.java,com.onelogin.saml2.util.XMLErrorAccumulatorHandler,class,5,7,2,5,5,2,0,6,0,0.2,1.0,1.0,5,0,5,0,0,0,5,0,0,0,2,0,0,2,0,0,2,0,1,22,2,0,0,0,3,3,0,2,3,2,0,0,0,0,21,1,3
E:\Siva_ood_projects\java-saml\core\src\main\java\com\onelogin\saml2\util\SchemaFactory.java,com.onelogin.saml2.util.SchemaFactory,class,3,5,2,3,2,1,0,5,1,0.6666667,NaN,NaN,2,1,1,1,0,0,1,0,0,0,3,3,2,1,0,0,3,0,1,66,1,0,0,0,0,2,0,4,0,4,0,1,0,0,50,1025,0
E:\Siva_ood_projects\java-saml\core\src\main\java\com\onelogin\saml2\util\Constants.java,com.onelogin.saml2.util.Constants,class,0,0,0,0,1,1,0,0,0,1.0,-1.0,-1.0,1,0,0,1,0,0,0,0,0,0,87,87,87,0,0,0,87,0,0,91,0,0,0,0,0,86,1,87,0,87,0,0,0,0,68,17,0
E:\Siva_ood_projects\java-saml\core\src\test\java\com\onelogin\saml2\test\authn\AuthnRequestTest.java,com.onelogin.saml2.test.authn.AuthnRequestTest$Anonymous1,anonymous,0,0,0,0,1,1,0,0,0,0.0,NaN,NaN,1,0,1,0,0,0,1,0,0,0,0,0,0,0,0,0,0,0,0,5,1,0,0,0,0,0,0,0,0,0,0,0,0,0,6,-1,0
E:\Siva_ood_projects\java-saml\core\src\main\java\com\onelogin\saml2\logout\LogoutRequest.java,com.onelogin.saml2.logout.LogoutRequest,class,13,22,9,13,118,1,4,90,662,0.87804884,0.079622135,0.18353577,41,23,37,2,2,0,39,0,0,0,8,1,1,7,0,0,4,0,59,400,37,1,37,3,2,69,11,102,9,68,5,0,0,0,259,1,4
E:\Siva_ood_projects\java-saml\core\src\test\java\com\onelogin\saml2\test\authn\AuthnRequestTest.java,com.onelogin.saml2.test.authn.AuthnRequestTest$Anonymous2,anonymous,0,0,0,0,1,1,0,0,0,0.0,NaN,NaN,1,0,1,0,0,0,1,0,0,0,0,0,0,0,0,0,0,0,0,5,1,0,0,0,0,0,0,0,0,0,0,0,0,0,6,-1,0
E:\Siva_ood_projects\java-saml\core\src\test\java\com\onelogin\saml2\test\authn\AuthnRequestTest.java,com.onelogin.saml2.test.authn.AuthnRequestTest$Anonymous3,anonymous,0,0,0,0,1,1,0,0,0,0.0,NaN,NaN,1,0,1,0,0,0,1,0,0,0,0,0,0,0,0,0,0,0,0,5,1,0,0,0,0,0,0,0,0,0,0,0,0,0,6,-1,0
E:\Siva_ood_projects\java-saml\toolkit\src\test\java\com\onelogin\saml2\test\AuthTest.java,com.onelogin.saml2.test.AuthTest$1AuthnRequestEx,innerclass,4,4,0,4,1,2,0,1,0,0.0,NaN,NaN,1,0,1,0,0,0,1,0,0,0,0,0,0,0,0,0,0,0,0,8,0,0,0,0,0,0,0,0,0,0,0,0,0,0,12,0,0
E:\Siva_ood_projects\java-saml\core\src\test\java\com\onelogin\saml2\test\authn\AuthnRequestTest.java,com.onelogin.saml2.test.authn.AuthnRequestTest$Anonymous4,anonymous,2,2,0,2,1,1,0,3,0,0.0,NaN,NaN,1,0,0,0,1,0,1,0,0,0,0,0,0,0,0,0,0,0,0,7,1,0,0,0,0,1,0,0,0,0,0,0,0,0,12,-1,0
E:\Siva_ood_projects\java-saml\core\src\test\java\com\onelogin\saml2\test\authn\AuthnRequestTest.java,com.onelogin.saml2.test.authn.AuthnRequestTest,class,6,6,0,6,20,1,0,22,153,0.0,0.0,0.0,18,0,18,0,0,0,18,0,0,0,0,0,0,0,0,0,0,0,44,340,0,0,0,0,0,133,0,156,2,75,0,4,0,0,105,1,0
E:\Siva_ood_projects\java-saml\toolkit\src\test\java\com\onelogin\saml2\test\AuthTest.java,com.onelogin.saml2.test.AuthTest$1LogoutResponseEx,innerclass,5,5,0,5,1,2,0,8,0,0.0,NaN,NaN,1,0,1,0,0,0,1,0,0,0,0,0,0,0,0,0,0,0,0,12,0,0,0,0,0,1,0,1,0,1,0,0,0,0,17,0,0
E:\Siva_ood_projects\java-saml\core\src\test\java\com\onelogin\saml2\test\logout\LogoutRequestTest.java,com.onelogin.saml2.test.logout.LogoutRequestTest,class,14,15,1,14,41,1,0,63,721,0.8717949,0.014224751,0.014224751,39,1,38,1,0,0,38,0,0,0,1,0,1,0,0,0,0,0,122,580,1,0,0,0,0,229,0,292,10,186,0,4,0,0,586,1,0
E:\Siva_ood_projects\java-saml\core\src\test\java\com\onelogin\saml2\test\logout\LogoutResponseTest.java,com.onelogin.saml2.test.logout.LogoutResponseTest$Anonymous4,anonymous,0,0,0,0,1,1,0,0,0,0.0,NaN,NaN,1,0,1,0,0,0,1,0,0,0,0,0,0,0,0,0,0,0,0,5,1,0,0,0,0,0,0,0,0,0,0,0,0,0,6,-1,0
E:\Siva_ood_projects\java-saml\core\src\test\java\com\onelogin\saml2\test\model\ContactTest.java,com.onelogin.saml2.test.model.ContactTest,class,2,2,0,2,1,1,0,4,0,0.0,NaN,NaN,1,0,1,0,0,0,1,0,0,0,0,0,0,0,0,0,0,0,0,16,0,0,0,0,0,15,0,3,0,3,0,0,0,0,11,1,0
E:\Siva_ood_projects\java-saml\core\src\main\java\com\onelogin\saml2\exception\ValidationError.java,com.onelogin.saml2.exception.ValidationError,class,1,9,8,1,2,4,0,0,0,0.9807692,1.0,1.0,2,0,2,0,0,0,2,0,0,0,52,51,50,2,0,0,51,0,0,61,1,0,0,0,0,0,51,52,0,52,0,0,0,0,36,1,0
E:\Siva_ood_projects\java-saml\core\src\test\java\com\onelogin\saml2\test\logout\LogoutResponseTest.java,com.onelogin.saml2.test.logout.LogoutResponseTest$Anonymous3,anonymous,0,0,0,0,1,1,0,0,0,0.0,NaN,NaN,1,0,1,0,0,0,1,0,0,0,0,0,0,0,0,0,0,0,0,5,1,0,0,0,0,0,0,0,0,0,0,0,0,0,6,-1,0
E:\Siva_ood_projects\java-saml\core\src\test\java\com\onelogin\saml2\test\logout\LogoutResponseTest.java,com.onelogin.saml2.test.logout.LogoutResponseTest$Anonymous2,anonymous,0,0,0,0,1,1,0,0,0,0.0,NaN,NaN,1,0,1,0,0,0,1,0,0,0,0,0,0,0,0,0,0,0,0,5,1,0,0,0,0,0,0,0,0,0,0,0,0,0,6,-1,0
E:\Siva_ood_projects\java-saml\core\src\test\java\com\onelogin\saml2\test\logout\LogoutResponseTest.java,com.onelogin.saml2.test.logout.LogoutResponseTest$Anonymous1,anonymous,0,0,0,0,1,1,0,0,0,0.0,NaN,NaN,1,0,1,0,0,0,1,0,0,0,0,0,0,0,0,0,0,0,0,5,1,0,0,0,0,0,0,0,0,0,0,0,0,0,6,-1,0
