file,class,method,variable,usage
E:\Siva_ood_projects\logstash-forwarder-java\src\main\java\info\fetter\logstashforwarder\protocol\LumberjackClient.java,info.fetter.logstashforwarder.protocol.LumberjackClient,"sendDataFrameInSocket/1[java.util.Map<java.lang.String,byte[]>]",output,1
E:\Siva_ood_projects\logstash-forwarder-java\src\main\java\info\fetter\logstashforwarder\protocol\LumberjackClient.java,info.fetter.logstashforwarder.protocol.LumberjackClient,"sendCompressedFrame/1[java.util.List<java.util.Map<java.lang.String,byte[]>>]",output,5
E:\Siva_ood_projects\logstash-forwarder-java\src\main\java\info\fetter\logstashforwarder\protocol\LumberjackClient.java,info.fetter.logstashforwarder.protocol.LumberjackClient,"sendCompressedFrame/1[java.util.List<java.util.Map<java.lang.String,byte[]>>]",PROTOCOL_VERSION,1
E:\Siva_ood_projects\logstash-forwarder-java\src\main\java\info\fetter\logstashforwarder\protocol\LumberjackClient.java,info.fetter.logstashforwarder.protocol.LumberjackClient,"sendCompressedFrame/1[java.util.List<java.util.Map<java.lang.String,byte[]>>]",logger,9
E:\Siva_ood_projects\logstash-forwarder-java\src\main\java\info\fetter\logstashforwarder\protocol\LumberjackClient.java,info.fetter.logstashforwarder.protocol.LumberjackClient,"sendCompressedFrame/1[java.util.List<java.util.Map<java.lang.String,byte[]>>]",FRAME_COMPRESSED,1
E:\Siva_ood_projects\logstash-forwarder-java\src\main\java\info\fetter\logstashforwarder\protocol\LumberjackClient.java,info.fetter.logstashforwarder.protocol.LumberjackClient,getServer/0,server,1
E:\Siva_ood_projects\logstash-forwarder-java\src\main\java\info\fetter\logstashforwarder\protocol\LumberjackClient.java,info.fetter.logstashforwarder.protocol.LumberjackClient,"LumberjackClient/4[java.lang.String,java.lang.String,int,int]",output,1
E:\Siva_ood_projects\logstash-forwarder-java\src\main\java\info\fetter\logstashforwarder\protocol\LumberjackClient.java,info.fetter.logstashforwarder.protocol.LumberjackClient,"LumberjackClient/4[java.lang.String,java.lang.String,int,int]",server,7
E:\Siva_ood_projects\logstash-forwarder-java\src\main\java\info\fetter\logstashforwarder\protocol\LumberjackClient.java,info.fetter.logstashforwarder.protocol.LumberjackClient,"LumberjackClient/4[java.lang.String,java.lang.String,int,int]",input,1
E:\Siva_ood_projects\logstash-forwarder-java\src\main\java\info\fetter\logstashforwarder\protocol\LumberjackClient.java,info.fetter.logstashforwarder.protocol.LumberjackClient,"LumberjackClient/4[java.lang.String,java.lang.String,int,int]",port,6
E:\Siva_ood_projects\logstash-forwarder-java\src\main\java\info\fetter\logstashforwarder\protocol\LumberjackClient.java,info.fetter.logstashforwarder.protocol.LumberjackClient,"LumberjackClient/4[java.lang.String,java.lang.String,int,int]",keyStore,3
E:\Siva_ood_projects\logstash-forwarder-java\src\main\java\info\fetter\logstashforwarder\protocol\LumberjackClient.java,info.fetter.logstashforwarder.protocol.LumberjackClient,"LumberjackClient/4[java.lang.String,java.lang.String,int,int]",logger,1
E:\Siva_ood_projects\logstash-forwarder-java\src\main\java\info\fetter\logstashforwarder\protocol\LumberjackClient.java,info.fetter.logstashforwarder.protocol.LumberjackClient,"LumberjackClient/4[java.lang.String,java.lang.String,int,int]",socket,4
E:\Siva_ood_projects\logstash-forwarder-java\src\main\java\info\fetter\logstashforwarder\protocol\LumberjackClient.java,info.fetter.logstashforwarder.protocol.LumberjackClient,"LumberjackClient/4[java.lang.String,java.lang.String,int,int]",sslSocket,5
E:\Siva_ood_projects\logstash-forwarder-java\src\main\java\info\fetter\logstashforwarder\protocol\LumberjackClient.java,info.fetter.logstashforwarder.protocol.LumberjackClient,getPort/0,port,1
E:\Siva_ood_projects\logstash-forwarder-java\src\main\java\info\fetter\logstashforwarder\protocol\LumberjackClient.java,info.fetter.logstashforwarder.protocol.LumberjackClient,sendWindowSizeFrame/1[int],output,4
E:\Siva_ood_projects\logstash-forwarder-java\src\main\java\info\fetter\logstashforwarder\protocol\LumberjackClient.java,info.fetter.logstashforwarder.protocol.LumberjackClient,sendWindowSizeFrame/1[int],PROTOCOL_VERSION,1
E:\Siva_ood_projects\logstash-forwarder-java\src\main\java\info\fetter\logstashforwarder\protocol\LumberjackClient.java,info.fetter.logstashforwarder.protocol.LumberjackClient,sendWindowSizeFrame/1[int],FRAME_WINDOW_SIZE,1
E:\Siva_ood_projects\logstash-forwarder-java\src\main\java\info\fetter\logstashforwarder\protocol\LumberjackClient.java,info.fetter.logstashforwarder.protocol.LumberjackClient,sendWindowSizeFrame/1[int],logger,2
E:\Siva_ood_projects\logstash-forwarder-java\src\main\java\info\fetter\logstashforwarder\protocol\LumberjackClient.java,info.fetter.logstashforwarder.protocol.LumberjackClient,close/0,server,1
E:\Siva_ood_projects\logstash-forwarder-java\src\main\java\info\fetter\logstashforwarder\protocol\LumberjackClient.java,info.fetter.logstashforwarder.protocol.LumberjackClient,close/0,port,1
E:\Siva_ood_projects\logstash-forwarder-java\src\main\java\info\fetter\logstashforwarder\protocol\LumberjackClient.java,info.fetter.logstashforwarder.protocol.LumberjackClient,close/0,logger,1
E:\Siva_ood_projects\logstash-forwarder-java\src\main\java\info\fetter\logstashforwarder\protocol\LumberjackClient.java,info.fetter.logstashforwarder.protocol.LumberjackClient,close/0,sslSocket,1
E:\Siva_ood_projects\logstash-forwarder-java\src\main\java\info\fetter\logstashforwarder\protocol\LumberjackClient.java,info.fetter.logstashforwarder.protocol.LumberjackClient,readAckFrame/0,input,3
E:\Siva_ood_projects\logstash-forwarder-java\src\main\java\info\fetter\logstashforwarder\protocol\LumberjackClient.java,info.fetter.logstashforwarder.protocol.LumberjackClient,readAckFrame/0,PROTOCOL_VERSION,1
E:\Siva_ood_projects\logstash-forwarder-java\src\main\java\info\fetter\logstashforwarder\protocol\LumberjackClient.java,info.fetter.logstashforwarder.protocol.LumberjackClient,readAckFrame/0,logger,2
E:\Siva_ood_projects\logstash-forwarder-java\src\main\java\info\fetter\logstashforwarder\protocol\LumberjackClient.java,info.fetter.logstashforwarder.protocol.LumberjackClient,readAckFrame/0,FRAME_ACK,1
E:\Siva_ood_projects\logstash-forwarder-java\src\main\java\info\fetter\logstashforwarder\protocol\LumberjackClient.java,info.fetter.logstashforwarder.protocol.LumberjackClient,"sendDataFrame/2[java.io.DataOutputStream,java.util.Map<java.lang.String,byte[]>]",output,10
E:\Siva_ood_projects\logstash-forwarder-java\src\main\java\info\fetter\logstashforwarder\protocol\LumberjackClient.java,info.fetter.logstashforwarder.protocol.LumberjackClient,"sendDataFrame/2[java.io.DataOutputStream,java.util.Map<java.lang.String,byte[]>]",sequence,1
E:\Siva_ood_projects\logstash-forwarder-java\src\main\java\info\fetter\logstashforwarder\protocol\LumberjackClient.java,info.fetter.logstashforwarder.protocol.LumberjackClient,"sendDataFrame/2[java.io.DataOutputStream,java.util.Map<java.lang.String,byte[]>]",PROTOCOL_VERSION,1
E:\Siva_ood_projects\logstash-forwarder-java\src\main\java\info\fetter\logstashforwarder\protocol\LumberjackClient.java,info.fetter.logstashforwarder.protocol.LumberjackClient,"sendDataFrame/2[java.io.DataOutputStream,java.util.Map<java.lang.String,byte[]>]",FRAME_DATA,1
E:\Siva_ood_projects\logstash-forwarder-java\src\main\java\info\fetter\logstashforwarder\protocol\LumberjackClient.java,info.fetter.logstashforwarder.protocol.LumberjackClient,sendEvents/1[java.util.List<info.fetter.logstashforwarder.Event>],sequence,3
E:\Siva_ood_projects\logstash-forwarder-java\src\main\java\info\fetter\logstashforwarder\protocol\LumberjackClient.java,info.fetter.logstashforwarder.protocol.LumberjackClient,sendEvents/1[java.util.List<info.fetter.logstashforwarder.Event>],logger,2
E:\Siva_ood_projects\logstash-forwarder-java\src\main\java\info\fetter\logstashforwarder\FileModificationListener.java,info.fetter.logstashforwarder.FileModificationListener,onFileCreate/1[java.io.File],watcher,1
E:\Siva_ood_projects\logstash-forwarder-java\src\main\java\info\fetter\logstashforwarder\FileModificationListener.java,info.fetter.logstashforwarder.FileModificationListener,onFileCreate/1[java.io.File],filter,1
E:\Siva_ood_projects\logstash-forwarder-java\src\main\java\info\fetter\logstashforwarder\FileModificationListener.java,info.fetter.logstashforwarder.FileModificationListener,onFileCreate/1[java.io.File],multiline,1
E:\Siva_ood_projects\logstash-forwarder-java\src\main\java\info\fetter\logstashforwarder\FileModificationListener.java,info.fetter.logstashforwarder.FileModificationListener,onFileCreate/1[java.io.File],fields,1
E:\Siva_ood_projects\logstash-forwarder-java\src\main\java\info\fetter\logstashforwarder\FileModificationListener.java,info.fetter.logstashforwarder.FileModificationListener,onFileChange/1[java.io.File],watcher,1
E:\Siva_ood_projects\logstash-forwarder-java\src\main\java\info\fetter\logstashforwarder\FileModificationListener.java,info.fetter.logstashforwarder.FileModificationListener,onFileChange/1[java.io.File],filter,1
E:\Siva_ood_projects\logstash-forwarder-java\src\main\java\info\fetter\logstashforwarder\FileModificationListener.java,info.fetter.logstashforwarder.FileModificationListener,onFileChange/1[java.io.File],multiline,1
E:\Siva_ood_projects\logstash-forwarder-java\src\main\java\info\fetter\logstashforwarder\FileModificationListener.java,info.fetter.logstashforwarder.FileModificationListener,onFileChange/1[java.io.File],fields,1
E:\Siva_ood_projects\logstash-forwarder-java\src\main\java\info\fetter\logstashforwarder\FileModificationListener.java,info.fetter.logstashforwarder.FileModificationListener,onFileDelete/1[java.io.File],watcher,1
E:\Siva_ood_projects\logstash-forwarder-java\src\main\java\info\fetter\logstashforwarder\FileModificationListener.java,info.fetter.logstashforwarder.FileModificationListener,"FileModificationListener/4[info.fetter.logstashforwarder.FileWatcher,info.fetter.logstashforwarder.Event,info.fetter.logstashforwarder.Multiline,info.fetter.logstashforwarder.Filter]",watcher,3
E:\Siva_ood_projects\logstash-forwarder-java\src\main\java\info\fetter\logstashforwarder\FileModificationListener.java,info.fetter.logstashforwarder.FileModificationListener,"FileModificationListener/4[info.fetter.logstashforwarder.FileWatcher,info.fetter.logstashforwarder.Event,info.fetter.logstashforwarder.Multiline,info.fetter.logstashforwarder.Filter]",filter,3
E:\Siva_ood_projects\logstash-forwarder-java\src\main\java\info\fetter\logstashforwarder\FileModificationListener.java,info.fetter.logstashforwarder.FileModificationListener,"FileModificationListener/4[info.fetter.logstashforwarder.FileWatcher,info.fetter.logstashforwarder.Event,info.fetter.logstashforwarder.Multiline,info.fetter.logstashforwarder.Filter]",multiline,3
E:\Siva_ood_projects\logstash-forwarder-java\src\main\java\info\fetter\logstashforwarder\FileModificationListener.java,info.fetter.logstashforwarder.FileModificationListener,"FileModificationListener/4[info.fetter.logstashforwarder.FileWatcher,info.fetter.logstashforwarder.Event,info.fetter.logstashforwarder.Multiline,info.fetter.logstashforwarder.Filter]",fields,3
E:\Siva_ood_projects\logstash-forwarder-java\src\main\java\info\fetter\logstashforwarder\config\Configuration.java,info.fetter.logstashforwarder.config.Configuration,getFiles/0,files,1
E:\Siva_ood_projects\logstash-forwarder-java\src\main\java\info\fetter\logstashforwarder\config\Configuration.java,info.fetter.logstashforwarder.config.Configuration,toString/0,files,1
E:\Siva_ood_projects\logstash-forwarder-java\src\main\java\info\fetter\logstashforwarder\config\Configuration.java,info.fetter.logstashforwarder.config.Configuration,toString/0,network,1
E:\Siva_ood_projects\logstash-forwarder-java\src\main\java\info\fetter\logstashforwarder\config\Configuration.java,info.fetter.logstashforwarder.config.Configuration,getNetwork/0,network,1
E:\Siva_ood_projects\logstash-forwarder-java\src\main\java\info\fetter\logstashforwarder\config\Configuration.java,info.fetter.logstashforwarder.config.Configuration,setNetwork/1[info.fetter.logstashforwarder.config.NetworkSection],network,3
E:\Siva_ood_projects\logstash-forwarder-java\src\main\java\info\fetter\logstashforwarder\config\Configuration.java,info.fetter.logstashforwarder.config.Configuration,setFiles/1[java.util.List<info.fetter.logstashforwarder.config.FilesSection>],files,3
E:\Siva_ood_projects\logstash-forwarder-java\src\main\java\info\fetter\logstashforwarder\FileWatcher.java,info.fetter.logstashforwarder.FileWatcher,printWatchMap/0,logger,3
E:\Siva_ood_projects\logstash-forwarder-java\src\main\java\info\fetter\logstashforwarder\FileWatcher.java,info.fetter.logstashforwarder.FileWatcher,printWatchMap/0,oldWatchMap,2
E:\Siva_ood_projects\logstash-forwarder-java\src\main\java\info\fetter\logstashforwarder\FileWatcher.java,info.fetter.logstashforwarder.FileWatcher,"onFileChange/4[java.io.File,info.fetter.logstashforwarder.Event,info.fetter.logstashforwarder.Multiline,info.fetter.logstashforwarder.Filter]",logger,2
E:\Siva_ood_projects\logstash-forwarder-java\src\main\java\info\fetter\logstashforwarder\FileWatcher.java,info.fetter.logstashforwarder.FileWatcher,"onFileChange/4[java.io.File,info.fetter.logstashforwarder.Event,info.fetter.logstashforwarder.Multiline,info.fetter.logstashforwarder.Filter]",newWatchMap,1
E:\Siva_ood_projects\logstash-forwarder-java\src\main\java\info\fetter\logstashforwarder\FileWatcher.java,info.fetter.logstashforwarder.FileWatcher,processModifications/0,logger,30
E:\Siva_ood_projects\logstash-forwarder-java\src\main\java\info\fetter\logstashforwarder\FileWatcher.java,info.fetter.logstashforwarder.FileWatcher,processModifications/0,newWatchMap,6
E:\Siva_ood_projects\logstash-forwarder-java\src\main\java\info\fetter\logstashforwarder\FileWatcher.java,info.fetter.logstashforwarder.FileWatcher,processModifications/0,oldWatchMap,6
E:\Siva_ood_projects\logstash-forwarder-java\src\main\java\info\fetter\logstashforwarder\FileWatcher.java,info.fetter.logstashforwarder.FileWatcher,setTail/1[boolean],tail,3
E:\Siva_ood_projects\logstash-forwarder-java\src\main\java\info\fetter\logstashforwarder\FileWatcher.java,info.fetter.logstashforwarder.FileWatcher,onFileDelete/1[java.io.File],logger,2
E:\Siva_ood_projects\logstash-forwarder-java\src\main\java\info\fetter\logstashforwarder\FileWatcher.java,info.fetter.logstashforwarder.FileWatcher,onFileDelete/1[java.io.File],oldWatchMap,1
E:\Siva_ood_projects\logstash-forwarder-java\src\main\java\info\fetter\logstashforwarder\FileWatcher.java,info.fetter.logstashforwarder.FileWatcher,checkFiles/0,logger,2
E:\Siva_ood_projects\logstash-forwarder-java\src\main\java\info\fetter\logstashforwarder\FileWatcher.java,info.fetter.logstashforwarder.FileWatcher,checkFiles/0,observerList,1
E:\Siva_ood_projects\logstash-forwarder-java\src\main\java\info\fetter\logstashforwarder\FileWatcher.java,info.fetter.logstashforwarder.FileWatcher,"addWildCardFiles/5[java.lang.String,info.fetter.logstashforwarder.Event,long,info.fetter.logstashforwarder.Multiline,info.fetter.logstashforwarder.Filter]",logger,2
E:\Siva_ood_projects\logstash-forwarder-java\src\main\java\info\fetter\logstashforwarder\FileWatcher.java,info.fetter.logstashforwarder.FileWatcher,"addFileToWatchMap/5[java.util.Map<java.io.File,info.fetter.logstashforwarder.FileState>,java.io.File,info.fetter.logstashforwarder.Event,info.fetter.logstashforwarder.Multiline,info.fetter.logstashforwarder.Filter]",logger,2
E:\Siva_ood_projects\logstash-forwarder-java\src\main\java\info\fetter\logstashforwarder\FileWatcher.java,info.fetter.logstashforwarder.FileWatcher,"addFileToWatchMap/5[java.util.Map<java.io.File,info.fetter.logstashforwarder.FileState>,java.io.File,info.fetter.logstashforwarder.Event,info.fetter.logstashforwarder.Multiline,info.fetter.logstashforwarder.Filter]",maxSignatureLength,2
E:\Siva_ood_projects\logstash-forwarder-java\src\main\java\info\fetter\logstashforwarder\FileWatcher.java,info.fetter.logstashforwarder.FileWatcher,"initializeWatchMap/5[java.io.File,info.fetter.logstashforwarder.IOFileFilter,info.fetter.logstashforwarder.Event,info.fetter.logstashforwarder.Multiline,info.fetter.logstashforwarder.Filter]",logger,1
E:\Siva_ood_projects\logstash-forwarder-java\src\main\java\info\fetter\logstashforwarder\FileWatcher.java,info.fetter.logstashforwarder.FileWatcher,"initializeWatchMap/5[java.io.File,info.fetter.logstashforwarder.IOFileFilter,info.fetter.logstashforwarder.Event,info.fetter.logstashforwarder.Multiline,info.fetter.logstashforwarder.Filter]",newWatchMap,1
E:\Siva_ood_projects\logstash-forwarder-java\src\main\java\info\fetter\logstashforwarder\FileWatcher.java,info.fetter.logstashforwarder.FileWatcher,"initializeWatchMap/5[java.io.File,info.fetter.logstashforwarder.IOFileFilter,info.fetter.logstashforwarder.Event,info.fetter.logstashforwarder.Multiline,info.fetter.logstashforwarder.Filter]",observerList,1
E:\Siva_ood_projects\logstash-forwarder-java\src\main\java\info\fetter\logstashforwarder\FileWatcher.java,info.fetter.logstashforwarder.FileWatcher,"onFileCreate/4[java.io.File,info.fetter.logstashforwarder.Event,info.fetter.logstashforwarder.Multiline,info.fetter.logstashforwarder.Filter]",logger,2
E:\Siva_ood_projects\logstash-forwarder-java\src\main\java\info\fetter\logstashforwarder\FileWatcher.java,info.fetter.logstashforwarder.FileWatcher,"onFileCreate/4[java.io.File,info.fetter.logstashforwarder.Event,info.fetter.logstashforwarder.Multiline,info.fetter.logstashforwarder.Filter]",newWatchMap,1
E:\Siva_ood_projects\logstash-forwarder-java\src\main\java\info\fetter\logstashforwarder\FileWatcher.java,info.fetter.logstashforwarder.FileWatcher,"addSingleFile/5[java.lang.String,info.fetter.logstashforwarder.Event,long,info.fetter.logstashforwarder.Multiline,info.fetter.logstashforwarder.Filter]",logger,1
E:\Siva_ood_projects\logstash-forwarder-java\src\main\java\info\fetter\logstashforwarder\FileWatcher.java,info.fetter.logstashforwarder.FileWatcher,close/0,logger,1
E:\Siva_ood_projects\logstash-forwarder-java\src\main\java\info\fetter\logstashforwarder\FileWatcher.java,info.fetter.logstashforwarder.FileWatcher,close/0,oldWatchMap,2
E:\Siva_ood_projects\logstash-forwarder-java\src\main\java\info\fetter\logstashforwarder\FileWatcher.java,info.fetter.logstashforwarder.FileWatcher,readFiles/1[info.fetter.logstashforwarder.FileReader],logger,2
E:\Siva_ood_projects\logstash-forwarder-java\src\main\java\info\fetter\logstashforwarder\FileWatcher.java,info.fetter.logstashforwarder.FileWatcher,readFiles/1[info.fetter.logstashforwarder.FileReader],oldWatchMap,2
E:\Siva_ood_projects\logstash-forwarder-java\src\main\java\info\fetter\logstashforwarder\FileWatcher.java,info.fetter.logstashforwarder.FileWatcher,readFiles/1[info.fetter.logstashforwarder.FileReader],sincedbFile,1
E:\Siva_ood_projects\logstash-forwarder-java\src\main\java\info\fetter\logstashforwarder\FileWatcher.java,info.fetter.logstashforwarder.FileWatcher,setMaxSignatureLength/1[int],maxSignatureLength,3
E:\Siva_ood_projects\logstash-forwarder-java\src\main\java\info\fetter\logstashforwarder\FileWatcher.java,info.fetter.logstashforwarder.FileWatcher,setSincedb/1[java.lang.String],logger,2
E:\Siva_ood_projects\logstash-forwarder-java\src\main\java\info\fetter\logstashforwarder\FileWatcher.java,info.fetter.logstashforwarder.FileWatcher,setSincedb/1[java.lang.String],savedStates,1
E:\Siva_ood_projects\logstash-forwarder-java\src\main\java\info\fetter\logstashforwarder\FileWatcher.java,info.fetter.logstashforwarder.FileWatcher,setSincedb/1[java.lang.String],sincedbFile,4
E:\Siva_ood_projects\logstash-forwarder-java\src\main\java\info\fetter\logstashforwarder\FileWatcher.java,info.fetter.logstashforwarder.FileWatcher,initialize/0,tail,1
E:\Siva_ood_projects\logstash-forwarder-java\src\main\java\info\fetter\logstashforwarder\FileWatcher.java,info.fetter.logstashforwarder.FileWatcher,initialize/0,logger,2
E:\Siva_ood_projects\logstash-forwarder-java\src\main\java\info\fetter\logstashforwarder\FileWatcher.java,info.fetter.logstashforwarder.FileWatcher,initialize/0,savedStates,2
E:\Siva_ood_projects\logstash-forwarder-java\src\main\java\info\fetter\logstashforwarder\FileWatcher.java,info.fetter.logstashforwarder.FileWatcher,initialize/0,oldWatchMap,2
E:\Siva_ood_projects\logstash-forwarder-java\src\main\java\info\fetter\logstashforwarder\FileWatcher.java,info.fetter.logstashforwarder.FileWatcher,readStdin/1[info.fetter.logstashforwarder.InputReader],stdinFields,1
E:\Siva_ood_projects\logstash-forwarder-java\src\main\java\info\fetter\logstashforwarder\FileWatcher.java,info.fetter.logstashforwarder.FileWatcher,readStdin/1[info.fetter.logstashforwarder.InputReader],stdinConfigured,1
E:\Siva_ood_projects\logstash-forwarder-java\src\main\java\info\fetter\logstashforwarder\FileWatcher.java,info.fetter.logstashforwarder.FileWatcher,readStdin/1[info.fetter.logstashforwarder.InputReader],logger,1
E:\Siva_ood_projects\logstash-forwarder-java\src\main\java\info\fetter\logstashforwarder\FileWatcher.java,info.fetter.logstashforwarder.FileWatcher,addStdIn/1[info.fetter.logstashforwarder.Event],stdinFields,1
E:\Siva_ood_projects\logstash-forwarder-java\src\main\java\info\fetter\logstashforwarder\FileWatcher.java,info.fetter.logstashforwarder.FileWatcher,addStdIn/1[info.fetter.logstashforwarder.Event],logger,1
E:\Siva_ood_projects\logstash-forwarder-java\src\main\java\info\fetter\logstashforwarder\FileWatcher.java,info.fetter.logstashforwarder.FileWatcher,addStdIn/1[info.fetter.logstashforwarder.Event],stdinConfigured,1
E:\Siva_ood_projects\logstash-forwarder-java\src\main\java\info\fetter\logstashforwarder\FileWatcher.java,info.fetter.logstashforwarder.FileWatcher,getMaxSignatureLength/0,maxSignatureLength,1
E:\Siva_ood_projects\logstash-forwarder-java\src\main\java\info\fetter\logstashforwarder\FileWatcher.java,info.fetter.logstashforwarder.FileWatcher,removeMarkedFilesFromWatchMap/0,logger,2
E:\Siva_ood_projects\logstash-forwarder-java\src\main\java\info\fetter\logstashforwarder\FileWatcher.java,info.fetter.logstashforwarder.FileWatcher,removeMarkedFilesFromWatchMap/0,oldWatchMap,3
E:\Siva_ood_projects\logstash-forwarder-java\src\test\java\info\fetter\logstashforwarder\FileWatcherTest.java,info.fetter.logstashforwarder.FileWatcherTest,testWildcardWatch/0,logger,1
E:\Siva_ood_projects\logstash-forwarder-java\src\test\java\info\fetter\logstashforwarder\FileWatcherTest.java,info.fetter.logstashforwarder.FileWatcherTest,testWildcardWatchMultiline/0,logger,1
E:\Siva_ood_projects\logstash-forwarder-java\src\test\java\info\fetter\logstashforwarder\MockProtocolAdapter.java,info.fetter.logstashforwarder.MockProtocolAdapter,getLastEvents/0,lastEvents,1
E:\Siva_ood_projects\logstash-forwarder-java\src\test\java\info\fetter\logstashforwarder\MockProtocolAdapter.java,info.fetter.logstashforwarder.MockProtocolAdapter,sendEvents/1[java.util.List<info.fetter.logstashforwarder.Event>],logger,2
E:\Siva_ood_projects\logstash-forwarder-java\src\test\java\info\fetter\logstashforwarder\MockProtocolAdapter.java,info.fetter.logstashforwarder.MockProtocolAdapter,sendEvents/1[java.util.List<info.fetter.logstashforwarder.Event>],lastEvents,1
E:\Siva_ood_projects\logstash-forwarder-java\src\main\java\info\fetter\logstashforwarder\Reader.java,info.fetter.logstashforwarder.Reader,"addEvent/4[java.lang.String,info.fetter.logstashforwarder.Event,long,java.lang.String]",hostname,1
E:\Siva_ood_projects\logstash-forwarder-java\src\main\java\info\fetter\logstashforwarder\Reader.java,info.fetter.logstashforwarder.Reader,"addEvent/4[java.lang.String,info.fetter.logstashforwarder.Event,long,java.lang.String]",eventList,1
E:\Siva_ood_projects\logstash-forwarder-java\src\main\java\info\fetter\logstashforwarder\Reader.java,info.fetter.logstashforwarder.Reader,setAdapter/1[info.fetter.logstashforwarder.ProtocolAdapter],adapter,3
E:\Siva_ood_projects\logstash-forwarder-java\src\main\java\info\fetter\logstashforwarder\Reader.java,info.fetter.logstashforwarder.Reader,Reader/1[int],eventList,1
E:\Siva_ood_projects\logstash-forwarder-java\src\main\java\info\fetter\logstashforwarder\Reader.java,info.fetter.logstashforwarder.Reader,Reader/1[int],spoolSize,4
E:\Siva_ood_projects\logstash-forwarder-java\src\main\java\info\fetter\logstashforwarder\Reader.java,info.fetter.logstashforwarder.Reader,"addEvent/4[java.lang.String,info.fetter.logstashforwarder.Event,long,byte[]]",hostname,1
E:\Siva_ood_projects\logstash-forwarder-java\src\main\java\info\fetter\logstashforwarder\Reader.java,info.fetter.logstashforwarder.Reader,"addEvent/4[java.lang.String,info.fetter.logstashforwarder.Event,long,byte[]]",eventList,1
E:\Siva_ood_projects\logstash-forwarder-java\src\main\java\info\fetter\logstashforwarder\Reader.java,info.fetter.logstashforwarder.Reader,getAdapter/0,adapter,1
E:\Siva_ood_projects\logstash-forwarder-java\src\main\java\info\fetter\logstashforwarder\FileState.java,info.fetter.logstashforwarder.FileState,getFields/0,fields,1
E:\Siva_ood_projects\logstash-forwarder-java\src\main\java\info\fetter\logstashforwarder\FileState.java,info.fetter.logstashforwarder.FileState,setChanged/1[boolean],changed,3
E:\Siva_ood_projects\logstash-forwarder-java\src\main\java\info\fetter\logstashforwarder\FileState.java,info.fetter.logstashforwarder.FileState,getSignature/0,signature,1
E:\Siva_ood_projects\logstash-forwarder-java\src\main\java\info\fetter\logstashforwarder\FileState.java,info.fetter.logstashforwarder.FileState,hasChanged/0,changed,1
E:\Siva_ood_projects\logstash-forwarder-java\src\main\java\info\fetter\logstashforwarder\FileState.java,info.fetter.logstashforwarder.FileState,getSignatureLength/0,signatureLength,1
E:\Siva_ood_projects\logstash-forwarder-java\src\main\java\info\fetter\logstashforwarder\FileState.java,info.fetter.logstashforwarder.FileState,getSize/0,size,1
E:\Siva_ood_projects\logstash-forwarder-java\src\main\java\info\fetter\logstashforwarder\FileState.java,info.fetter.logstashforwarder.FileState,toString/0,fileName,1
E:\Siva_ood_projects\logstash-forwarder-java\src\main\java\info\fetter\logstashforwarder\FileState.java,info.fetter.logstashforwarder.FileState,toString/0,pointer,1
E:\Siva_ood_projects\logstash-forwarder-java\src\main\java\info\fetter\logstashforwarder\FileState.java,info.fetter.logstashforwarder.FileState,toString/0,signature,1
E:\Siva_ood_projects\logstash-forwarder-java\src\main\java\info\fetter\logstashforwarder\FileState.java,info.fetter.logstashforwarder.FileState,toString/0,signatureLength,1
E:\Siva_ood_projects\logstash-forwarder-java\src\main\java\info\fetter\logstashforwarder\FileState.java,info.fetter.logstashforwarder.FileState,toString/0,directory,1
E:\Siva_ood_projects\logstash-forwarder-java\src\main\java\info\fetter\logstashforwarder\FileState.java,info.fetter.logstashforwarder.FileState,setDirectory/1[java.lang.String],fileName,1
E:\Siva_ood_projects\logstash-forwarder-java\src\main\java\info\fetter\logstashforwarder\FileState.java,info.fetter.logstashforwarder.FileState,setDirectory/1[java.lang.String],directory,4
E:\Siva_ood_projects\logstash-forwarder-java\src\main\java\info\fetter\logstashforwarder\FileState.java,info.fetter.logstashforwarder.FileState,isMatchedToNewFile/0,matchedToNewFile,1
E:\Siva_ood_projects\logstash-forwarder-java\src\main\java\info\fetter\logstashforwarder\FileState.java,info.fetter.logstashforwarder.FileState,setMatchedToNewFile/1[boolean],matchedToNewFile,3
E:\Siva_ood_projects\logstash-forwarder-java\src\main\java\info\fetter\logstashforwarder\FileState.java,info.fetter.logstashforwarder.FileState,getFileName/0,fileName,1
E:\Siva_ood_projects\logstash-forwarder-java\src\main\java\info\fetter\logstashforwarder\FileState.java,info.fetter.logstashforwarder.FileState,isDeleted/0,deleted,1
E:\Siva_ood_projects\logstash-forwarder-java\src\main\java\info\fetter\logstashforwarder\FileState.java,info.fetter.logstashforwarder.FileState,getMultiline/0,multiline,1
E:\Siva_ood_projects\logstash-forwarder-java\src\main\java\info\fetter\logstashforwarder\FileState.java,info.fetter.logstashforwarder.FileState,setFileFromDirectoryAndName/0,randomAccessFile,1
E:\Siva_ood_projects\logstash-forwarder-java\src\main\java\info\fetter\logstashforwarder\FileState.java,info.fetter.logstashforwarder.FileState,setFileFromDirectoryAndName/0,fileName,1
E:\Siva_ood_projects\logstash-forwarder-java\src\main\java\info\fetter\logstashforwarder\FileState.java,info.fetter.logstashforwarder.FileState,setFileFromDirectoryAndName/0,file,4
E:\Siva_ood_projects\logstash-forwarder-java\src\main\java\info\fetter\logstashforwarder\FileState.java,info.fetter.logstashforwarder.FileState,setFileFromDirectoryAndName/0,deleted,1
E:\Siva_ood_projects\logstash-forwarder-java\src\main\java\info\fetter\logstashforwarder\FileState.java,info.fetter.logstashforwarder.FileState,setFileFromDirectoryAndName/0,size,1
E:\Siva_ood_projects\logstash-forwarder-java\src\main\java\info\fetter\logstashforwarder\FileState.java,info.fetter.logstashforwarder.FileState,setFileFromDirectoryAndName/0,lastModified,2
E:\Siva_ood_projects\logstash-forwarder-java\src\main\java\info\fetter\logstashforwarder\FileState.java,info.fetter.logstashforwarder.FileState,setFileFromDirectoryAndName/0,directory,1
E:\Siva_ood_projects\logstash-forwarder-java\src\main\java\info\fetter\logstashforwarder\FileState.java,info.fetter.logstashforwarder.FileState,setDeleted/0,deleted,1
E:\Siva_ood_projects\logstash-forwarder-java\src\main\java\info\fetter\logstashforwarder\FileState.java,info.fetter.logstashforwarder.FileState,setFields/1[info.fetter.logstashforwarder.Event],fields,3
E:\Siva_ood_projects\logstash-forwarder-java\src\main\java\info\fetter\logstashforwarder\FileState.java,info.fetter.logstashforwarder.FileState,setMultiline/1[info.fetter.logstashforwarder.Multiline],multiline,3
E:\Siva_ood_projects\logstash-forwarder-java\src\main\java\info\fetter\logstashforwarder\FileState.java,info.fetter.logstashforwarder.FileState,getPointer/0,pointer,1
E:\Siva_ood_projects\logstash-forwarder-java\src\main\java\info\fetter\logstashforwarder\FileState.java,info.fetter.logstashforwarder.FileState,setPointer/1[long],pointer,3
E:\Siva_ood_projects\logstash-forwarder-java\src\main\java\info\fetter\logstashforwarder\FileState.java,info.fetter.logstashforwarder.FileState,FileState/1[java.io.File],randomAccessFile,1
E:\Siva_ood_projects\logstash-forwarder-java\src\main\java\info\fetter\logstashforwarder\FileState.java,info.fetter.logstashforwarder.FileState,FileState/1[java.io.File],fileName,1
E:\Siva_ood_projects\logstash-forwarder-java\src\main\java\info\fetter\logstashforwarder\FileState.java,info.fetter.logstashforwarder.FileState,FileState/1[java.io.File],file,8
E:\Siva_ood_projects\logstash-forwarder-java\src\main\java\info\fetter\logstashforwarder\FileState.java,info.fetter.logstashforwarder.FileState,FileState/1[java.io.File],size,1
E:\Siva_ood_projects\logstash-forwarder-java\src\main\java\info\fetter\logstashforwarder\FileState.java,info.fetter.logstashforwarder.FileState,FileState/1[java.io.File],lastModified,2
E:\Siva_ood_projects\logstash-forwarder-java\src\main\java\info\fetter\logstashforwarder\FileState.java,info.fetter.logstashforwarder.FileState,FileState/1[java.io.File],directory,1
E:\Siva_ood_projects\logstash-forwarder-java\src\main\java\info\fetter\logstashforwarder\FileState.java,info.fetter.logstashforwarder.FileState,setFileName/1[java.lang.String],fileName,4
E:\Siva_ood_projects\logstash-forwarder-java\src\main\java\info\fetter\logstashforwarder\FileState.java,info.fetter.logstashforwarder.FileState,setFileName/1[java.lang.String],directory,1
E:\Siva_ood_projects\logstash-forwarder-java\src\main\java\info\fetter\logstashforwarder\FileState.java,info.fetter.logstashforwarder.FileState,setSignatureLength/1[int],signatureLength,3
E:\Siva_ood_projects\logstash-forwarder-java\src\main\java\info\fetter\logstashforwarder\FileState.java,info.fetter.logstashforwarder.FileState,getDirectory/0,directory,1
E:\Siva_ood_projects\logstash-forwarder-java\src\main\java\info\fetter\logstashforwarder\FileState.java,info.fetter.logstashforwarder.FileState,getOldFileState/0,oldFileState,1
E:\Siva_ood_projects\logstash-forwarder-java\src\main\java\info\fetter\logstashforwarder\FileState.java,info.fetter.logstashforwarder.FileState,getLastModified/0,lastModified,1
E:\Siva_ood_projects\logstash-forwarder-java\src\main\java\info\fetter\logstashforwarder\FileState.java,info.fetter.logstashforwarder.FileState,getFile/0,file,1
E:\Siva_ood_projects\logstash-forwarder-java\src\main\java\info\fetter\logstashforwarder\FileState.java,info.fetter.logstashforwarder.FileState,getFilter/0,filter,1
E:\Siva_ood_projects\logstash-forwarder-java\src\main\java\info\fetter\logstashforwarder\FileState.java,info.fetter.logstashforwarder.FileState,setOldFileState/1[info.fetter.logstashforwarder.FileState],oldFileState,4
E:\Siva_ood_projects\logstash-forwarder-java\src\main\java\info\fetter\logstashforwarder\FileState.java,info.fetter.logstashforwarder.FileState,setSignature/1[long],signature,3
E:\Siva_ood_projects\logstash-forwarder-java\src\main\java\info\fetter\logstashforwarder\FileState.java,info.fetter.logstashforwarder.FileState,getRandomAccessFile/0,randomAccessFile,1
E:\Siva_ood_projects\logstash-forwarder-java\src\main\java\info\fetter\logstashforwarder\FileState.java,info.fetter.logstashforwarder.FileState,deleteOldFileState/0,oldFileState,2
E:\Siva_ood_projects\logstash-forwarder-java\src\main\java\info\fetter\logstashforwarder\FileState.java,info.fetter.logstashforwarder.FileState,setFilter/1[info.fetter.logstashforwarder.Filter],filter,3
E:\Siva_ood_projects\logstash-forwarder-java\src\main\java\info\fetter\logstashforwarder\Event.java,info.fetter.logstashforwarder.Event,getKeyValues/0,keyValues,1
E:\Siva_ood_projects\logstash-forwarder-java\src\main\java\info\fetter\logstashforwarder\Event.java,info.fetter.logstashforwarder.Event,Event/1[info.fetter.logstashforwarder.Event],keyValues,1
E:\Siva_ood_projects\logstash-forwarder-java\src\main\java\info\fetter\logstashforwarder\Event.java,info.fetter.logstashforwarder.Event,"addField/2[java.lang.String,long]",keyValues,1
E:\Siva_ood_projects\logstash-forwarder-java\src\main\java\info\fetter\logstashforwarder\Event.java,info.fetter.logstashforwarder.Event,getValue/1[java.lang.String],keyValues,1
E:\Siva_ood_projects\logstash-forwarder-java\src\main\java\info\fetter\logstashforwarder\Event.java,info.fetter.logstashforwarder.Event,"addField/2[java.lang.String,byte[]]",keyValues,1
E:\Siva_ood_projects\logstash-forwarder-java\src\main\java\info\fetter\logstashforwarder\Event.java,info.fetter.logstashforwarder.Event,"addField/2[java.lang.String,java.lang.String]",keyValues,1
E:\Siva_ood_projects\logstash-forwarder-java\src\main\java\info\fetter\logstashforwarder\util\KMPMatch.java,info.fetter.logstashforwarder.util.KMPMatch,computeFailure/1[byte[]],match,5
E:\Siva_ood_projects\logstash-forwarder-java\src\main\java\info\fetter\logstashforwarder\util\KMPMatch.java,info.fetter.logstashforwarder.util.KMPMatch,"indexOf/3[byte[],int,int]",failure,1
E:\Siva_ood_projects\logstash-forwarder-java\src\main\java\info\fetter\logstashforwarder\util\KMPMatch.java,info.fetter.logstashforwarder.util.KMPMatch,"indexOf/3[byte[],int,int]",match,2
E:\Siva_ood_projects\logstash-forwarder-java\src\main\java\info\fetter\logstashforwarder\util\KMPMatch.java,info.fetter.logstashforwarder.util.KMPMatch,KMPMatch/1[byte[]],failure,1
E:\Siva_ood_projects\logstash-forwarder-java\src\main\java\info\fetter\logstashforwarder\util\KMPMatch.java,info.fetter.logstashforwarder.util.KMPMatch,KMPMatch/1[byte[]],match,5
E:\Siva_ood_projects\logstash-forwarder-java\src\test\java\info\fetter\logstashforwarder\config\ConfigurationManagerTest.java,info.fetter.logstashforwarder.config.ConfigurationManagerTest,testReadConfig1/0,logger,5
E:\Siva_ood_projects\logstash-forwarder-java\src\main\java\info\fetter\logstashforwarder\config\FilesSection.java,info.fetter.logstashforwarder.config.FilesSection,getMultiline/0,multiline,1
E:\Siva_ood_projects\logstash-forwarder-java\src\main\java\info\fetter\logstashforwarder\config\FilesSection.java,info.fetter.logstashforwarder.config.FilesSection,setDeadTime/1[java.lang.String],deadTime,3
E:\Siva_ood_projects\logstash-forwarder-java\src\main\java\info\fetter\logstashforwarder\config\FilesSection.java,info.fetter.logstashforwarder.config.FilesSection,getFilter/0,filter,1
E:\Siva_ood_projects\logstash-forwarder-java\src\main\java\info\fetter\logstashforwarder\config\FilesSection.java,info.fetter.logstashforwarder.config.FilesSection,"setFilter/1[java.util.Map<java.lang.String,java.lang.String>]",filter,1
E:\Siva_ood_projects\logstash-forwarder-java\src\main\java\info\fetter\logstashforwarder\config\FilesSection.java,info.fetter.logstashforwarder.config.FilesSection,getPaths/0,paths,1
E:\Siva_ood_projects\logstash-forwarder-java\src\main\java\info\fetter\logstashforwarder\config\FilesSection.java,info.fetter.logstashforwarder.config.FilesSection,setPaths/1[java.util.List<java.lang.String>],paths,3
E:\Siva_ood_projects\logstash-forwarder-java\src\main\java\info\fetter\logstashforwarder\config\FilesSection.java,info.fetter.logstashforwarder.config.FilesSection,toString/0,filter,1
E:\Siva_ood_projects\logstash-forwarder-java\src\main\java\info\fetter\logstashforwarder\config\FilesSection.java,info.fetter.logstashforwarder.config.FilesSection,toString/0,paths,1
E:\Siva_ood_projects\logstash-forwarder-java\src\main\java\info\fetter\logstashforwarder\config\FilesSection.java,info.fetter.logstashforwarder.config.FilesSection,toString/0,multiline,1
E:\Siva_ood_projects\logstash-forwarder-java\src\main\java\info\fetter\logstashforwarder\config\FilesSection.java,info.fetter.logstashforwarder.config.FilesSection,toString/0,deadTime,1
E:\Siva_ood_projects\logstash-forwarder-java\src\main\java\info\fetter\logstashforwarder\config\FilesSection.java,info.fetter.logstashforwarder.config.FilesSection,toString/0,fields,1
E:\Siva_ood_projects\logstash-forwarder-java\src\main\java\info\fetter\logstashforwarder\config\FilesSection.java,info.fetter.logstashforwarder.config.FilesSection,getFields/0,fields,1
E:\Siva_ood_projects\logstash-forwarder-java\src\main\java\info\fetter\logstashforwarder\config\FilesSection.java,info.fetter.logstashforwarder.config.FilesSection,"setMultiline/1[java.util.Map<java.lang.String,java.lang.String>]",multiline,1
E:\Siva_ood_projects\logstash-forwarder-java\src\main\java\info\fetter\logstashforwarder\config\FilesSection.java,info.fetter.logstashforwarder.config.FilesSection,"setFields/1[java.util.Map<java.lang.String,java.lang.String>]",fields,3
E:\Siva_ood_projects\logstash-forwarder-java\src\main\java\info\fetter\logstashforwarder\config\FilesSection.java,info.fetter.logstashforwarder.config.FilesSection,getDeadTime/0,deadTime,1
E:\Siva_ood_projects\logstash-forwarder-java\src\main\java\info\fetter\logstashforwarder\config\FilesSection.java,info.fetter.logstashforwarder.config.FilesSection,getDeadTimeInSeconds/0,deadTime,3
E:\Siva_ood_projects\logstash-forwarder-java\src\main\java\info\fetter\logstashforwarder\Filter.java,info.fetter.logstashforwarder.Filter,Filter/1[info.fetter.logstashforwarder.Filter],negate,1
E:\Siva_ood_projects\logstash-forwarder-java\src\main\java\info\fetter\logstashforwarder\Filter.java,info.fetter.logstashforwarder.Filter,Filter/1[info.fetter.logstashforwarder.Filter],pattern,1
E:\Siva_ood_projects\logstash-forwarder-java\src\main\java\info\fetter\logstashforwarder\Filter.java,info.fetter.logstashforwarder.Filter,getPattern/0,pattern,1
E:\Siva_ood_projects\logstash-forwarder-java\src\main\java\info\fetter\logstashforwarder\Filter.java,info.fetter.logstashforwarder.Filter,toString/0,negate,1
E:\Siva_ood_projects\logstash-forwarder-java\src\main\java\info\fetter\logstashforwarder\Filter.java,info.fetter.logstashforwarder.Filter,toString/0,pattern,1
E:\Siva_ood_projects\logstash-forwarder-java\src\main\java\info\fetter\logstashforwarder\Filter.java,info.fetter.logstashforwarder.Filter,accept/1[java.lang.String],negate,1
E:\Siva_ood_projects\logstash-forwarder-java\src\main\java\info\fetter\logstashforwarder\Filter.java,info.fetter.logstashforwarder.Filter,accept/1[java.lang.String],pattern,1
E:\Siva_ood_projects\logstash-forwarder-java\src\main\java\info\fetter\logstashforwarder\Filter.java,info.fetter.logstashforwarder.Filter,"Filter/1[java.util.Map<java.lang.String,java.lang.String>]",negate,1
E:\Siva_ood_projects\logstash-forwarder-java\src\main\java\info\fetter\logstashforwarder\Filter.java,info.fetter.logstashforwarder.Filter,"Filter/1[java.util.Map<java.lang.String,java.lang.String>]",pattern,1
E:\Siva_ood_projects\logstash-forwarder-java\src\main\java\info\fetter\logstashforwarder\Filter.java,info.fetter.logstashforwarder.Filter,isNegate/0,negate,1
E:\Siva_ood_projects\logstash-forwarder-java\src\main\java\info\fetter\logstashforwarder\Filter.java,info.fetter.logstashforwarder.Filter,accept/1[byte[]],charset,2
E:\Siva_ood_projects\logstash-forwarder-java\src\main\java\info\fetter\logstashforwarder\FileReader.java,info.fetter.logstashforwarder.FileReader,"readFile/2[info.fetter.logstashforwarder.FileState,int]",pointerMap,1
E:\Siva_ood_projects\logstash-forwarder-java\src\main\java\info\fetter\logstashforwarder\FileReader.java,info.fetter.logstashforwarder.FileReader,"readFile/2[info.fetter.logstashforwarder.FileState,int]",logger,8
E:\Siva_ood_projects\logstash-forwarder-java\src\main\java\info\fetter\logstashforwarder\FileReader.java,info.fetter.logstashforwarder.FileReader,readFiles/1[java.util.Collection<info.fetter.logstashforwarder.FileState>],pointerMap,2
E:\Siva_ood_projects\logstash-forwarder-java\src\main\java\info\fetter\logstashforwarder\FileReader.java,info.fetter.logstashforwarder.FileReader,readFiles/1[java.util.Collection<info.fetter.logstashforwarder.FileState>],logger,2
E:\Siva_ood_projects\logstash-forwarder-java\src\main\java\info\fetter\logstashforwarder\FileReader.java,info.fetter.logstashforwarder.FileReader,"readLines/2[info.fetter.logstashforwarder.FileState,int]",logger,6
E:\Siva_ood_projects\logstash-forwarder-java\src\main\java\info\fetter\logstashforwarder\FileReader.java,info.fetter.logstashforwarder.FileReader,"readLines/2[info.fetter.logstashforwarder.FileState,int]",bufferedLines,15
E:\Siva_ood_projects\logstash-forwarder-java\src\main\java\info\fetter\logstashforwarder\FileReader.java,info.fetter.logstashforwarder.FileReader,isCompressedFile/1[info.fetter.logstashforwarder.FileState],logger,2
E:\Siva_ood_projects\logstash-forwarder-java\src\main\java\info\fetter\logstashforwarder\FileReader.java,info.fetter.logstashforwarder.FileReader,isCompressedFile/1[info.fetter.logstashforwarder.FileState],MAGICS,1
E:\Siva_ood_projects\logstash-forwarder-java\src\main\java\info\fetter\logstashforwarder\config\NetworkSection.java,info.fetter.logstashforwarder.config.NetworkSection,getServers/0,servers,1
E:\Siva_ood_projects\logstash-forwarder-java\src\main\java\info\fetter\logstashforwarder\config\NetworkSection.java,info.fetter.logstashforwarder.config.NetworkSection,setSslCA/1[java.lang.String],sslCA,3
E:\Siva_ood_projects\logstash-forwarder-java\src\main\java\info\fetter\logstashforwarder\config\NetworkSection.java,info.fetter.logstashforwarder.config.NetworkSection,toString/0,sslCA,1
E:\Siva_ood_projects\logstash-forwarder-java\src\main\java\info\fetter\logstashforwarder\config\NetworkSection.java,info.fetter.logstashforwarder.config.NetworkSection,toString/0,servers,1
E:\Siva_ood_projects\logstash-forwarder-java\src\main\java\info\fetter\logstashforwarder\config\NetworkSection.java,info.fetter.logstashforwarder.config.NetworkSection,toString/0,sslCertificate,1
E:\Siva_ood_projects\logstash-forwarder-java\src\main\java\info\fetter\logstashforwarder\config\NetworkSection.java,info.fetter.logstashforwarder.config.NetworkSection,toString/0,timeout,1
E:\Siva_ood_projects\logstash-forwarder-java\src\main\java\info\fetter\logstashforwarder\config\NetworkSection.java,info.fetter.logstashforwarder.config.NetworkSection,getSslCA/0,sslCA,1
E:\Siva_ood_projects\logstash-forwarder-java\src\main\java\info\fetter\logstashforwarder\config\NetworkSection.java,info.fetter.logstashforwarder.config.NetworkSection,setSslCertificate/1[java.lang.String],sslCertificate,3
E:\Siva_ood_projects\logstash-forwarder-java\src\main\java\info\fetter\logstashforwarder\config\NetworkSection.java,info.fetter.logstashforwarder.config.NetworkSection,setSslKey/1[java.lang.String],sslKey,3
E:\Siva_ood_projects\logstash-forwarder-java\src\main\java\info\fetter\logstashforwarder\config\NetworkSection.java,info.fetter.logstashforwarder.config.NetworkSection,setTimeout/1[int],timeout,3
E:\Siva_ood_projects\logstash-forwarder-java\src\main\java\info\fetter\logstashforwarder\config\NetworkSection.java,info.fetter.logstashforwarder.config.NetworkSection,setServers/1[java.util.List<java.lang.String>],servers,3
E:\Siva_ood_projects\logstash-forwarder-java\src\main\java\info\fetter\logstashforwarder\config\NetworkSection.java,info.fetter.logstashforwarder.config.NetworkSection,getTimeout/0,timeout,1
E:\Siva_ood_projects\logstash-forwarder-java\src\main\java\info\fetter\logstashforwarder\config\NetworkSection.java,info.fetter.logstashforwarder.config.NetworkSection,getSslKey/0,sslKey,1
E:\Siva_ood_projects\logstash-forwarder-java\src\main\java\info\fetter\logstashforwarder\config\NetworkSection.java,info.fetter.logstashforwarder.config.NetworkSection,getSslCertificate/0,sslCertificate,1
E:\Siva_ood_projects\logstash-forwarder-java\src\main\java\info\fetter\logstashforwarder\InputReader.java,info.fetter.logstashforwarder.InputReader,readLine/0,reader,2
E:\Siva_ood_projects\logstash-forwarder-java\src\main\java\info\fetter\logstashforwarder\InputReader.java,info.fetter.logstashforwarder.InputReader,readLine/0,position,1
E:\Siva_ood_projects\logstash-forwarder-java\src\main\java\info\fetter\logstashforwarder\InputReader.java,info.fetter.logstashforwarder.InputReader,"InputReader/2[int,java.io.InputStream]",reader,1
E:\Siva_ood_projects\logstash-forwarder-java\src\main\java\info\fetter\logstashforwarder\InputReader.java,info.fetter.logstashforwarder.InputReader,readInput/0,logger,1
E:\Siva_ood_projects\logstash-forwarder-java\src\main\java\info\fetter\logstashforwarder\InputReader.java,info.fetter.logstashforwarder.InputReader,readLines/0,position,2
E:\Siva_ood_projects\logstash-forwarder-java\src\main\java\info\fetter\logstashforwarder\InputReader.java,info.fetter.logstashforwarder.InputReader,readLines/0,fields,1
E:\Siva_ood_projects\logstash-forwarder-java\src\main\java\info\fetter\logstashforwarder\InputReader.java,info.fetter.logstashforwarder.InputReader,setFields/1[info.fetter.logstashforwarder.Event],fields,3
E:\Siva_ood_projects\logstash-forwarder-java\src\test\java\info\fetter\logstashforwarder\RegistrarTest.java,info.fetter.logstashforwarder.RegistrarTest,testWriteState2/0,logger,1
E:\Siva_ood_projects\logstash-forwarder-java\src\test\java\info\fetter\logstashforwarder\RegistrarTest.java,info.fetter.logstashforwarder.RegistrarTest,testReadState1/0,logger,1
E:\Siva_ood_projects\logstash-forwarder-java\src\main\java\info\fetter\logstashforwarder\Registrar.java,info.fetter.logstashforwarder.Registrar,"writeStateToJson/2[java.io.File,java.util.Collection<info.fetter.logstashforwarder.FileState>]",mapper,1
E:\Siva_ood_projects\logstash-forwarder-java\src\main\java\info\fetter\logstashforwarder\Registrar.java,info.fetter.logstashforwarder.Registrar,readStateFromJson/1[java.io.File],mapper,1
E:\Siva_ood_projects\logstash-forwarder-java\src\main\java\info\fetter\logstashforwarder\FileSigner.java,info.fetter.logstashforwarder.FileSigner,"computeSignature/2[info.fetter.logstashforwarder.util.RandomAccessFile,int]",adler32,3
E:\Siva_ood_projects\logstash-forwarder-java\src\main\java\info\fetter\logstashforwarder\Forwarder.java,info.fetter.logstashforwarder.Forwarder,infiniteLoop/0,watcher,3
E:\Siva_ood_projects\logstash-forwarder-java\src\main\java\info\fetter\logstashforwarder\Forwarder.java,info.fetter.logstashforwarder.Forwarder,infiniteLoop/0,networkTimeout,1
E:\Siva_ood_projects\logstash-forwarder-java\src\main\java\info\fetter\logstashforwarder\Forwarder.java,info.fetter.logstashforwarder.Forwarder,infiniteLoop/0,idleTimeout,1
E:\Siva_ood_projects\logstash-forwarder-java\src\main\java\info\fetter\logstashforwarder\Forwarder.java,info.fetter.logstashforwarder.Forwarder,infiniteLoop/0,logger,1
E:\Siva_ood_projects\logstash-forwarder-java\src\main\java\info\fetter\logstashforwarder\Forwarder.java,info.fetter.logstashforwarder.Forwarder,infiniteLoop/0,spoolSize,2
E:\Siva_ood_projects\logstash-forwarder-java\src\main\java\info\fetter\logstashforwarder\Forwarder.java,info.fetter.logstashforwarder.Forwarder,infiniteLoop/0,fileReader,1
E:\Siva_ood_projects\logstash-forwarder-java\src\main\java\info\fetter\logstashforwarder\Forwarder.java,info.fetter.logstashforwarder.Forwarder,infiniteLoop/0,inputReader,1
E:\Siva_ood_projects\logstash-forwarder-java\src\main\java\info\fetter\logstashforwarder\Forwarder.java,info.fetter.logstashforwarder.Forwarder,parseOptions/1[java.lang.String[]],debugWatcherSelected,1
E:\Siva_ood_projects\logstash-forwarder-java\src\main\java\info\fetter\logstashforwarder\Forwarder.java,info.fetter.logstashforwarder.Forwarder,parseOptions/1[java.lang.String[]],logfileNumber,1
E:\Siva_ood_projects\logstash-forwarder-java\src\main\java\info\fetter\logstashforwarder\Forwarder.java,info.fetter.logstashforwarder.Forwarder,parseOptions/1[java.lang.String[]],logLevel,3
E:\Siva_ood_projects\logstash-forwarder-java\src\main\java\info\fetter\logstashforwarder\Forwarder.java,info.fetter.logstashforwarder.Forwarder,parseOptions/1[java.lang.String[]],logfileSize,1
E:\Siva_ood_projects\logstash-forwarder-java\src\main\java\info\fetter\logstashforwarder\Forwarder.java,info.fetter.logstashforwarder.Forwarder,parseOptions/1[java.lang.String[]],logfile,1
E:\Siva_ood_projects\logstash-forwarder-java\src\main\java\info\fetter\logstashforwarder\Forwarder.java,info.fetter.logstashforwarder.Forwarder,parseOptions/1[java.lang.String[]],idleTimeout,1
E:\Siva_ood_projects\logstash-forwarder-java\src\main\java\info\fetter\logstashforwarder\Forwarder.java,info.fetter.logstashforwarder.Forwarder,parseOptions/1[java.lang.String[]],signatureLength,1
E:\Siva_ood_projects\logstash-forwarder-java\src\main\java\info\fetter\logstashforwarder\Forwarder.java,info.fetter.logstashforwarder.Forwarder,parseOptions/1[java.lang.String[]],spoolSize,1
E:\Siva_ood_projects\logstash-forwarder-java\src\main\java\info\fetter\logstashforwarder\Forwarder.java,info.fetter.logstashforwarder.Forwarder,parseOptions/1[java.lang.String[]],sincedbFile,1
E:\Siva_ood_projects\logstash-forwarder-java\src\main\java\info\fetter\logstashforwarder\Forwarder.java,info.fetter.logstashforwarder.Forwarder,parseOptions/1[java.lang.String[]],config,1
E:\Siva_ood_projects\logstash-forwarder-java\src\main\java\info\fetter\logstashforwarder\Forwarder.java,info.fetter.logstashforwarder.Forwarder,parseOptions/1[java.lang.String[]],tailSelected,1
E:\Siva_ood_projects\logstash-forwarder-java\src\main\java\info\fetter\logstashforwarder\Forwarder.java,info.fetter.logstashforwarder.Forwarder,setupLogging/0,debugWatcherSelected,1
E:\Siva_ood_projects\logstash-forwarder-java\src\main\java\info\fetter\logstashforwarder\Forwarder.java,info.fetter.logstashforwarder.Forwarder,setupLogging/0,logfileNumber,1
E:\Siva_ood_projects\logstash-forwarder-java\src\main\java\info\fetter\logstashforwarder\Forwarder.java,info.fetter.logstashforwarder.Forwarder,setupLogging/0,logLevel,1
E:\Siva_ood_projects\logstash-forwarder-java\src\main\java\info\fetter\logstashforwarder\Forwarder.java,info.fetter.logstashforwarder.Forwarder,setupLogging/0,logfileSize,1
E:\Siva_ood_projects\logstash-forwarder-java\src\main\java\info\fetter\logstashforwarder\Forwarder.java,info.fetter.logstashforwarder.Forwarder,setupLogging/0,logfile,2
E:\Siva_ood_projects\logstash-forwarder-java\src\main\java\info\fetter\logstashforwarder\Forwarder.java,info.fetter.logstashforwarder.Forwarder,connectToServer/0,networkTimeout,3
E:\Siva_ood_projects\logstash-forwarder-java\src\main\java\info\fetter\logstashforwarder\Forwarder.java,info.fetter.logstashforwarder.Forwarder,connectToServer/0,random,1
E:\Siva_ood_projects\logstash-forwarder-java\src\main\java\info\fetter\logstashforwarder\Forwarder.java,info.fetter.logstashforwarder.Forwarder,connectToServer/0,adapter,9
E:\Siva_ood_projects\logstash-forwarder-java\src\main\java\info\fetter\logstashforwarder\Forwarder.java,info.fetter.logstashforwarder.Forwarder,connectToServer/0,logger,6
E:\Siva_ood_projects\logstash-forwarder-java\src\main\java\info\fetter\logstashforwarder\Forwarder.java,info.fetter.logstashforwarder.Forwarder,connectToServer/0,fileReader,1
E:\Siva_ood_projects\logstash-forwarder-java\src\main\java\info\fetter\logstashforwarder\Forwarder.java,info.fetter.logstashforwarder.Forwarder,connectToServer/0,configManager,3
E:\Siva_ood_projects\logstash-forwarder-java\src\main\java\info\fetter\logstashforwarder\Forwarder.java,info.fetter.logstashforwarder.Forwarder,connectToServer/0,inputReader,1
E:\Siva_ood_projects\logstash-forwarder-java\src\main\java\info\fetter\logstashforwarder\Forwarder.java,info.fetter.logstashforwarder.Forwarder,main/1[java.lang.String[]],watcher,6
E:\Siva_ood_projects\logstash-forwarder-java\src\main\java\info\fetter\logstashforwarder\Forwarder.java,info.fetter.logstashforwarder.Forwarder,main/1[java.lang.String[]],signatureLength,1
E:\Siva_ood_projects\logstash-forwarder-java\src\main\java\info\fetter\logstashforwarder\Forwarder.java,info.fetter.logstashforwarder.Forwarder,main/1[java.lang.String[]],spoolSize,2
E:\Siva_ood_projects\logstash-forwarder-java\src\main\java\info\fetter\logstashforwarder\Forwarder.java,info.fetter.logstashforwarder.Forwarder,main/1[java.lang.String[]],sincedbFile,1
E:\Siva_ood_projects\logstash-forwarder-java\src\main\java\info\fetter\logstashforwarder\Forwarder.java,info.fetter.logstashforwarder.Forwarder,main/1[java.lang.String[]],fileReader,1
E:\Siva_ood_projects\logstash-forwarder-java\src\main\java\info\fetter\logstashforwarder\Forwarder.java,info.fetter.logstashforwarder.Forwarder,main/1[java.lang.String[]],configManager,3
E:\Siva_ood_projects\logstash-forwarder-java\src\main\java\info\fetter\logstashforwarder\Forwarder.java,info.fetter.logstashforwarder.Forwarder,main/1[java.lang.String[]],config,1
E:\Siva_ood_projects\logstash-forwarder-java\src\main\java\info\fetter\logstashforwarder\Forwarder.java,info.fetter.logstashforwarder.Forwarder,main/1[java.lang.String[]],tailSelected,1
E:\Siva_ood_projects\logstash-forwarder-java\src\main\java\info\fetter\logstashforwarder\Forwarder.java,info.fetter.logstashforwarder.Forwarder,main/1[java.lang.String[]],inputReader,1
E:\Siva_ood_projects\logstash-forwarder-java\src\main\java\info\fetter\logstashforwarder\util\RandomAccessFile.java,info.fetter.logstashforwarder.util.RandomAccessFile,"searchForward/2[info.fetter.logstashforwarder.util.KMPMatch,int]",dataEnd,3
E:\Siva_ood_projects\logstash-forwarder-java\src\main\java\info\fetter\logstashforwarder\util\RandomAccessFile.java,info.fetter.logstashforwarder.util.RandomAccessFile,"searchForward/2[info.fetter.logstashforwarder.util.KMPMatch,int]",filePosition,4
E:\Siva_ood_projects\logstash-forwarder-java\src\main\java\info\fetter\logstashforwarder\util\RandomAccessFile.java,info.fetter.logstashforwarder.util.RandomAccessFile,"searchForward/2[info.fetter.logstashforwarder.util.KMPMatch,int]",buffer,2
E:\Siva_ood_projects\logstash-forwarder-java\src\main\java\info\fetter\logstashforwarder\util\RandomAccessFile.java,info.fetter.logstashforwarder.util.RandomAccessFile,"searchForward/2[info.fetter.logstashforwarder.util.KMPMatch,int]",bufferStart,3
E:\Siva_ood_projects\logstash-forwarder-java\src\main\java\info\fetter\logstashforwarder\util\RandomAccessFile.java,info.fetter.logstashforwarder.util.RandomAccessFile,getDebugNbytes/0,debug_nbytes,2
E:\Siva_ood_projects\logstash-forwarder-java\src\main\java\info\fetter\logstashforwarder\util\RandomAccessFile.java,info.fetter.logstashforwarder.util.RandomAccessFile,readLong/0,bigEndian,1
E:\Siva_ood_projects\logstash-forwarder-java\src\main\java\info\fetter\logstashforwarder\util\RandomAccessFile.java,info.fetter.logstashforwarder.util.RandomAccessFile,readBuffer/1[long],endOfFile,2
E:\Siva_ood_projects\logstash-forwarder-java\src\main\java\info\fetter\logstashforwarder\util\RandomAccessFile.java,info.fetter.logstashforwarder.util.RandomAccessFile,readBuffer/1[long],bufferModified,1
E:\Siva_ood_projects\logstash-forwarder-java\src\main\java\info\fetter\logstashforwarder\util\RandomAccessFile.java,info.fetter.logstashforwarder.util.RandomAccessFile,readBuffer/1[long],dataEnd,1
E:\Siva_ood_projects\logstash-forwarder-java\src\main\java\info\fetter\logstashforwarder\util\RandomAccessFile.java,info.fetter.logstashforwarder.util.RandomAccessFile,readBuffer/1[long],filePosition,1
E:\Siva_ood_projects\logstash-forwarder-java\src\main\java\info\fetter\logstashforwarder\util\RandomAccessFile.java,info.fetter.logstashforwarder.util.RandomAccessFile,readBuffer/1[long],dataSize,4
E:\Siva_ood_projects\logstash-forwarder-java\src\main\java\info\fetter\logstashforwarder\util\RandomAccessFile.java,info.fetter.logstashforwarder.util.RandomAccessFile,readBuffer/1[long],buffer,1
E:\Siva_ood_projects\logstash-forwarder-java\src\main\java\info\fetter\logstashforwarder\util\RandomAccessFile.java,info.fetter.logstashforwarder.util.RandomAccessFile,readBuffer/1[long],bufferStart,2
E:\Siva_ood_projects\logstash-forwarder-java\src\main\java\info\fetter\logstashforwarder\util\RandomAccessFile.java,info.fetter.logstashforwarder.util.RandomAccessFile,toString/0,dataEnd,1
E:\Siva_ood_projects\logstash-forwarder-java\src\main\java\info\fetter\logstashforwarder\util\RandomAccessFile.java,info.fetter.logstashforwarder.util.RandomAccessFile,toString/0,readonly,1
E:\Siva_ood_projects\logstash-forwarder-java\src\main\java\info\fetter\logstashforwarder\util\RandomAccessFile.java,info.fetter.logstashforwarder.util.RandomAccessFile,toString/0,bufferModified,1
E:\Siva_ood_projects\logstash-forwarder-java\src\main\java\info\fetter\logstashforwarder\util\RandomAccessFile.java,info.fetter.logstashforwarder.util.RandomAccessFile,toString/0,filePosition,1
E:\Siva_ood_projects\logstash-forwarder-java\src\main\java\info\fetter\logstashforwarder\util\RandomAccessFile.java,info.fetter.logstashforwarder.util.RandomAccessFile,toString/0,dataSize,1
E:\Siva_ood_projects\logstash-forwarder-java\src\main\java\info\fetter\logstashforwarder\util\RandomAccessFile.java,info.fetter.logstashforwarder.util.RandomAccessFile,toString/0,bufferStart,1
E:\Siva_ood_projects\logstash-forwarder-java\src\main\java\info\fetter\logstashforwarder\util\RandomAccessFile.java,info.fetter.logstashforwarder.util.RandomAccessFile,unread/0,filePosition,1
E:\Siva_ood_projects\logstash-forwarder-java\src\main\java\info\fetter\logstashforwarder\util\RandomAccessFile.java,info.fetter.logstashforwarder.util.RandomAccessFile,getOpenFiles/0,openFiles,1
E:\Siva_ood_projects\logstash-forwarder-java\src\main\java\info\fetter\logstashforwarder\util\RandomAccessFile.java,info.fetter.logstashforwarder.util.RandomAccessFile,isAtEndOfFile/0,endOfFile,1
E:\Siva_ood_projects\logstash-forwarder-java\src\main\java\info\fetter\logstashforwarder\util\RandomAccessFile.java,info.fetter.logstashforwarder.util.RandomAccessFile,seek/1[long],dataEnd,1
E:\Siva_ood_projects\logstash-forwarder-java\src\main\java\info\fetter\logstashforwarder\util\RandomAccessFile.java,info.fetter.logstashforwarder.util.RandomAccessFile,seek/1[long],filePosition,1
E:\Siva_ood_projects\logstash-forwarder-java\src\main\java\info\fetter\logstashforwarder\util\RandomAccessFile.java,info.fetter.logstashforwarder.util.RandomAccessFile,seek/1[long],bufferStart,1
E:\Siva_ood_projects\logstash-forwarder-java\src\main\java\info\fetter\logstashforwarder\util\RandomAccessFile.java,info.fetter.logstashforwarder.util.RandomAccessFile,setDebugAccess/1[boolean],debug_nbytes,1
E:\Siva_ood_projects\logstash-forwarder-java\src\main\java\info\fetter\logstashforwarder\util\RandomAccessFile.java,info.fetter.logstashforwarder.util.RandomAccessFile,setDebugAccess/1[boolean],debug_nseeks,1
E:\Siva_ood_projects\logstash-forwarder-java\src\main\java\info\fetter\logstashforwarder\util\RandomAccessFile.java,info.fetter.logstashforwarder.util.RandomAccessFile,setDebugAccess/1[boolean],debugAccess,1
E:\Siva_ood_projects\logstash-forwarder-java\src\main\java\info\fetter\logstashforwarder\util\RandomAccessFile.java,info.fetter.logstashforwarder.util.RandomAccessFile,getDebugLeaks/0,debugLeaks,1
E:\Siva_ood_projects\logstash-forwarder-java\src\main\java\info\fetter\logstashforwarder\util\RandomAccessFile.java,info.fetter.logstashforwarder.util.RandomAccessFile,readUnsignedShort/0,bigEndian,1
E:\Siva_ood_projects\logstash-forwarder-java\src\main\java\info\fetter\logstashforwarder\util\RandomAccessFile.java,info.fetter.logstashforwarder.util.RandomAccessFile,getDebugNseeks/0,debug_nseeks,2
E:\Siva_ood_projects\logstash-forwarder-java\src\main\java\info\fetter\logstashforwarder\util\RandomAccessFile.java,info.fetter.logstashforwarder.util.RandomAccessFile,init/1[int],endOfFile,1
E:\Siva_ood_projects\logstash-forwarder-java\src\main\java\info\fetter\logstashforwarder\util\RandomAccessFile.java,info.fetter.logstashforwarder.util.RandomAccessFile,init/1[int],dataEnd,1
E:\Siva_ood_projects\logstash-forwarder-java\src\main\java\info\fetter\logstashforwarder\util\RandomAccessFile.java,info.fetter.logstashforwarder.util.RandomAccessFile,init/1[int],filePosition,1
E:\Siva_ood_projects\logstash-forwarder-java\src\main\java\info\fetter\logstashforwarder\util\RandomAccessFile.java,info.fetter.logstashforwarder.util.RandomAccessFile,init/1[int],dataSize,1
E:\Siva_ood_projects\logstash-forwarder-java\src\main\java\info\fetter\logstashforwarder\util\RandomAccessFile.java,info.fetter.logstashforwarder.util.RandomAccessFile,init/1[int],buffer,1
E:\Siva_ood_projects\logstash-forwarder-java\src\main\java\info\fetter\logstashforwarder\util\RandomAccessFile.java,info.fetter.logstashforwarder.util.RandomAccessFile,init/1[int],bufferStart,1
E:\Siva_ood_projects\logstash-forwarder-java\src\main\java\info\fetter\logstashforwarder\util\RandomAccessFile.java,info.fetter.logstashforwarder.util.RandomAccessFile,getFilePointer/0,filePosition,1
E:\Siva_ood_projects\logstash-forwarder-java\src\main\java\info\fetter\logstashforwarder\util\RandomAccessFile.java,info.fetter.logstashforwarder.util.RandomAccessFile,RandomAccessFile/1[int],file,1
E:\Siva_ood_projects\logstash-forwarder-java\src\main\java\info\fetter\logstashforwarder\util\RandomAccessFile.java,info.fetter.logstashforwarder.util.RandomAccessFile,RandomAccessFile/1[int],readonly,1
E:\Siva_ood_projects\logstash-forwarder-java\src\main\java\info\fetter\logstashforwarder\util\RandomAccessFile.java,info.fetter.logstashforwarder.util.RandomAccessFile,getRandomAccessFile/0,file,1
E:\Siva_ood_projects\logstash-forwarder-java\src\main\java\info\fetter\logstashforwarder\util\RandomAccessFile.java,info.fetter.logstashforwarder.util.RandomAccessFile,"readBytes/3[byte[],int,int]",endOfFile,2
E:\Siva_ood_projects\logstash-forwarder-java\src\main\java\info\fetter\logstashforwarder\util\RandomAccessFile.java,info.fetter.logstashforwarder.util.RandomAccessFile,"readBytes/3[byte[],int,int]",dataEnd,1
E:\Siva_ood_projects\logstash-forwarder-java\src\main\java\info\fetter\logstashforwarder\util\RandomAccessFile.java,info.fetter.logstashforwarder.util.RandomAccessFile,"readBytes/3[byte[],int,int]",filePosition,7
E:\Siva_ood_projects\logstash-forwarder-java\src\main\java\info\fetter\logstashforwarder\util\RandomAccessFile.java,info.fetter.logstashforwarder.util.RandomAccessFile,"readBytes/3[byte[],int,int]",dataSize,2
E:\Siva_ood_projects\logstash-forwarder-java\src\main\java\info\fetter\logstashforwarder\util\RandomAccessFile.java,info.fetter.logstashforwarder.util.RandomAccessFile,"readBytes/3[byte[],int,int]",buffer,2
E:\Siva_ood_projects\logstash-forwarder-java\src\main\java\info\fetter\logstashforwarder\util\RandomAccessFile.java,info.fetter.logstashforwarder.util.RandomAccessFile,"readBytes/3[byte[],int,int]",bufferStart,1
E:\Siva_ood_projects\logstash-forwarder-java\src\main\java\info\fetter\logstashforwarder\util\RandomAccessFile.java,info.fetter.logstashforwarder.util.RandomAccessFile,readIntUnbuffered/1[long],bigEndian,1
E:\Siva_ood_projects\logstash-forwarder-java\src\main\java\info\fetter\logstashforwarder\util\RandomAccessFile.java,info.fetter.logstashforwarder.util.RandomAccessFile,order/1[int],bigEndian,1
E:\Siva_ood_projects\logstash-forwarder-java\src\main\java\info\fetter\logstashforwarder\util\RandomAccessFile.java,info.fetter.logstashforwarder.util.RandomAccessFile,order/1[int],BIG_ENDIAN,1
E:\Siva_ood_projects\logstash-forwarder-java\src\main\java\info\fetter\logstashforwarder\util\RandomAccessFile.java,info.fetter.logstashforwarder.util.RandomAccessFile,"read_/4[long,byte[],int,int]",file,2
E:\Siva_ood_projects\logstash-forwarder-java\src\main\java\info\fetter\logstashforwarder\util\RandomAccessFile.java,info.fetter.logstashforwarder.util.RandomAccessFile,"read_/4[long,byte[],int,int]",debug_nbytes,1
E:\Siva_ood_projects\logstash-forwarder-java\src\main\java\info\fetter\logstashforwarder\util\RandomAccessFile.java,info.fetter.logstashforwarder.util.RandomAccessFile,"read_/4[long,byte[],int,int]",location,1
E:\Siva_ood_projects\logstash-forwarder-java\src\main\java\info\fetter\logstashforwarder\util\RandomAccessFile.java,info.fetter.logstashforwarder.util.RandomAccessFile,"read_/4[long,byte[],int,int]",extendMode,1
E:\Siva_ood_projects\logstash-forwarder-java\src\main\java\info\fetter\logstashforwarder\util\RandomAccessFile.java,info.fetter.logstashforwarder.util.RandomAccessFile,"read_/4[long,byte[],int,int]",debug_nseeks,1
E:\Siva_ood_projects\logstash-forwarder-java\src\main\java\info\fetter\logstashforwarder\util\RandomAccessFile.java,info.fetter.logstashforwarder.util.RandomAccessFile,"read_/4[long,byte[],int,int]",debugAccess,1
E:\Siva_ood_projects\logstash-forwarder-java\src\main\java\info\fetter\logstashforwarder\util\RandomAccessFile.java,info.fetter.logstashforwarder.util.RandomAccessFile,"read_/4[long,byte[],int,int]",showRead,1
E:\Siva_ood_projects\logstash-forwarder-java\src\main\java\info\fetter\logstashforwarder\util\RandomAccessFile.java,info.fetter.logstashforwarder.util.RandomAccessFile,write/1[int],dataEnd,2
E:\Siva_ood_projects\logstash-forwarder-java\src\main\java\info\fetter\logstashforwarder\util\RandomAccessFile.java,info.fetter.logstashforwarder.util.RandomAccessFile,write/1[int],bufferModified,2
E:\Siva_ood_projects\logstash-forwarder-java\src\main\java\info\fetter\logstashforwarder\util\RandomAccessFile.java,info.fetter.logstashforwarder.util.RandomAccessFile,write/1[int],filePosition,6
E:\Siva_ood_projects\logstash-forwarder-java\src\main\java\info\fetter\logstashforwarder\util\RandomAccessFile.java,info.fetter.logstashforwarder.util.RandomAccessFile,write/1[int],dataSize,2
E:\Siva_ood_projects\logstash-forwarder-java\src\main\java\info\fetter\logstashforwarder\util\RandomAccessFile.java,info.fetter.logstashforwarder.util.RandomAccessFile,write/1[int],buffer,2
E:\Siva_ood_projects\logstash-forwarder-java\src\main\java\info\fetter\logstashforwarder\util\RandomAccessFile.java,info.fetter.logstashforwarder.util.RandomAccessFile,write/1[int],bufferStart,2
E:\Siva_ood_projects\logstash-forwarder-java\src\main\java\info\fetter\logstashforwarder\util\RandomAccessFile.java,info.fetter.logstashforwarder.util.RandomAccessFile,flush/0,file,2
E:\Siva_ood_projects\logstash-forwarder-java\src\main\java\info\fetter\logstashforwarder\util\RandomAccessFile.java,info.fetter.logstashforwarder.util.RandomAccessFile,flush/0,bufferModified,2
E:\Siva_ood_projects\logstash-forwarder-java\src\main\java\info\fetter\logstashforwarder\util\RandomAccessFile.java,info.fetter.logstashforwarder.util.RandomAccessFile,flush/0,dataSize,1
E:\Siva_ood_projects\logstash-forwarder-java\src\main\java\info\fetter\logstashforwarder\util\RandomAccessFile.java,info.fetter.logstashforwarder.util.RandomAccessFile,flush/0,buffer,1
E:\Siva_ood_projects\logstash-forwarder-java\src\main\java\info\fetter\logstashforwarder\util\RandomAccessFile.java,info.fetter.logstashforwarder.util.RandomAccessFile,flush/0,bufferStart,1
E:\Siva_ood_projects\logstash-forwarder-java\src\main\java\info\fetter\logstashforwarder\util\RandomAccessFile.java,info.fetter.logstashforwarder.util.RandomAccessFile,getAllFiles/0,allFiles,2
E:\Siva_ood_projects\logstash-forwarder-java\src\main\java\info\fetter\logstashforwarder\util\RandomAccessFile.java,info.fetter.logstashforwarder.util.RandomAccessFile,"writeBytes/3[byte[],int,int]",file,2
E:\Siva_ood_projects\logstash-forwarder-java\src\main\java\info\fetter\logstashforwarder\util\RandomAccessFile.java,info.fetter.logstashforwarder.util.RandomAccessFile,"writeBytes/3[byte[],int,int]",bufferModified,3
E:\Siva_ood_projects\logstash-forwarder-java\src\main\java\info\fetter\logstashforwarder\util\RandomAccessFile.java,info.fetter.logstashforwarder.util.RandomAccessFile,"writeBytes/3[byte[],int,int]",dataEnd,9
E:\Siva_ood_projects\logstash-forwarder-java\src\main\java\info\fetter\logstashforwarder\util\RandomAccessFile.java,info.fetter.logstashforwarder.util.RandomAccessFile,"writeBytes/3[byte[],int,int]",filePosition,12
E:\Siva_ood_projects\logstash-forwarder-java\src\main\java\info\fetter\logstashforwarder\util\RandomAccessFile.java,info.fetter.logstashforwarder.util.RandomAccessFile,"writeBytes/3[byte[],int,int]",dataSize,4
E:\Siva_ood_projects\logstash-forwarder-java\src\main\java\info\fetter\logstashforwarder\util\RandomAccessFile.java,info.fetter.logstashforwarder.util.RandomAccessFile,"writeBytes/3[byte[],int,int]",buffer,2
E:\Siva_ood_projects\logstash-forwarder-java\src\main\java\info\fetter\logstashforwarder\util\RandomAccessFile.java,info.fetter.logstashforwarder.util.RandomAccessFile,"writeBytes/3[byte[],int,int]",bufferStart,8
E:\Siva_ood_projects\logstash-forwarder-java\src\main\java\info\fetter\logstashforwarder\util\RandomAccessFile.java,info.fetter.logstashforwarder.util.RandomAccessFile,read/0,endOfFile,1
E:\Siva_ood_projects\logstash-forwarder-java\src\main\java\info\fetter\logstashforwarder\util\RandomAccessFile.java,info.fetter.logstashforwarder.util.RandomAccessFile,read/0,dataEnd,1
E:\Siva_ood_projects\logstash-forwarder-java\src\main\java\info\fetter\logstashforwarder\util\RandomAccessFile.java,info.fetter.logstashforwarder.util.RandomAccessFile,read/0,filePosition,4
E:\Siva_ood_projects\logstash-forwarder-java\src\main\java\info\fetter\logstashforwarder\util\RandomAccessFile.java,info.fetter.logstashforwarder.util.RandomAccessFile,read/0,buffer,1
E:\Siva_ood_projects\logstash-forwarder-java\src\main\java\info\fetter\logstashforwarder\util\RandomAccessFile.java,info.fetter.logstashforwarder.util.RandomAccessFile,read/0,bufferStart,1
E:\Siva_ood_projects\logstash-forwarder-java\src\main\java\info\fetter\logstashforwarder\util\RandomAccessFile.java,info.fetter.logstashforwarder.util.RandomAccessFile,setExtendMode/0,extendMode,1
E:\Siva_ood_projects\logstash-forwarder-java\src\main\java\info\fetter\logstashforwarder\util\RandomAccessFile.java,info.fetter.logstashforwarder.util.RandomAccessFile,"readToByteChannel/3[java.nio.channels.WritableByteChannel,long,long]",file,1
E:\Siva_ood_projects\logstash-forwarder-java\src\main\java\info\fetter\logstashforwarder\util\RandomAccessFile.java,info.fetter.logstashforwarder.util.RandomAccessFile,"readToByteChannel/3[java.nio.channels.WritableByteChannel,long,long]",fileChannel,3
E:\Siva_ood_projects\logstash-forwarder-java\src\main\java\info\fetter\logstashforwarder\util\RandomAccessFile.java,info.fetter.logstashforwarder.util.RandomAccessFile,"RandomAccessFile/2[java.lang.String,java.lang.String]",defaultBufferSize,1
E:\Siva_ood_projects\logstash-forwarder-java\src\main\java\info\fetter\logstashforwarder\util\RandomAccessFile.java,info.fetter.logstashforwarder.util.RandomAccessFile,"RandomAccessFile/2[java.lang.String,java.lang.String]",location,5
E:\Siva_ood_projects\logstash-forwarder-java\src\main\java\info\fetter\logstashforwarder\util\RandomAccessFile.java,info.fetter.logstashforwarder.util.RandomAccessFile,getLocation/0,location,1
E:\Siva_ood_projects\logstash-forwarder-java\src\main\java\info\fetter\logstashforwarder\util\RandomAccessFile.java,info.fetter.logstashforwarder.util.RandomAccessFile,readShort/0,bigEndian,1
E:\Siva_ood_projects\logstash-forwarder-java\src\main\java\info\fetter\logstashforwarder\util\RandomAccessFile.java,info.fetter.logstashforwarder.util.RandomAccessFile,readChar/0,bigEndian,1
E:\Siva_ood_projects\logstash-forwarder-java\src\main\java\info\fetter\logstashforwarder\util\RandomAccessFile.java,info.fetter.logstashforwarder.util.RandomAccessFile,setDebugLeaks/1[boolean],debugLeaks,1
E:\Siva_ood_projects\logstash-forwarder-java\src\main\java\info\fetter\logstashforwarder\util\RandomAccessFile.java,info.fetter.logstashforwarder.util.RandomAccessFile,close/0,debugLeaks,1
E:\Siva_ood_projects\logstash-forwarder-java\src\main\java\info\fetter\logstashforwarder\util\RandomAccessFile.java,info.fetter.logstashforwarder.util.RandomAccessFile,close/0,file,4
E:\Siva_ood_projects\logstash-forwarder-java\src\main\java\info\fetter\logstashforwarder\util\RandomAccessFile.java,info.fetter.logstashforwarder.util.RandomAccessFile,close/0,readonly,1
E:\Siva_ood_projects\logstash-forwarder-java\src\main\java\info\fetter\logstashforwarder\util\RandomAccessFile.java,info.fetter.logstashforwarder.util.RandomAccessFile,close/0,minLength,3
E:\Siva_ood_projects\logstash-forwarder-java\src\main\java\info\fetter\logstashforwarder\util\RandomAccessFile.java,info.fetter.logstashforwarder.util.RandomAccessFile,close/0,location,2
E:\Siva_ood_projects\logstash-forwarder-java\src\main\java\info\fetter\logstashforwarder\util\RandomAccessFile.java,info.fetter.logstashforwarder.util.RandomAccessFile,close/0,openFiles,1
E:\Siva_ood_projects\logstash-forwarder-java\src\main\java\info\fetter\logstashforwarder\util\RandomAccessFile.java,info.fetter.logstashforwarder.util.RandomAccessFile,close/0,showOpen,1
E:\Siva_ood_projects\logstash-forwarder-java\src\main\java\info\fetter\logstashforwarder\util\RandomAccessFile.java,info.fetter.logstashforwarder.util.RandomAccessFile,getFD/0,file,2
E:\Siva_ood_projects\logstash-forwarder-java\src\main\java\info\fetter\logstashforwarder\util\RandomAccessFile.java,info.fetter.logstashforwarder.util.RandomAccessFile,readInt/0,bigEndian,1
E:\Siva_ood_projects\logstash-forwarder-java\src\main\java\info\fetter\logstashforwarder\util\RandomAccessFile.java,info.fetter.logstashforwarder.util.RandomAccessFile,"RandomAccessFile/3[java.lang.String,java.lang.String,int]",debugLeaks,2
E:\Siva_ood_projects\logstash-forwarder-java\src\main\java\info\fetter\logstashforwarder\util\RandomAccessFile.java,info.fetter.logstashforwarder.util.RandomAccessFile,"RandomAccessFile/3[java.lang.String,java.lang.String,int]",file,1
E:\Siva_ood_projects\logstash-forwarder-java\src\main\java\info\fetter\logstashforwarder\util\RandomAccessFile.java,info.fetter.logstashforwarder.util.RandomAccessFile,"RandomAccessFile/3[java.lang.String,java.lang.String,int]",readonly,1
E:\Siva_ood_projects\logstash-forwarder-java\src\main\java\info\fetter\logstashforwarder\util\RandomAccessFile.java,info.fetter.logstashforwarder.util.RandomAccessFile,"RandomAccessFile/3[java.lang.String,java.lang.String,int]",location,10
E:\Siva_ood_projects\logstash-forwarder-java\src\main\java\info\fetter\logstashforwarder\util\RandomAccessFile.java,info.fetter.logstashforwarder.util.RandomAccessFile,"RandomAccessFile/3[java.lang.String,java.lang.String,int]",openFiles,1
E:\Siva_ood_projects\logstash-forwarder-java\src\main\java\info\fetter\logstashforwarder\util\RandomAccessFile.java,info.fetter.logstashforwarder.util.RandomAccessFile,"RandomAccessFile/3[java.lang.String,java.lang.String,int]",allFiles,1
E:\Siva_ood_projects\logstash-forwarder-java\src\main\java\info\fetter\logstashforwarder\util\RandomAccessFile.java,info.fetter.logstashforwarder.util.RandomAccessFile,"RandomAccessFile/3[java.lang.String,java.lang.String,int]",showOpen,1
E:\Siva_ood_projects\logstash-forwarder-java\src\main\java\info\fetter\logstashforwarder\util\RandomAccessFile.java,info.fetter.logstashforwarder.util.RandomAccessFile,setMinLength/1[long],minLength,4
E:\Siva_ood_projects\logstash-forwarder-java\src\main\java\info\fetter\logstashforwarder\util\RandomAccessFile.java,info.fetter.logstashforwarder.util.RandomAccessFile,length/0,file,1
E:\Siva_ood_projects\logstash-forwarder-java\src\main\java\info\fetter\logstashforwarder\util\RandomAccessFile.java,info.fetter.logstashforwarder.util.RandomAccessFile,length/0,dataEnd,2
E:\Siva_ood_projects\logstash-forwarder-java\src\main\java\info\fetter\logstashforwarder\config\ConfigurationManager.java,info.fetter.logstashforwarder.config.ConfigurationManager,ConfigurationManager/1[java.io.File],configFile,1
E:\Siva_ood_projects\logstash-forwarder-java\src\main\java\info\fetter\logstashforwarder\config\ConfigurationManager.java,info.fetter.logstashforwarder.config.ConfigurationManager,ConfigurationManager/1[java.io.File],mapper,3
E:\Siva_ood_projects\logstash-forwarder-java\src\main\java\info\fetter\logstashforwarder\config\ConfigurationManager.java,info.fetter.logstashforwarder.config.ConfigurationManager,readConfiguration/0,configFile,1
E:\Siva_ood_projects\logstash-forwarder-java\src\main\java\info\fetter\logstashforwarder\config\ConfigurationManager.java,info.fetter.logstashforwarder.config.ConfigurationManager,readConfiguration/0,mapper,1
E:\Siva_ood_projects\logstash-forwarder-java\src\main\java\info\fetter\logstashforwarder\config\ConfigurationManager.java,info.fetter.logstashforwarder.config.ConfigurationManager,readConfiguration/0,config,1
E:\Siva_ood_projects\logstash-forwarder-java\src\main\java\info\fetter\logstashforwarder\config\ConfigurationManager.java,info.fetter.logstashforwarder.config.ConfigurationManager,getConfig/0,config,1
E:\Siva_ood_projects\logstash-forwarder-java\src\main\java\info\fetter\logstashforwarder\Multiline.java,info.fetter.logstashforwarder.Multiline,Multiline/1[info.fetter.logstashforwarder.Multiline],what,1
E:\Siva_ood_projects\logstash-forwarder-java\src\main\java\info\fetter\logstashforwarder\Multiline.java,info.fetter.logstashforwarder.Multiline,Multiline/1[info.fetter.logstashforwarder.Multiline],negate,1
E:\Siva_ood_projects\logstash-forwarder-java\src\main\java\info\fetter\logstashforwarder\Multiline.java,info.fetter.logstashforwarder.Multiline,Multiline/1[info.fetter.logstashforwarder.Multiline],pattern,1
E:\Siva_ood_projects\logstash-forwarder-java\src\main\java\info\fetter\logstashforwarder\Multiline.java,info.fetter.logstashforwarder.Multiline,isPatternFound/1[byte[]],negate,1
E:\Siva_ood_projects\logstash-forwarder-java\src\main\java\info\fetter\logstashforwarder\Multiline.java,info.fetter.logstashforwarder.Multiline,isPatternFound/1[byte[]],pattern,1
E:\Siva_ood_projects\logstash-forwarder-java\src\main\java\info\fetter\logstashforwarder\Multiline.java,info.fetter.logstashforwarder.Multiline,toString/0,what,1
E:\Siva_ood_projects\logstash-forwarder-java\src\main\java\info\fetter\logstashforwarder\Multiline.java,info.fetter.logstashforwarder.Multiline,toString/0,negate,1
E:\Siva_ood_projects\logstash-forwarder-java\src\main\java\info\fetter\logstashforwarder\Multiline.java,info.fetter.logstashforwarder.Multiline,toString/0,pattern,1
E:\Siva_ood_projects\logstash-forwarder-java\src\main\java\info\fetter\logstashforwarder\Multiline.java,info.fetter.logstashforwarder.Multiline,isNegate/0,negate,1
E:\Siva_ood_projects\logstash-forwarder-java\src\main\java\info\fetter\logstashforwarder\Multiline.java,info.fetter.logstashforwarder.Multiline,isPrevious/0,what,1
E:\Siva_ood_projects\logstash-forwarder-java\src\main\java\info\fetter\logstashforwarder\Multiline.java,info.fetter.logstashforwarder.Multiline,getWhat/0,what,1
E:\Siva_ood_projects\logstash-forwarder-java\src\main\java\info\fetter\logstashforwarder\Multiline.java,info.fetter.logstashforwarder.Multiline,"Multiline/1[java.util.Map<java.lang.String,java.lang.String>]",what,1
E:\Siva_ood_projects\logstash-forwarder-java\src\main\java\info\fetter\logstashforwarder\Multiline.java,info.fetter.logstashforwarder.Multiline,"Multiline/1[java.util.Map<java.lang.String,java.lang.String>]",negate,1
E:\Siva_ood_projects\logstash-forwarder-java\src\main\java\info\fetter\logstashforwarder\Multiline.java,info.fetter.logstashforwarder.Multiline,"Multiline/1[java.util.Map<java.lang.String,java.lang.String>]",pattern,1
E:\Siva_ood_projects\logstash-forwarder-java\src\main\java\info\fetter\logstashforwarder\Multiline.java,info.fetter.logstashforwarder.Multiline,getPattern/0,pattern,1
E:\Siva_ood_projects\logstash-forwarder-java\src\main\java\info\fetter\logstashforwarder\util\LastModifiedFileFilter.java,info.fetter.logstashforwarder.util.LastModifiedFileFilter,LastModifiedFileFilter/1[long],cutoff,2
E:\Siva_ood_projects\logstash-forwarder-java\src\main\java\info\fetter\logstashforwarder\util\LastModifiedFileFilter.java,info.fetter.logstashforwarder.util.LastModifiedFileFilter,"LastModifiedFileFilter/2[long,boolean]",cutoff,3
E:\Siva_ood_projects\logstash-forwarder-java\src\main\java\info\fetter\logstashforwarder\util\LastModifiedFileFilter.java,info.fetter.logstashforwarder.util.LastModifiedFileFilter,"LastModifiedFileFilter/2[long,boolean]",after,3
E:\Siva_ood_projects\logstash-forwarder-java\src\main\java\info\fetter\logstashforwarder\util\LastModifiedFileFilter.java,info.fetter.logstashforwarder.util.LastModifiedFileFilter,accept/1[java.io.File],cutoff,1
E:\Siva_ood_projects\logstash-forwarder-java\src\main\java\info\fetter\logstashforwarder\util\LastModifiedFileFilter.java,info.fetter.logstashforwarder.util.LastModifiedFileFilter,accept/1[java.io.File],after,1
