file,class,method,constructor,line,cbo,cboModified,fanin,fanout,wmc,rfc,loc,returnsQty,variablesQty,parametersQty,methodsInvokedQty,methodsInvokedLocalQty,methodsInvokedIndirectLocalQty,loopQty,comparisonsQty,tryCatchQty,parenthesizedExpsQty,stringLiteralsQty,numbersQty,assignmentsQty,mathOperationsQty,maxNestedBlocksQty,anonymousClassesQty,innerClassesQty,lambdasQty,uniqueWordsQty,modifiers,logStatementsQty,hasJavaDoc
E:\Siva_ood_projects\logstash-forwarder-java\src\main\java\info\fetter\logstashforwarder\protocol\LumberjackClient.java,info.fetter.logstashforwarder.protocol.LumberjackClient,"sendDataFrameInSocket/1[java.util.Map<java.lang.String,byte[]>]",false,138,2,1,0,1,1,1,3,1,0,1,1,1,1,0,0,0,0,0,0,0,0,0,0,0,0,10,1,0,false
E:\Siva_ood_projects\logstash-forwarder-java\src\main\java\info\fetter\logstashforwarder\protocol\LumberjackClient.java,info.fetter.logstashforwarder.protocol.LumberjackClient,"sendCompressedFrame/1[java.util.List<java.util.Map<java.lang.String,byte[]>>]",false,142,2,2,1,1,8,20,42,1,8,1,20,1,1,2,0,0,0,7,7,8,4,1,0,0,0,37,1,4,false
E:\Siva_ood_projects\logstash-forwarder-java\src\main\java\info\fetter\logstashforwarder\protocol\LumberjackClient.java,info.fetter.logstashforwarder.protocol.LumberjackClient,getServer/0,false,234,0,0,0,0,1,0,3,1,0,0,0,0,0,0,0,0,0,0,0,0,0,0,0,0,0,3,1,0,false
E:\Siva_ood_projects\logstash-forwarder-java\src\main\java\info\fetter\logstashforwarder\protocol\LumberjackClient.java,info.fetter.logstashforwarder.protocol.LumberjackClient,"LumberjackClient/4[java.lang.String,java.lang.String,int,int]",true,65,0,1,1,0,5,17,34,0,3,4,17,0,0,0,2,1,0,7,0,10,1,2,0,0,0,40,1,1,false
E:\Siva_ood_projects\logstash-forwarder-java\src\main\java\info\fetter\logstashforwarder\protocol\LumberjackClient.java,info.fetter.logstashforwarder.protocol.LumberjackClient,getPort/0,false,238,0,0,0,0,1,0,3,1,0,0,0,0,0,0,0,0,0,0,0,0,0,0,0,0,0,3,1,0,false
E:\Siva_ood_projects\logstash-forwarder-java\src\main\java\info\fetter\logstashforwarder\protocol\LumberjackClient.java,info.fetter.logstashforwarder.protocol.LumberjackClient,sendWindowSizeFrame/1[int],false,105,0,1,1,0,2,5,10,1,0,1,5,0,0,0,0,0,0,2,1,0,1,1,0,0,0,26,1,1,false
E:\Siva_ood_projects\logstash-forwarder-java\src\main\java\info\fetter\logstashforwarder\protocol\LumberjackClient.java,info.fetter.logstashforwarder.protocol.LumberjackClient,close/0,false,225,1,1,0,1,2,2,9,0,0,0,2,0,0,0,0,1,0,3,0,0,1,1,0,0,0,7,1,1,false
E:\Siva_ood_projects\logstash-forwarder-java\src\main\java\info\fetter\logstashforwarder\protocol\LumberjackClient.java,info.fetter.logstashforwarder.protocol.LumberjackClient,readAckFrame/0,false,189,0,1,1,0,4,4,15,1,3,0,4,0,0,0,2,0,0,3,0,3,3,1,0,0,0,33,1,1,false
E:\Siva_ood_projects\logstash-forwarder-java\src\main\java\info\fetter\logstashforwarder\protocol\LumberjackClient.java,info.fetter.logstashforwarder.protocol.LumberjackClient,"sendDataFrame/2[java.io.DataOutputStream,java.util.Map<java.lang.String,byte[]>]",false,116,1,2,2,0,2,9,21,1,3,2,9,0,0,1,0,0,0,0,3,7,0,1,0,0,0,29,2,0,false
E:\Siva_ood_projects\logstash-forwarder-java\src\main\java\info\fetter\logstashforwarder\protocol\LumberjackClient.java,info.fetter.logstashforwarder.protocol.LumberjackClient,sendEvents/1[java.util.List<info.fetter.logstashforwarder.Event>],false,205,4,5,0,5,5,8,21,1,3,1,8,3,2,2,0,1,1,2,1,3,3,2,0,0,0,21,1,1,false
E:\Siva_ood_projects\logstash-forwarder-java\src\main\java\info\fetter\logstashforwarder\ProtocolAdapter.java,info.fetter.logstashforwarder.ProtocolAdapter,close/0,false,26,0,1,1,0,1,0,1,0,0,0,0,0,0,0,0,0,0,0,0,0,0,0,0,0,0,3,1,0,false
E:\Siva_ood_projects\logstash-forwarder-java\src\main\java\info\fetter\logstashforwarder\ProtocolAdapter.java,info.fetter.logstashforwarder.ProtocolAdapter,sendEvents/1[java.util.List<info.fetter.logstashforwarder.Event>],false,25,1,2,2,0,1,0,1,0,0,1,0,0,0,0,0,0,0,0,0,0,0,0,0,0,0,6,1,0,false
E:\Siva_ood_projects\logstash-forwarder-java\src\main\java\info\fetter\logstashforwarder\ProtocolAdapter.java,info.fetter.logstashforwarder.ProtocolAdapter,getPort/0,false,28,0,1,1,0,1,0,1,0,0,0,0,0,0,0,0,0,0,0,0,0,0,0,0,0,0,2,1,0,false
E:\Siva_ood_projects\logstash-forwarder-java\src\main\java\info\fetter\logstashforwarder\ProtocolAdapter.java,info.fetter.logstashforwarder.ProtocolAdapter,getServer/0,false,27,0,1,1,0,1,0,1,0,0,0,0,0,0,0,0,0,0,0,0,0,0,0,0,0,0,2,1,0,false
E:\Siva_ood_projects\logstash-forwarder-java\src\main\java\info\fetter\logstashforwarder\FileModificationListener.java,info.fetter.logstashforwarder.FileModificationListener,onStart/1[info.fetter.logstashforwarder.FileAlterationObserver],false,62,1,0,0,0,1,0,2,0,0,1,0,0,0,0,0,0,0,0,0,0,0,0,0,0,0,6,1,0,false
E:\Siva_ood_projects\logstash-forwarder-java\src\main\java\info\fetter\logstashforwarder\FileModificationListener.java,info.fetter.logstashforwarder.FileModificationListener,onFileCreate/1[java.io.File],false,54,1,1,0,1,1,1,3,0,0,1,1,0,0,0,0,0,0,0,0,0,0,0,0,0,0,4,1,0,false
E:\Siva_ood_projects\logstash-forwarder-java\src\main\java\info\fetter\logstashforwarder\FileModificationListener.java,info.fetter.logstashforwarder.FileModificationListener,onDirectoryDelete/1[java.io.File],false,46,0,0,0,0,1,0,2,0,0,1,0,0,0,0,0,0,0,0,0,0,0,0,0,0,0,5,1,0,false
E:\Siva_ood_projects\logstash-forwarder-java\src\main\java\info\fetter\logstashforwarder\FileModificationListener.java,info.fetter.logstashforwarder.FileModificationListener,onFileChange/1[java.io.File],false,50,1,1,0,1,1,1,3,0,0,1,1,0,0,0,0,0,0,0,0,0,0,0,0,0,0,4,1,0,false
E:\Siva_ood_projects\logstash-forwarder-java\src\main\java\info\fetter\logstashforwarder\FileModificationListener.java,info.fetter.logstashforwarder.FileModificationListener,onStop/1[info.fetter.logstashforwarder.FileAlterationObserver],false,66,1,0,0,0,1,0,2,0,0,1,0,0,0,0,0,0,0,0,0,0,0,0,0,0,0,6,1,0,false
E:\Siva_ood_projects\logstash-forwarder-java\src\main\java\info\fetter\logstashforwarder\FileModificationListener.java,info.fetter.logstashforwarder.FileModificationListener,onDirectoryCreate/1[java.io.File],false,42,0,0,0,0,1,0,2,0,0,1,0,0,0,0,0,0,0,0,0,0,0,0,0,0,0,5,1,0,false
E:\Siva_ood_projects\logstash-forwarder-java\src\main\java\info\fetter\logstashforwarder\FileModificationListener.java,info.fetter.logstashforwarder.FileModificationListener,onFileDelete/1[java.io.File],false,58,1,1,0,1,1,1,3,0,0,1,1,0,0,0,0,0,0,0,0,0,0,0,0,0,0,4,1,0,false
E:\Siva_ood_projects\logstash-forwarder-java\src\main\java\info\fetter\logstashforwarder\FileModificationListener.java,info.fetter.logstashforwarder.FileModificationListener,onDirectoryChange/1[java.io.File],false,38,0,0,0,0,1,0,2,0,0,1,0,0,0,0,0,0,0,0,0,0,0,0,0,0,0,5,1,0,false
E:\Siva_ood_projects\logstash-forwarder-java\src\main\java\info\fetter\logstashforwarder\FileModificationListener.java,info.fetter.logstashforwarder.FileModificationListener,"FileModificationListener/4[info.fetter.logstashforwarder.FileWatcher,info.fetter.logstashforwarder.Event,info.fetter.logstashforwarder.Multiline,info.fetter.logstashforwarder.Filter]",true,31,4,1,1,0,1,0,6,0,0,4,0,0,0,0,0,0,0,0,0,4,0,0,0,0,0,8,1,0,false
E:\Siva_ood_projects\logstash-forwarder-java\src\main\java\info\fetter\logstashforwarder\config\Configuration.java,info.fetter.logstashforwarder.config.Configuration,getFiles/0,false,36,1,2,2,0,1,0,3,1,0,0,0,0,0,0,0,0,0,0,0,0,0,0,0,0,0,3,1,0,false
E:\Siva_ood_projects\logstash-forwarder-java\src\main\java\info\fetter\logstashforwarder\config\Configuration.java,info.fetter.logstashforwarder.config.Configuration,toString/0,false,45,1,1,1,0,1,2,3,1,0,0,2,0,0,0,0,0,0,2,0,0,0,0,0,0,0,4,1,0,false
E:\Siva_ood_projects\logstash-forwarder-java\src\main\java\info\fetter\logstashforwarder\config\Configuration.java,info.fetter.logstashforwarder.config.Configuration,getNetwork/0,false,28,1,1,1,0,1,0,3,1,0,0,0,0,0,0,0,0,0,0,0,0,0,0,0,0,0,4,1,0,false
E:\Siva_ood_projects\logstash-forwarder-java\src\main\java\info\fetter\logstashforwarder\config\Configuration.java,info.fetter.logstashforwarder.config.Configuration,setNetwork/1[info.fetter.logstashforwarder.config.NetworkSection],false,32,1,0,0,0,1,0,3,0,0,1,0,0,0,0,0,0,0,0,0,1,0,0,0,0,0,4,1,0,false
E:\Siva_ood_projects\logstash-forwarder-java\src\main\java\info\fetter\logstashforwarder\config\Configuration.java,info.fetter.logstashforwarder.config.Configuration,setFiles/1[java.util.List<info.fetter.logstashforwarder.config.FilesSection>],false,40,1,0,0,0,1,0,3,0,0,1,0,0,0,0,0,0,0,0,0,1,0,0,0,0,0,3,1,0,false
E:\Siva_ood_projects\logstash-forwarder-java\src\test\java\info\fetter\logstashforwarder\FileReaderTest.java,info.fetter.logstashforwarder.FileReaderTest,testFileReader2/0,false,77,7,10,0,10,1,9,21,0,5,0,9,0,0,0,0,0,0,11,3,5,0,0,0,0,0,18,1,0,false
E:\Siva_ood_projects\logstash-forwarder-java\src\test\java\info\fetter\logstashforwarder\FileReaderTest.java,info.fetter.logstashforwarder.FileReaderTest,tearDownAfterClass/0,false,48,1,0,0,0,1,1,3,0,0,0,1,0,0,0,0,0,0,0,0,0,0,0,0,0,0,5,9,0,false
E:\Siva_ood_projects\logstash-forwarder-java\src\test\java\info\fetter\logstashforwarder\FileReaderTest.java,info.fetter.logstashforwarder.FileReaderTest,testFileReader1/0,false,53,7,10,0,10,1,9,21,0,5,0,9,0,0,0,0,0,0,11,3,5,0,0,0,0,0,18,1,0,false
E:\Siva_ood_projects\logstash-forwarder-java\src\test\java\info\fetter\logstashforwarder\FileReaderTest.java,info.fetter.logstashforwarder.FileReaderTest,setUpBeforeClass/0,false,42,1,0,0,0,1,3,4,0,0,0,3,0,0,0,0,0,0,0,0,0,0,0,0,0,0,10,9,0,false
E:\Siva_ood_projects\logstash-forwarder-java\src\test\java\info\fetter\logstashforwarder\InputReaderTest.java,info.fetter.logstashforwarder.InputReaderTest,testInputReader1/0,false,50,5,6,0,6,1,14,40,0,6,0,14,0,0,0,0,0,0,15,15,13,0,0,0,0,0,24,1,0,false
E:\Siva_ood_projects\logstash-forwarder-java\src\test\java\info\fetter\logstashforwarder\InputReaderTest.java,info.fetter.logstashforwarder.InputReaderTest,setUpBeforeClass/0,false,39,1,0,0,0,1,3,4,0,0,0,3,0,0,0,0,0,0,0,0,0,0,0,0,0,0,10,9,0,false
E:\Siva_ood_projects\logstash-forwarder-java\src\test\java\info\fetter\logstashforwarder\InputReaderTest.java,info.fetter.logstashforwarder.InputReaderTest,tearDownAfterClass/0,false,45,1,0,0,0,1,1,3,0,0,0,1,0,0,0,0,0,0,0,0,0,0,0,0,0,0,5,9,0,false
E:\Siva_ood_projects\logstash-forwarder-java\src\test\java\info\fetter\logstashforwarder\InputReaderTest.java,info.fetter.logstashforwarder.InputReaderTest,testInputReaderCloseStream/0,false,101,5,6,0,6,1,12,19,0,6,0,12,0,0,0,0,0,0,3,5,9,0,0,0,0,0,26,1,0,false
E:\Siva_ood_projects\logstash-forwarder-java\src\main\java\info\fetter\logstashforwarder\FileWatcher.java,info.fetter.logstashforwarder.FileWatcher,printWatchMap/0,false,319,1,3,2,1,3,6,9,0,1,0,6,0,0,1,0,0,0,3,0,1,1,2,0,0,0,13,2,2,false
E:\Siva_ood_projects\logstash-forwarder-java\src\main\java\info\fetter\logstashforwarder\FileWatcher.java,info.fetter.logstashforwarder.FileWatcher,"onFileChange/4[java.io.File,info.fetter.logstashforwarder.Event,info.fetter.logstashforwarder.Multiline,info.fetter.logstashforwarder.Filter]",false,288,4,2,1,1,2,5,9,0,0,4,5,1,1,0,0,1,0,2,0,0,2,1,0,0,0,15,1,2,false
E:\Siva_ood_projects\logstash-forwarder-java\src\main\java\info\fetter\logstashforwarder\FileWatcher.java,info.fetter.logstashforwarder.FileWatcher,processModifications/0,false,116,4,19,2,17,33,31,110,0,7,0,31,1,1,4,11,1,0,27,0,8,11,6,0,0,0,48,2,23,false
E:\Siva_ood_projects\logstash-forwarder-java\src\main\java\info\fetter\logstashforwarder\FileWatcher.java,info.fetter.logstashforwarder.FileWatcher,setTail/1[boolean],false,373,0,1,1,0,1,0,3,0,0,1,0,0,0,0,0,0,0,0,0,1,0,0,0,0,0,3,1,0,false
E:\Siva_ood_projects\logstash-forwarder-java\src\main\java\info\fetter\logstashforwarder\FileWatcher.java,info.fetter.logstashforwarder.FileWatcher,onFileDelete/1[java.io.File],false,308,1,2,1,1,3,6,10,0,1,1,6,0,0,0,1,1,0,2,0,1,2,2,0,0,0,13,1,2,false
E:\Siva_ood_projects\logstash-forwarder-java\src\main\java\info\fetter\logstashforwarder\FileWatcher.java,info.fetter.logstashforwarder.FileWatcher,checkFiles/0,false,87,1,7,5,2,2,4,9,0,0,0,4,2,2,1,0,0,0,2,0,0,0,1,0,0,0,15,1,2,false
E:\Siva_ood_projects\logstash-forwarder-java\src\main\java\info\fetter\logstashforwarder\FileWatcher.java,info.fetter.logstashforwarder.FileWatcher,"addWildCardFiles/5[java.lang.String,info.fetter.logstashforwarder.Event,long,info.fetter.logstashforwarder.Multiline,info.fetter.logstashforwarder.Filter]",false,237,7,3,1,2,1,8,8,0,3,5,8,1,2,0,0,0,0,3,0,3,2,0,0,0,0,23,2,2,false
E:\Siva_ood_projects\logstash-forwarder-java\src\main\java\info\fetter\logstashforwarder\FileWatcher.java,info.fetter.logstashforwarder.FileWatcher,"addFileToWatchMap/5[java.util.Map<java.io.File,info.fetter.logstashforwarder.FileState>,java.io.File,info.fetter.logstashforwarder.Event,info.fetter.logstashforwarder.Multiline,info.fetter.logstashforwarder.Filter]",false,270,5,12,3,9,3,12,17,0,3,5,12,0,0,0,0,1,1,4,0,3,2,1,0,0,0,23,2,2,false
E:\Siva_ood_projects\logstash-forwarder-java\src\main\java\info\fetter\logstashforwarder\FileWatcher.java,info.fetter.logstashforwarder.FileWatcher,FileWatcher/0,true,51,0,5,5,0,1,0,2,0,0,0,0,0,0,0,0,0,0,0,0,0,0,0,0,0,0,2,1,0,false
E:\Siva_ood_projects\logstash-forwarder-java\src\main\java\info\fetter\logstashforwarder\FileWatcher.java,info.fetter.logstashforwarder.FileWatcher,"initializeWatchMap/5[java.io.File,info.fetter.logstashforwarder.IOFileFilter,info.fetter.logstashforwarder.Event,info.fetter.logstashforwarder.Multiline,info.fetter.logstashforwarder.Filter]",false,255,7,4,2,2,3,7,14,1,2,5,7,1,1,1,0,0,0,2,0,2,1,1,0,0,0,18,2,1,false
E:\Siva_ood_projects\logstash-forwarder-java\src\main\java\info\fetter\logstashforwarder\FileWatcher.java,info.fetter.logstashforwarder.FileWatcher,"onFileCreate/4[java.io.File,info.fetter.logstashforwarder.Event,info.fetter.logstashforwarder.Multiline,info.fetter.logstashforwarder.Filter]",false,298,4,2,1,1,2,5,9,0,0,4,5,1,1,0,0,1,0,2,0,0,2,1,0,0,0,15,1,2,false
E:\Siva_ood_projects\logstash-forwarder-java\src\main\java\info\fetter\logstashforwarder\FileWatcher.java,info.fetter.logstashforwarder.FileWatcher,"addSingleFile/5[java.lang.String,info.fetter.logstashforwarder.Event,long,info.fetter.logstashforwarder.Multiline,info.fetter.logstashforwarder.Filter]",false,226,6,3,1,2,1,8,7,0,3,5,8,1,2,0,0,0,0,1,0,3,1,0,0,0,0,19,2,1,false
E:\Siva_ood_projects\logstash-forwarder-java\src\main\java\info\fetter\logstashforwarder\FileWatcher.java,info.fetter.logstashforwarder.FileWatcher,close/0,false,357,2,4,2,2,2,5,7,0,1,0,5,0,0,1,0,0,0,1,0,1,0,1,0,0,0,9,1,1,false
E:\Siva_ood_projects\logstash-forwarder-java\src\main\java\info\fetter\logstashforwarder\FileWatcher.java,info.fetter.logstashforwarder.FileWatcher,readFiles/1[info.fetter.logstashforwarder.FileReader],false,97,2,3,1,2,1,4,7,1,1,1,4,0,0,0,0,0,0,2,0,1,0,0,0,0,0,11,1,2,false
E:\Siva_ood_projects\logstash-forwarder-java\src\main\java\info\fetter\logstashforwarder\FileWatcher.java,info.fetter.logstashforwarder.FileWatcher,"addFilesToWatch/5[java.lang.String,info.fetter.logstashforwarder.Event,long,info.fetter.logstashforwarder.Multiline,info.fetter.logstashforwarder.Filter]",false,73,4,8,5,3,4,5,16,0,0,5,5,3,3,0,0,1,0,2,0,0,0,2,0,0,0,15,1,0,false
E:\Siva_ood_projects\logstash-forwarder-java\src\main\java\info\fetter\logstashforwarder\FileWatcher.java,info.fetter.logstashforwarder.FileWatcher,setMaxSignatureLength/1[int],false,369,0,1,1,0,1,0,3,0,0,1,0,0,0,0,0,0,0,0,0,1,0,0,0,0,0,5,1,0,false
E:\Siva_ood_projects\logstash-forwarder-java\src\main\java\info\fetter\logstashforwarder\FileWatcher.java,info.fetter.logstashforwarder.FileWatcher,setSincedb/1[java.lang.String],false,377,1,2,1,1,2,4,10,0,0,1,4,0,0,0,0,1,0,2,0,2,1,1,0,0,0,11,1,2,false
E:\Siva_ood_projects\logstash-forwarder-java\src\main\java\info\fetter\logstashforwarder\FileWatcher.java,info.fetter.logstashforwarder.FileWatcher,initialize/0,false,54,2,9,3,6,6,10,18,0,0,0,10,2,2,2,2,0,0,3,1,0,1,3,0,0,0,17,1,2,false
E:\Siva_ood_projects\logstash-forwarder-java\src\main\java\info\fetter\logstashforwarder\FileWatcher.java,info.fetter.logstashforwarder.FileWatcher,readStdin/1[info.fetter.logstashforwarder.InputReader],false,105,1,3,1,2,2,3,11,2,1,1,3,0,0,0,0,0,0,1,1,1,0,1,0,0,0,15,1,1,false
E:\Siva_ood_projects\logstash-forwarder-java\src\main\java\info\fetter\logstashforwarder\FileWatcher.java,info.fetter.logstashforwarder.FileWatcher,addStdIn/1[info.fetter.logstashforwarder.Event],false,249,1,1,1,0,1,1,5,0,0,1,1,0,0,0,0,0,0,1,0,2,0,0,0,0,0,9,2,1,false
E:\Siva_ood_projects\logstash-forwarder-java\src\main\java\info\fetter\logstashforwarder\FileWatcher.java,info.fetter.logstashforwarder.FileWatcher,getMaxSignatureLength/0,false,365,0,0,0,0,1,0,3,1,0,0,0,0,0,0,0,0,0,0,0,0,0,0,0,0,0,5,1,0,false
E:\Siva_ood_projects\logstash-forwarder-java\src\main\java\info\fetter\logstashforwarder\FileWatcher.java,info.fetter.logstashforwarder.FileWatcher,removeMarkedFilesFromWatchMap/0,false,329,2,5,1,4,9,11,29,0,2,0,11,0,0,2,3,1,0,3,0,3,1,4,0,0,0,21,2,2,false
E:\Siva_ood_projects\logstash-forwarder-java\src\test\java\info\fetter\logstashforwarder\FileWatcherTest.java,info.fetter.logstashforwarder.FileWatcherTest,testWildcardWatch/0,false,71,2,7,0,7,2,13,25,1,3,0,13,0,0,0,0,0,0,10,4,3,0,1,0,0,0,15,1,1,false
E:\Siva_ood_projects\logstash-forwarder-java\src\test\java\info\fetter\logstashforwarder\FileWatcherTest.java,info.fetter.logstashforwarder.FileWatcherTest,testWildcardWatchMultiline/0,false,116,4,8,0,8,2,14,32,1,5,0,14,0,0,0,0,0,0,15,5,5,0,1,0,0,0,19,1,1,false
E:\Siva_ood_projects\logstash-forwarder-java\src\test\java\info\fetter\logstashforwarder\FileWatcherTest.java,info.fetter.logstashforwarder.FileWatcherTest,dummy/0,false,168,1,0,0,0,1,0,2,0,0,0,0,0,0,0,0,0,0,0,0,0,0,0,0,0,0,1,1,0,false
E:\Siva_ood_projects\logstash-forwarder-java\src\test\java\info\fetter\logstashforwarder\FileWatcherTest.java,info.fetter.logstashforwarder.FileWatcherTest,testFileWatchWithMultilines/0,false,60,3,6,0,6,2,4,9,0,3,0,4,0,0,1,0,0,0,3,3,3,0,1,0,0,0,14,1,0,false
E:\Siva_ood_projects\logstash-forwarder-java\src\test\java\info\fetter\logstashforwarder\FileWatcherTest.java,info.fetter.logstashforwarder.FileWatcherTest,setUpBeforeClass/0,false,39,1,0,0,0,1,3,4,0,0,0,3,0,0,0,0,0,0,0,0,0,0,0,0,0,0,10,9,0,false
E:\Siva_ood_projects\logstash-forwarder-java\src\test\java\info\fetter\logstashforwarder\FileWatcherTest.java,info.fetter.logstashforwarder.FileWatcherTest,tearDownAfterClass/0,false,45,1,0,0,0,1,1,3,0,0,0,1,0,0,0,0,0,0,0,0,0,0,0,0,0,0,5,9,0,false
E:\Siva_ood_projects\logstash-forwarder-java\src\test\java\info\fetter\logstashforwarder\FileWatcherTest.java,info.fetter.logstashforwarder.FileWatcherTest,testFileWatch/0,false,50,2,5,0,5,2,4,8,0,2,0,4,0,0,1,0,0,0,3,3,2,0,1,0,0,0,10,1,0,false
E:\Siva_ood_projects\logstash-forwarder-java\src\test\java\info\fetter\logstashforwarder\MockProtocolAdapter.java,info.fetter.logstashforwarder.MockProtocolAdapter,getPort/0,false,53,0,0,0,0,1,0,3,1,0,0,0,0,0,0,0,0,0,0,1,0,0,0,0,0,0,2,1,0,false
E:\Siva_ood_projects\logstash-forwarder-java\src\test\java\info\fetter\logstashforwarder\MockProtocolAdapter.java,info.fetter.logstashforwarder.MockProtocolAdapter,close/0,false,44,0,0,0,0,1,0,2,0,0,0,0,0,0,0,0,0,0,0,0,0,0,0,0,0,0,1,1,0,false
E:\Siva_ood_projects\logstash-forwarder-java\src\test\java\info\fetter\logstashforwarder\MockProtocolAdapter.java,info.fetter.logstashforwarder.MockProtocolAdapter,getLastEvents/0,false,40,1,2,2,0,1,0,3,1,0,0,0,0,0,0,0,0,0,0,0,0,0,0,0,0,0,4,1,0,false
E:\Siva_ood_projects\logstash-forwarder-java\src\test\java\info\fetter\logstashforwarder\MockProtocolAdapter.java,info.fetter.logstashforwarder.MockProtocolAdapter,sendEvents/1[java.util.List<info.fetter.logstashforwarder.Event>],false,29,1,1,0,1,3,5,10,1,0,1,5,0,0,2,0,0,0,3,0,1,1,2,0,0,0,7,1,2,false
E:\Siva_ood_projects\logstash-forwarder-java\src\test\java\info\fetter\logstashforwarder\MockProtocolAdapter.java,info.fetter.logstashforwarder.MockProtocolAdapter,getServer/0,false,48,0,0,0,0,1,0,3,1,0,0,0,0,0,0,0,0,0,1,0,0,0,0,0,0,0,2,1,0,false
E:\Siva_ood_projects\logstash-forwarder-java\src\main\java\info\fetter\logstashforwarder\Reader.java,info.fetter.logstashforwarder.Reader,"addEvent/3[info.fetter.logstashforwarder.FileState,long,byte[]]",false,57,4,6,1,5,3,6,6,0,1,3,6,1,1,0,1,0,0,0,0,1,0,1,0,0,0,11,4,0,false
E:\Siva_ood_projects\logstash-forwarder-java\src\main\java\info\fetter\logstashforwarder\Reader.java,info.fetter.logstashforwarder.Reader,(initializer 1),false,36,0,0,0,0,2,2,8,0,0,0,2,0,0,0,0,1,0,0,0,1,0,1,0,0,0,6,0,0,false
E:\Siva_ood_projects\logstash-forwarder-java\src\main\java\info\fetter\logstashforwarder\Reader.java,info.fetter.logstashforwarder.Reader,"addEvent/4[java.lang.String,info.fetter.logstashforwarder.Event,long,java.lang.String]",false,74,1,4,1,3,1,3,5,0,1,4,3,0,0,0,0,0,0,4,0,1,0,0,0,0,0,8,4,0,false
E:\Siva_ood_projects\logstash-forwarder-java\src\main\java\info\fetter\logstashforwarder\Reader.java,info.fetter.logstashforwarder.Reader,setAdapter/1[info.fetter.logstashforwarder.ProtocolAdapter],false,87,1,5,5,0,1,0,3,0,0,1,0,0,0,0,0,0,0,0,0,1,0,0,0,0,0,4,1,0,false
E:\Siva_ood_projects\logstash-forwarder-java\src\main\java\info\fetter\logstashforwarder\Reader.java,info.fetter.logstashforwarder.Reader,Reader/1[int],true,44,1,0,0,0,1,0,4,0,0,1,0,0,0,0,0,0,0,0,0,2,0,0,0,0,0,5,4,0,false
E:\Siva_ood_projects\logstash-forwarder-java\src\main\java\info\fetter\logstashforwarder\Reader.java,info.fetter.logstashforwarder.Reader,"addEvent/4[java.lang.String,info.fetter.logstashforwarder.Event,long,byte[]]",false,65,2,6,2,4,1,4,5,0,1,4,4,0,0,0,0,0,0,4,0,1,0,0,0,0,0,8,4,0,false
E:\Siva_ood_projects\logstash-forwarder-java\src\main\java\info\fetter\logstashforwarder\Reader.java,info.fetter.logstashforwarder.Reader,getAdapter/0,false,83,1,0,0,0,1,0,3,1,0,0,0,0,0,0,0,0,0,0,0,0,0,0,0,0,0,4,1,0,false
E:\Siva_ood_projects\logstash-forwarder-java\src\main\java\info\fetter\logstashforwarder\Reader.java,info.fetter.logstashforwarder.Reader,"addEvent/3[info.fetter.logstashforwarder.FileState,long,java.lang.String]",false,49,3,5,0,5,3,6,6,0,1,3,6,1,1,0,1,0,0,0,0,1,0,1,0,0,0,11,4,0,false
E:\Siva_ood_projects\logstash-forwarder-java\src\main\java\info\fetter\logstashforwarder\FileState.java,info.fetter.logstashforwarder.FileState,getFields/0,false,180,1,2,2,0,1,0,3,1,0,0,0,0,0,0,0,0,0,0,0,0,0,0,0,0,0,4,1,0,false
E:\Siva_ood_projects\logstash-forwarder-java\src\main\java\info\fetter\logstashforwarder\FileState.java,info.fetter.logstashforwarder.FileState,setChanged/1[boolean],false,132,0,0,0,0,1,0,3,0,0,1,0,0,0,0,0,0,0,0,0,1,0,0,0,0,0,3,1,0,false
E:\Siva_ood_projects\logstash-forwarder-java\src\main\java\info\fetter\logstashforwarder\FileState.java,info.fetter.logstashforwarder.FileState,getSignature/0,false,136,0,1,1,0,1,0,3,1,0,0,0,0,0,0,0,0,0,0,0,0,0,0,0,0,0,3,1,0,false
E:\Siva_ood_projects\logstash-forwarder-java\src\main\java\info\fetter\logstashforwarder\FileState.java,info.fetter.logstashforwarder.FileState,hasChanged/0,false,128,0,0,0,0,1,0,3,1,0,0,0,0,0,0,0,0,0,0,0,0,0,0,0,0,0,3,1,0,false
E:\Siva_ood_projects\logstash-forwarder-java\src\main\java\info\fetter\logstashforwarder\FileState.java,info.fetter.logstashforwarder.FileState,getSignatureLength/0,false,156,0,1,1,0,1,0,3,1,0,0,0,0,0,0,0,0,0,0,0,0,0,0,0,0,0,4,1,0,false
E:\Siva_ood_projects\logstash-forwarder-java\src\main\java\info\fetter\logstashforwarder\FileState.java,info.fetter.logstashforwarder.FileState,getSize/0,false,94,0,3,3,0,1,0,3,1,0,0,0,0,0,0,0,0,0,0,0,0,0,0,0,0,0,3,1,0,false
E:\Siva_ood_projects\logstash-forwarder-java\src\main\java\info\fetter\logstashforwarder\FileState.java,info.fetter.logstashforwarder.FileState,toString/0,false,213,1,0,0,0,1,2,3,1,0,0,2,0,0,0,0,0,0,5,0,0,0,0,0,0,0,4,1,0,false
E:\Siva_ood_projects\logstash-forwarder-java\src\main\java\info\fetter\logstashforwarder\FileState.java,info.fetter.logstashforwarder.FileState,setDirectory/1[java.lang.String],false,102,1,2,1,1,3,1,6,0,0,1,1,1,1,0,2,0,0,0,0,1,0,1,0,0,0,12,1,0,false
E:\Siva_ood_projects\logstash-forwarder-java\src\main\java\info\fetter\logstashforwarder\FileState.java,info.fetter.logstashforwarder.FileState,FileState/0,true,63,0,1,1,0,1,0,2,0,0,0,0,0,0,0,0,0,0,0,0,0,0,0,0,0,0,2,1,0,false
E:\Siva_ood_projects\logstash-forwarder-java\src\main\java\info\fetter\logstashforwarder\FileState.java,info.fetter.logstashforwarder.FileState,isMatchedToNewFile/0,false,204,0,1,1,0,1,0,3,1,0,0,0,0,0,0,0,0,0,0,0,0,0,0,0,0,0,6,1,0,false
E:\Siva_ood_projects\logstash-forwarder-java\src\main\java\info\fetter\logstashforwarder\FileState.java,info.fetter.logstashforwarder.FileState,setMatchedToNewFile/1[boolean],false,208,0,1,1,0,1,0,3,0,0,1,0,0,0,0,0,0,0,0,0,1,0,0,0,0,0,6,1,0,false
E:\Siva_ood_projects\logstash-forwarder-java\src\main\java\info\fetter\logstashforwarder\FileState.java,info.fetter.logstashforwarder.FileState,getFileName/0,false,109,0,1,1,0,1,0,3,1,0,0,0,0,0,0,0,0,0,0,0,0,0,0,0,0,0,4,1,0,false
E:\Siva_ood_projects\logstash-forwarder-java\src\main\java\info\fetter\logstashforwarder\FileState.java,info.fetter.logstashforwarder.FileState,isDeleted/0,false,120,0,3,3,0,1,0,3,1,0,0,0,0,0,0,0,0,0,0,0,0,0,0,0,0,0,3,1,0,false
E:\Siva_ood_projects\logstash-forwarder-java\src\main\java\info\fetter\logstashforwarder\FileState.java,info.fetter.logstashforwarder.FileState,getMultiline/0,false,188,1,1,1,0,1,0,3,1,0,0,0,0,0,0,0,0,0,0,0,0,0,0,0,0,0,3,1,0,false
E:\Siva_ood_projects\logstash-forwarder-java\src\main\java\info\fetter\logstashforwarder\FileState.java,info.fetter.logstashforwarder.FileState,setFileFromDirectoryAndName/0,false,75,0,2,2,0,2,3,11,0,0,0,3,0,0,0,0,0,0,0,0,5,1,1,0,0,0,19,2,0,false
E:\Siva_ood_projects\logstash-forwarder-java\src\main\java\info\fetter\logstashforwarder\FileState.java,info.fetter.logstashforwarder.FileState,setDeleted/0,false,124,0,2,2,0,1,0,3,0,0,0,0,0,0,0,0,0,0,0,0,1,0,0,0,0,0,4,1,0,false
E:\Siva_ood_projects\logstash-forwarder-java\src\main\java\info\fetter\logstashforwarder\FileState.java,info.fetter.logstashforwarder.FileState,setFields/1[info.fetter.logstashforwarder.Event],false,184,1,3,3,0,1,0,3,0,0,1,0,0,0,0,0,0,0,0,0,1,0,0,0,0,0,4,1,0,false
E:\Siva_ood_projects\logstash-forwarder-java\src\main\java\info\fetter\logstashforwarder\FileState.java,info.fetter.logstashforwarder.FileState,setMultiline/1[info.fetter.logstashforwarder.Multiline],false,192,1,3,3,0,1,0,3,0,0,1,0,0,0,0,0,0,0,0,0,1,0,0,0,0,0,3,1,0,false
E:\Siva_ood_projects\logstash-forwarder-java\src\main\java\info\fetter\logstashforwarder\FileState.java,info.fetter.logstashforwarder.FileState,getPointer/0,false,148,0,4,4,0,1,0,3,1,0,0,0,0,0,0,0,0,0,0,0,0,0,0,0,0,0,3,1,0,false
E:\Siva_ood_projects\logstash-forwarder-java\src\main\java\info\fetter\logstashforwarder\FileState.java,info.fetter.logstashforwarder.FileState,setPointer/1[long],false,152,0,4,4,0,1,0,3,0,0,1,0,0,0,0,0,0,0,0,0,1,0,0,0,0,0,3,1,0,false
E:\Siva_ood_projects\logstash-forwarder-java\src\main\java\info\fetter\logstashforwarder\FileState.java,info.fetter.logstashforwarder.FileState,FileState/1[java.io.File],true,66,1,4,3,1,1,6,8,0,0,1,6,0,0,0,0,0,0,1,0,6,0,0,0,0,0,14,1,0,false
E:\Siva_ood_projects\logstash-forwarder-java\src\main\java\info\fetter\logstashforwarder\FileState.java,info.fetter.logstashforwarder.FileState,setFileName/1[java.lang.String],false,113,1,2,1,1,3,1,6,0,0,1,1,1,1,0,2,0,0,0,0,1,0,1,0,0,0,12,1,0,false
E:\Siva_ood_projects\logstash-forwarder-java\src\main\java\info\fetter\logstashforwarder\FileState.java,info.fetter.logstashforwarder.FileState,setSignatureLength/1[int],false,160,0,2,2,0,1,0,3,0,0,1,0,0,0,0,0,0,0,0,0,1,0,0,0,0,0,4,1,0,false
E:\Siva_ood_projects\logstash-forwarder-java\src\main\java\info\fetter\logstashforwarder\FileState.java,info.fetter.logstashforwarder.FileState,getDirectory/0,false,98,0,1,1,0,1,0,3,1,0,0,0,0,0,0,0,0,0,0,0,0,0,0,0,0,0,3,1,0,false
E:\Siva_ood_projects\logstash-forwarder-java\src\main\java\info\fetter\logstashforwarder\FileState.java,info.fetter.logstashforwarder.FileState,getOldFileState/0,false,164,1,1,1,0,1,0,3,1,0,0,0,0,0,0,0,0,0,0,0,0,0,0,0,0,0,5,1,0,false
E:\Siva_ood_projects\logstash-forwarder-java\src\main\java\info\fetter\logstashforwarder\FileState.java,info.fetter.logstashforwarder.FileState,getLastModified/0,false,90,0,1,1,0,1,0,3,1,0,0,0,0,0,0,0,0,0,0,0,0,0,0,0,0,0,4,1,0,false
E:\Siva_ood_projects\logstash-forwarder-java\src\main\java\info\fetter\logstashforwarder\FileState.java,info.fetter.logstashforwarder.FileState,getFile/0,false,86,0,8,8,0,1,0,3,1,0,0,0,0,0,0,0,0,0,0,0,0,0,0,0,0,0,3,1,0,false
E:\Siva_ood_projects\logstash-forwarder-java\src\main\java\info\fetter\logstashforwarder\FileState.java,info.fetter.logstashforwarder.FileState,getFilter/0,false,196,1,2,2,0,1,0,3,1,0,0,0,0,0,0,0,0,0,0,0,0,0,0,0,0,0,3,1,0,false
E:\Siva_ood_projects\logstash-forwarder-java\src\main\java\info\fetter\logstashforwarder\FileState.java,info.fetter.logstashforwarder.FileState,setOldFileState/1[info.fetter.logstashforwarder.FileState],false,168,1,2,1,1,1,1,4,0,0,1,1,1,1,0,0,0,0,0,0,1,0,0,0,0,0,6,1,0,false
E:\Siva_ood_projects\logstash-forwarder-java\src\main\java\info\fetter\logstashforwarder\FileState.java,info.fetter.logstashforwarder.FileState,setSignature/1[long],false,140,0,2,2,0,1,0,3,0,0,1,0,0,0,0,0,0,0,0,0,1,0,0,0,0,0,3,1,0,false
E:\Siva_ood_projects\logstash-forwarder-java\src\main\java\info\fetter\logstashforwarder\FileState.java,info.fetter.logstashforwarder.FileState,getRandomAccessFile/0,false,144,1,8,8,0,1,0,3,1,0,0,0,0,0,0,0,0,0,0,0,0,0,0,0,0,0,5,1,0,false
E:\Siva_ood_projects\logstash-forwarder-java\src\main\java\info\fetter\logstashforwarder\FileState.java,info.fetter.logstashforwarder.FileState,deleteOldFileState/0,false,173,2,3,1,2,2,2,8,0,0,0,2,1,1,0,0,1,0,0,0,1,0,1,0,0,0,8,1,0,false
E:\Siva_ood_projects\logstash-forwarder-java\src\main\java\info\fetter\logstashforwarder\FileState.java,info.fetter.logstashforwarder.FileState,setFilter/1[info.fetter.logstashforwarder.Filter],false,200,1,1,1,0,1,0,3,0,0,1,0,0,0,0,0,0,0,0,0,1,0,0,0,0,0,3,1,0,false
E:\Siva_ood_projects\logstash-forwarder-java\src\main\java\info\fetter\logstashforwarder\Event.java,info.fetter.logstashforwarder.Event,getKeyValues/0,false,57,1,2,2,0,1,0,3,1,0,0,0,0,0,0,0,0,0,0,0,0,0,0,0,0,0,4,1,0,false
E:\Siva_ood_projects\logstash-forwarder-java\src\main\java\info\fetter\logstashforwarder\Event.java,info.fetter.logstashforwarder.Event,Event/1[info.fetter.logstashforwarder.Event],true,30,1,2,2,0,2,1,5,0,0,1,1,0,0,0,1,0,0,0,0,0,0,1,0,0,0,3,1,0,false
E:\Siva_ood_projects\logstash-forwarder-java\src\main\java\info\fetter\logstashforwarder\Event.java,info.fetter.logstashforwarder.Event,"addField/2[java.lang.String,long]",false,52,1,2,2,0,1,3,4,1,0,2,3,0,0,0,0,0,0,0,0,0,0,0,0,0,0,7,1,0,false
E:\Siva_ood_projects\logstash-forwarder-java\src\main\java\info\fetter\logstashforwarder\Event.java,info.fetter.logstashforwarder.Event,getValue/1[java.lang.String],false,61,1,2,2,0,1,1,3,1,0,1,1,0,0,0,0,0,0,0,0,0,0,0,0,0,0,4,1,0,false
E:\Siva_ood_projects\logstash-forwarder-java\src\main\java\info\fetter\logstashforwarder\Event.java,info.fetter.logstashforwarder.Event,"addField/2[java.lang.String,byte[]]",false,42,2,1,1,0,1,1,4,1,0,2,1,0,0,0,0,0,0,0,0,0,0,0,0,0,0,4,1,0,false
E:\Siva_ood_projects\logstash-forwarder-java\src\main\java\info\fetter\logstashforwarder\Event.java,info.fetter.logstashforwarder.Event,"Event/1[java.util.Map<java.lang.String,java.lang.String>]",true,36,1,2,1,1,2,3,5,0,0,1,3,1,1,1,0,0,0,0,0,0,0,1,0,0,0,8,1,0,false
E:\Siva_ood_projects\logstash-forwarder-java\src\main\java\info\fetter\logstashforwarder\Event.java,info.fetter.logstashforwarder.Event,Event/0,true,27,0,6,6,0,1,0,2,0,0,0,0,0,0,0,0,0,0,0,0,0,0,0,0,0,0,1,1,0,false
E:\Siva_ood_projects\logstash-forwarder-java\src\main\java\info\fetter\logstashforwarder\Event.java,info.fetter.logstashforwarder.Event,"addField/2[java.lang.String,java.lang.String]",false,47,1,9,9,0,1,2,4,1,0,2,2,0,0,0,0,0,0,0,0,0,0,0,0,0,0,7,1,0,false
E:\Siva_ood_projects\logstash-forwarder-java\src\main\java\info\fetter\logstashforwarder\util\KMPMatch.java,info.fetter.logstashforwarder.util.KMPMatch,computeFailure/1[byte[]],false,110,2,1,1,0,5,0,10,1,3,1,0,0,0,2,2,0,0,0,4,5,1,2,0,0,0,6,2,0,false
E:\Siva_ood_projects\logstash-forwarder-java\src\main\java\info\fetter\logstashforwarder\util\KMPMatch.java,info.fetter.logstashforwarder.util.KMPMatch,"indexOf/3[byte[],int,int]",false,66,1,1,1,0,7,0,10,3,2,3,0,0,0,2,4,0,0,0,7,3,4,2,0,0,0,20,1,0,true
E:\Siva_ood_projects\logstash-forwarder-java\src\main\java\info\fetter\logstashforwarder\util\KMPMatch.java,info.fetter.logstashforwarder.util.KMPMatch,getMatchLength/0,false,57,0,1,1,0,1,0,3,1,0,0,0,0,0,0,0,0,0,0,0,0,0,0,0,0,0,3,1,0,false
E:\Siva_ood_projects\logstash-forwarder-java\src\main\java\info\fetter\logstashforwarder\util\KMPMatch.java,info.fetter.logstashforwarder.util.KMPMatch,KMPMatch/1[byte[]],true,52,2,1,0,1,1,1,4,0,0,1,1,1,1,0,0,0,0,0,0,2,0,0,0,0,0,11,1,0,true
E:\Siva_ood_projects\logstash-forwarder-java\src\main\java\info\fetter\logstashforwarder\util\AdapterException.java,info.fetter.logstashforwarder.util.AdapterException,AdapterException/1[java.lang.Throwable],true,27,0,2,2,0,1,0,3,0,0,1,0,0,0,0,0,0,0,0,0,0,0,0,0,0,0,4,1,0,false
E:\Siva_ood_projects\logstash-forwarder-java\src\main\java\info\fetter\logstashforwarder\util\AdapterException.java,info.fetter.logstashforwarder.util.AdapterException,AdapterException/1[java.lang.String],true,23,0,0,0,0,1,0,3,0,0,1,0,0,0,0,0,0,0,0,0,0,0,0,0,0,0,3,1,0,false
E:\Siva_ood_projects\logstash-forwarder-java\src\test\java\info\fetter\logstashforwarder\config\ConfigurationManagerTest.java,info.fetter.logstashforwarder.config.ConfigurationManagerTest,testReadConfig1/0,false,51,5,9,0,9,6,14,22,0,1,0,14,0,0,2,0,0,0,8,3,1,3,2,0,0,0,20,1,5,false
E:\Siva_ood_projects\logstash-forwarder-java\src\test\java\info\fetter\logstashforwarder\config\ConfigurationManagerTest.java,info.fetter.logstashforwarder.config.ConfigurationManagerTest,tearDownAfterClass/0,false,46,1,0,0,0,1,1,3,0,0,0,1,0,0,0,0,0,0,0,0,0,0,0,0,0,0,5,9,0,false
E:\Siva_ood_projects\logstash-forwarder-java\src\test\java\info\fetter\logstashforwarder\config\ConfigurationManagerTest.java,info.fetter.logstashforwarder.config.ConfigurationManagerTest,setUpBeforeClass/0,false,40,1,0,0,0,1,3,4,0,0,0,3,0,0,0,0,0,0,0,0,0,0,0,0,0,0,10,9,0,false
E:\Siva_ood_projects\logstash-forwarder-java\src\main\java\info\fetter\logstashforwarder\config\FilesSection.java,info.fetter.logstashforwarder.config.FilesSection,getMultiline/0,false,86,1,2,2,0,1,0,3,1,0,0,0,0,0,0,0,0,0,0,0,0,0,0,0,0,0,3,1,0,false
E:\Siva_ood_projects\logstash-forwarder-java\src\main\java\info\fetter\logstashforwarder\config\FilesSection.java,info.fetter.logstashforwarder.config.FilesSection,setDeadTime/1[java.lang.String],false,82,0,0,0,0,1,0,3,0,0,1,0,0,0,0,0,0,0,0,0,1,0,0,0,0,0,4,1,0,false
E:\Siva_ood_projects\logstash-forwarder-java\src\main\java\info\fetter\logstashforwarder\config\FilesSection.java,info.fetter.logstashforwarder.config.FilesSection,getFilter/0,false,94,1,1,1,0,1,0,3,1,0,0,0,0,0,0,0,0,0,0,0,0,0,0,0,0,0,3,1,0,false
E:\Siva_ood_projects\logstash-forwarder-java\src\main\java\info\fetter\logstashforwarder\config\FilesSection.java,info.fetter.logstashforwarder.config.FilesSection,"setFilter/1[java.util.Map<java.lang.String,java.lang.String>]",false,98,1,1,0,1,1,0,3,0,0,1,0,0,0,0,0,0,0,0,0,1,0,0,0,0,0,7,1,0,false
E:\Siva_ood_projects\logstash-forwarder-java\src\main\java\info\fetter\logstashforwarder\config\FilesSection.java,info.fetter.logstashforwarder.config.FilesSection,getPaths/0,false,37,0,2,2,0,1,0,3,1,0,0,0,0,0,0,0,0,0,0,0,0,0,0,0,0,0,3,1,0,false
E:\Siva_ood_projects\logstash-forwarder-java\src\main\java\info\fetter\logstashforwarder\config\FilesSection.java,info.fetter.logstashforwarder.config.FilesSection,setPaths/1[java.util.List<java.lang.String>],false,41,0,0,0,0,1,0,3,0,0,1,0,0,0,0,0,0,0,0,0,1,0,0,0,0,0,3,1,0,false
E:\Siva_ood_projects\logstash-forwarder-java\src\main\java\info\fetter\logstashforwarder\config\FilesSection.java,info.fetter.logstashforwarder.config.FilesSection,toString/0,false,103,1,0,0,0,1,2,3,1,0,0,2,0,0,0,0,0,0,5,0,0,0,0,0,0,0,4,1,0,false
E:\Siva_ood_projects\logstash-forwarder-java\src\main\java\info\fetter\logstashforwarder\config\FilesSection.java,info.fetter.logstashforwarder.config.FilesSection,getFields/0,false,45,0,1,1,0,1,0,3,1,0,0,0,0,0,0,0,0,0,0,0,0,0,0,0,0,0,3,1,0,false
E:\Siva_ood_projects\logstash-forwarder-java\src\main\java\info\fetter\logstashforwarder\config\FilesSection.java,info.fetter.logstashforwarder.config.FilesSection,"setMultiline/1[java.util.Map<java.lang.String,java.lang.String>]",false,90,1,1,0,1,1,0,3,0,0,1,0,0,0,0,0,0,0,0,0,1,0,0,0,0,0,7,1,0,false
E:\Siva_ood_projects\logstash-forwarder-java\src\main\java\info\fetter\logstashforwarder\config\FilesSection.java,info.fetter.logstashforwarder.config.FilesSection,"setFields/1[java.util.Map<java.lang.String,java.lang.String>]",false,49,0,0,0,0,1,0,3,0,0,1,0,0,0,0,0,0,0,0,0,1,0,0,0,0,0,3,1,0,false
E:\Siva_ood_projects\logstash-forwarder-java\src\main\java\info\fetter\logstashforwarder\config\FilesSection.java,info.fetter.logstashforwarder.config.FilesSection,getDeadTime/0,false,53,0,1,1,0,1,0,3,1,0,0,0,0,0,0,0,0,0,0,0,0,0,0,0,0,0,4,1,0,false
E:\Siva_ood_projects\logstash-forwarder-java\src\main\java\info\fetter\logstashforwarder\config\FilesSection.java,info.fetter.logstashforwarder.config.FilesSection,getDeadTimeInSeconds/0,false,57,0,2,2,0,6,3,23,1,5,0,3,0,0,0,0,0,0,6,13,10,2,2,0,0,0,12,1,0,false
E:\Siva_ood_projects\logstash-forwarder-java\src\main\java\info\fetter\logstashforwarder\Filter.java,info.fetter.logstashforwarder.Filter,Filter/1[info.fetter.logstashforwarder.Filter],true,33,1,0,0,0,2,0,6,0,0,1,0,0,0,0,1,0,0,0,0,2,0,1,0,0,0,3,1,0,false
E:\Siva_ood_projects\logstash-forwarder-java\src\main\java\info\fetter\logstashforwarder\Filter.java,info.fetter.logstashforwarder.Filter,getPattern/0,false,54,0,0,0,0,1,0,3,1,0,0,0,0,0,0,0,0,0,0,0,0,0,0,0,0,0,3,1,0,false
E:\Siva_ood_projects\logstash-forwarder-java\src\main\java\info\fetter\logstashforwarder\Filter.java,info.fetter.logstashforwarder.Filter,toString/0,false,82,1,0,0,0,1,2,3,1,0,0,2,0,0,0,0,0,0,2,0,0,0,0,0,0,0,4,1,0,false
E:\Siva_ood_projects\logstash-forwarder-java\src\main\java\info\fetter\logstashforwarder\Filter.java,info.fetter.logstashforwarder.Filter,accept/1[java.lang.String],false,75,0,2,2,0,2,2,5,2,1,1,2,0,0,0,0,0,0,0,0,1,0,1,0,0,0,4,1,0,false
E:\Siva_ood_projects\logstash-forwarder-java\src\main\java\info\fetter\logstashforwarder\Filter.java,info.fetter.logstashforwarder.Filter,"Filter/1[java.util.Map<java.lang.String,java.lang.String>]",true,40,0,1,1,0,4,5,9,0,1,1,5,0,0,1,0,0,0,4,0,4,1,3,0,0,0,11,1,0,false
E:\Siva_ood_projects\logstash-forwarder-java\src\main\java\info\fetter\logstashforwarder\Filter.java,info.fetter.logstashforwarder.Filter,isNegate/0,false,58,0,0,0,0,1,0,3,1,0,0,0,0,0,0,0,0,0,0,0,0,0,0,0,0,0,3,1,0,false
E:\Siva_ood_projects\logstash-forwarder-java\src\main\java\info\fetter\logstashforwarder\Filter.java,info.fetter.logstashforwarder.Filter,Filter/0,true,30,0,0,0,0,1,0,2,0,0,0,0,0,0,0,0,0,0,0,0,0,0,0,0,0,0,1,1,0,false
E:\Siva_ood_projects\logstash-forwarder-java\src\main\java\info\fetter\logstashforwarder\Filter.java,info.fetter.logstashforwarder.Filter,accept/1[byte[]],false,62,2,2,1,1,2,3,10,2,0,1,3,1,1,0,0,1,0,1,0,0,1,1,0,0,0,9,1,0,false
E:\Siva_ood_projects\logstash-forwarder-java\src\main\java\info\fetter\logstashforwarder\FileReader.java,info.fetter.logstashforwarder.FileReader,"readFile/2[info.fetter.logstashforwarder.FileState,int]",false,73,3,8,1,7,9,13,36,1,4,2,13,2,3,0,1,1,0,8,1,7,6,3,0,0,0,32,2,5,false
E:\Siva_ood_projects\logstash-forwarder-java\src\main\java\info\fetter\logstashforwarder\FileReader.java,info.fetter.logstashforwarder.FileReader,readFiles/1[java.util.Collection<info.fetter.logstashforwarder.FileState>],false,49,4,7,3,4,6,9,24,1,1,1,9,1,4,2,0,1,0,2,3,3,2,2,0,0,0,15,1,1,false
E:\Siva_ood_projects\logstash-forwarder-java\src\main\java\info\fetter\logstashforwarder\FileReader.java,info.fetter.logstashforwarder.FileReader,"copyLineToBuffer/2[byte[],java.nio.ByteBuffer]",false,137,1,1,1,0,2,3,8,0,0,2,3,0,0,0,0,0,0,0,1,0,0,1,0,0,0,6,10,0,false
E:\Siva_ood_projects\logstash-forwarder-java\src\main\java\info\fetter\logstashforwarder\FileReader.java,info.fetter.logstashforwarder.FileReader,extractBytes/1[java.nio.ByteBuffer],false,129,1,2,2,0,1,4,7,1,1,1,4,0,0,0,0,0,0,0,0,1,0,0,0,0,0,6,10,0,false
E:\Siva_ood_projects\logstash-forwarder-java\src\main\java\info\fetter\logstashforwarder\FileReader.java,info.fetter.logstashforwarder.FileReader,readLine/1[info.fetter.logstashforwarder.util.RandomAccessFile],false,216,3,3,1,2,7,5,25,2,2,1,5,1,1,1,1,0,1,0,1,4,0,4,0,0,0,20,2,0,false
E:\Siva_ood_projects\logstash-forwarder-java\src\main\java\info\fetter\logstashforwarder\FileReader.java,info.fetter.logstashforwarder.FileReader,"readLines/2[info.fetter.logstashforwarder.FileState,int]",false,145,6,13,1,12,17,19,67,1,4,2,19,3,2,1,3,1,0,5,5,6,4,7,0,0,0,36,2,4,false
E:\Siva_ood_projects\logstash-forwarder-java\src\main\java\info\fetter\logstashforwarder\FileReader.java,info.fetter.logstashforwarder.FileReader,FileReader/1[int],true,45,0,3,3,0,1,0,3,0,0,1,0,0,0,0,0,0,0,0,0,0,0,0,0,0,0,4,1,0,false
E:\Siva_ood_projects\logstash-forwarder-java\src\main\java\info\fetter\logstashforwarder\FileReader.java,info.fetter.logstashforwarder.FileReader,isCompressedFile/1[info.fetter.logstashforwarder.FileState],false,106,3,5,1,4,5,7,21,2,3,1,7,0,0,1,1,1,0,2,1,3,2,3,0,0,0,26,2,2,false
E:\Siva_ood_projects\logstash-forwarder-java\src\main\java\info\fetter\logstashforwarder\config\NetworkSection.java,info.fetter.logstashforwarder.config.NetworkSection,getServers/0,false,36,0,1,1,0,1,0,3,1,0,0,0,0,0,0,0,0,0,0,0,0,0,0,0,0,0,3,1,0,false
E:\Siva_ood_projects\logstash-forwarder-java\src\main\java\info\fetter\logstashforwarder\config\NetworkSection.java,info.fetter.logstashforwarder.config.NetworkSection,setSslCA/1[java.lang.String],false,56,0,0,0,0,1,0,3,0,0,1,0,0,0,0,0,0,0,0,0,1,0,0,0,0,0,5,1,0,false
E:\Siva_ood_projects\logstash-forwarder-java\src\main\java\info\fetter\logstashforwarder\config\NetworkSection.java,info.fetter.logstashforwarder.config.NetworkSection,toString/0,false,77,1,0,0,0,1,2,3,1,0,0,2,0,0,0,0,0,0,4,0,0,0,0,0,0,0,4,1,0,false
E:\Siva_ood_projects\logstash-forwarder-java\src\main\java\info\fetter\logstashforwarder\config\NetworkSection.java,info.fetter.logstashforwarder.config.NetworkSection,getSslCA/0,false,52,0,1,1,0,1,0,3,1,0,0,0,0,0,0,0,0,0,0,0,0,0,0,0,0,0,5,1,0,false
E:\Siva_ood_projects\logstash-forwarder-java\src\main\java\info\fetter\logstashforwarder\config\NetworkSection.java,info.fetter.logstashforwarder.config.NetworkSection,setSslCertificate/1[java.lang.String],false,48,0,0,0,0,1,0,3,0,0,1,0,0,0,0,0,0,0,0,0,1,0,0,0,0,0,4,1,0,false
E:\Siva_ood_projects\logstash-forwarder-java\src\main\java\info\fetter\logstashforwarder\config\NetworkSection.java,info.fetter.logstashforwarder.config.NetworkSection,setSslKey/1[java.lang.String],false,72,0,0,0,0,1,0,3,0,0,1,0,0,0,0,0,0,0,0,0,1,0,0,0,0,0,4,1,0,false
E:\Siva_ood_projects\logstash-forwarder-java\src\main\java\info\fetter\logstashforwarder\config\NetworkSection.java,info.fetter.logstashforwarder.config.NetworkSection,setTimeout/1[int],false,64,0,0,0,0,1,0,3,0,0,1,0,0,0,0,0,0,0,0,0,1,0,0,0,0,0,3,1,0,false
E:\Siva_ood_projects\logstash-forwarder-java\src\main\java\info\fetter\logstashforwarder\config\NetworkSection.java,info.fetter.logstashforwarder.config.NetworkSection,setServers/1[java.util.List<java.lang.String>],false,40,0,0,0,0,1,0,3,0,0,1,0,0,0,0,0,0,0,0,0,1,0,0,0,0,0,3,1,0,false
E:\Siva_ood_projects\logstash-forwarder-java\src\main\java\info\fetter\logstashforwarder\config\NetworkSection.java,info.fetter.logstashforwarder.config.NetworkSection,getTimeout/0,false,60,0,1,1,0,1,0,3,1,0,0,0,0,0,0,0,0,0,0,0,0,0,0,0,0,0,3,1,0,false
E:\Siva_ood_projects\logstash-forwarder-java\src\main\java\info\fetter\logstashforwarder\config\NetworkSection.java,info.fetter.logstashforwarder.config.NetworkSection,getSslKey/0,false,68,0,0,0,0,1,0,3,1,0,0,0,0,0,0,0,0,0,0,0,0,0,0,0,0,0,4,1,0,false
E:\Siva_ood_projects\logstash-forwarder-java\src\main\java\info\fetter\logstashforwarder\config\NetworkSection.java,info.fetter.logstashforwarder.config.NetworkSection,getSslCertificate/0,false,44,0,0,0,0,1,0,3,1,0,0,0,0,0,0,0,0,0,0,0,0,0,0,0,0,0,4,1,0,false
E:\Siva_ood_projects\logstash-forwarder-java\src\main\java\info\fetter\logstashforwarder\InputReader.java,info.fetter.logstashforwarder.InputReader,readLine/0,false,65,1,1,1,0,5,7,25,2,3,0,7,0,0,1,0,0,0,0,0,5,0,3,0,0,0,13,2,0,false
E:\Siva_ood_projects\logstash-forwarder-java\src\main\java\info\fetter\logstashforwarder\InputReader.java,info.fetter.logstashforwarder.InputReader,"InputReader/2[int,java.io.InputStream]",true,35,0,3,3,0,1,0,4,0,0,2,0,0,0,0,0,0,0,0,0,1,0,0,0,0,0,8,1,0,false
E:\Siva_ood_projects\logstash-forwarder-java\src\main\java\info\fetter\logstashforwarder\InputReader.java,info.fetter.logstashforwarder.InputReader,readInput/0,false,40,2,5,3,2,2,4,10,1,1,0,4,1,2,0,0,0,0,1,2,2,0,1,0,0,0,9,1,1,false
E:\Siva_ood_projects\logstash-forwarder-java\src\main\java\info\fetter\logstashforwarder\InputReader.java,info.fetter.logstashforwarder.InputReader,readLines/0,false,54,3,3,1,2,3,2,10,1,2,0,2,1,1,1,1,0,1,1,1,3,0,1,0,0,0,14,2,0,false
E:\Siva_ood_projects\logstash-forwarder-java\src\main\java\info\fetter\logstashforwarder\InputReader.java,info.fetter.logstashforwarder.InputReader,setFields/1[info.fetter.logstashforwarder.Event],false,91,1,1,1,0,1,0,3,0,0,1,0,0,0,0,0,0,0,0,0,1,0,0,0,0,0,4,1,0,false
E:\Siva_ood_projects\logstash-forwarder-java\src\test\java\info\fetter\logstashforwarder\RegistrarTest.java,info.fetter.logstashforwarder.RegistrarTest,testWriteState2/0,false,61,3,7,0,7,1,9,20,0,4,0,9,0,0,0,0,0,0,6,7,4,1,0,0,0,0,14,1,1,false
E:\Siva_ood_projects\logstash-forwarder-java\src\test\java\info\fetter\logstashforwarder\RegistrarTest.java,info.fetter.logstashforwarder.RegistrarTest,testReadState1/0,false,53,4,1,0,1,2,5,6,0,1,0,5,0,0,1,0,0,0,2,0,1,1,1,0,0,0,10,1,1,false
E:\Siva_ood_projects\logstash-forwarder-java\src\test\java\info\fetter\logstashforwarder\RegistrarTest.java,info.fetter.logstashforwarder.RegistrarTest,tearDownAfterClass/0,false,48,1,0,0,0,1,1,3,0,0,0,1,0,0,0,0,0,0,0,0,0,0,0,0,0,0,5,9,0,false
E:\Siva_ood_projects\logstash-forwarder-java\src\test\java\info\fetter\logstashforwarder\RegistrarTest.java,info.fetter.logstashforwarder.RegistrarTest,setUpBeforeClass/0,false,42,1,0,0,0,1,3,4,0,0,0,3,0,0,0,0,0,0,0,0,0,0,0,0,0,0,10,9,0,false
E:\Siva_ood_projects\logstash-forwarder-java\src\main\java\info\fetter\logstashforwarder\Registrar.java,info.fetter.logstashforwarder.Registrar,"writeStateToJson/2[java.io.File,java.util.Collection<info.fetter.logstashforwarder.FileState>]",false,43,1,2,2,0,1,1,3,0,0,2,1,0,0,0,0,0,0,0,0,0,0,0,0,0,0,10,9,0,false
E:\Siva_ood_projects\logstash-forwarder-java\src\main\java\info\fetter\logstashforwarder\Registrar.java,info.fetter.logstashforwarder.Registrar,readStateFromJson/1[java.io.File],false,34,1,2,2,0,1,1,4,1,1,1,1,0,0,0,0,0,0,0,0,1,0,0,0,0,0,11,9,0,false
E:\Siva_ood_projects\logstash-forwarder-java\src\main\java\info\fetter\logstashforwarder\Registrar.java,info.fetter.logstashforwarder.Registrar,readStateFromJson/1[java.lang.String],false,39,2,2,1,1,1,1,3,1,0,1,1,1,1,0,0,0,0,0,0,0,0,0,0,0,0,9,9,0,false
E:\Siva_ood_projects\logstash-forwarder-java\src\main\java\info\fetter\logstashforwarder\Registrar.java,info.fetter.logstashforwarder.Registrar,"writeStateToJson/2[java.lang.String,java.util.Collection<info.fetter.logstashforwarder.FileState>]",false,47,2,2,1,1,1,1,3,0,0,2,1,1,1,0,0,0,0,0,0,0,0,0,0,0,0,11,9,0,false
E:\Siva_ood_projects\logstash-forwarder-java\src\main\java\info\fetter\logstashforwarder\FileSigner.java,info.fetter.logstashforwarder.FileSigner,"computeSignature/2[info.fetter.logstashforwarder.util.RandomAccessFile,int]",false,13,2,4,2,2,1,5,8,1,1,2,5,0,0,0,0,0,0,0,1,1,0,0,0,0,0,11,9,0,false
E:\Siva_ood_projects\logstash-forwarder-java\src\main\java\info\fetter\logstashforwarder\Forwarder.java,info.fetter.logstashforwarder.Forwarder,infiniteLoop/0,false,97,2,5,1,4,5,6,15,0,0,0,6,1,1,3,2,1,0,1,0,0,0,3,0,0,0,19,10,1,false
E:\Siva_ood_projects\logstash-forwarder-java\src\main\java\info\fetter\logstashforwarder\Forwarder.java,info.fetter.logstashforwarder.Forwarder,parseOptions/1[java.lang.String[]],false,149,6,2,1,1,16,13,72,0,17,1,13,1,1,0,0,1,0,59,2,30,0,2,0,0,0,77,8,0,false
E:\Siva_ood_projects\logstash-forwarder-java\src\main\java\info\fetter\logstashforwarder\Forwarder.java,info.fetter.logstashforwarder.Forwarder,setupLogging/0,false,264,6,1,1,0,3,8,20,0,3,0,8,0,0,0,1,0,0,1,0,4,0,1,0,0,0,29,10,0,false
E:\Siva_ood_projects\logstash-forwarder-java\src\main\java\info\fetter\logstashforwarder\Forwarder.java,info.fetter.logstashforwarder.Forwarder,connectToServer/0,false,112,6,12,2,10,7,19,40,0,3,0,19,0,0,1,2,3,0,8,4,7,5,3,0,0,0,23,10,5,false
E:\Siva_ood_projects\logstash-forwarder-java\src\main\java\info\fetter\logstashforwarder\Forwarder.java,info.fetter.logstashforwarder.Forwarder,main/1[java.lang.String[]],false,71,8,22,0,22,4,19,26,0,0,1,19,4,3,2,0,1,0,0,2,4,1,3,0,0,0,35,9,0,false
E:\Siva_ood_projects\logstash-forwarder-java\src\main\java\info\fetter\logstashforwarder\Forwarder.java,info.fetter.logstashforwarder.Forwarder,printHelp/1[info.fetter.logstashforwarder.Options],false,259,2,1,1,0,1,1,4,0,1,1,1,0,0,0,0,0,0,1,0,1,0,0,0,0,0,6,10,0,false
E:\Siva_ood_projects\logstash-forwarder-java\src\main\java\info\fetter\logstashforwarder\util\RandomAccessFile.java,info.fetter.logstashforwarder.util.RandomAccessFile,"writeChar/3[char[],int,int]",false,1459,2,1,0,1,2,1,5,0,1,3,1,1,5,1,0,0,0,0,1,1,1,1,0,0,0,25,17,0,true
E:\Siva_ood_projects\logstash-forwarder-java\src\main\java\info\fetter\logstashforwarder\util\RandomAccessFile.java,info.fetter.logstashforwarder.util.RandomAccessFile,writeChars/1[java.lang.String],false,1621,1,1,0,1,2,3,8,0,3,1,3,1,4,1,0,0,2,0,4,3,1,1,0,0,0,33,17,0,true
E:\Siva_ood_projects\logstash-forwarder-java\src\main\java\info\fetter\logstashforwarder\util\RandomAccessFile.java,info.fetter.logstashforwarder.util.RandomAccessFile,"searchForward/2[info.fetter.logstashforwarder.util.KMPMatch,int]",false,1700,2,6,0,6,6,7,31,3,8,2,7,4,3,1,0,0,4,0,5,13,10,2,0,0,0,58,1,0,true
E:\Siva_ood_projects\logstash-forwarder-java\src\main\java\info\fetter\logstashforwarder\util\RandomAccessFile.java,info.fetter.logstashforwarder.util.RandomAccessFile,getDebugNbytes/0,false,139,0,0,0,0,2,1,3,1,0,0,1,0,0,0,1,0,1,0,1,0,0,0,0,0,0,6,9,0,false
E:\Siva_ood_projects\logstash-forwarder-java\src\main\java\info\fetter\logstashforwarder\util\RandomAccessFile.java,info.fetter.logstashforwarder.util.RandomAccessFile,readLong/0,false,1188,1,4,3,1,2,1,8,2,0,0,1,1,5,0,0,0,6,0,4,0,4,1,0,0,0,61,17,0,true
E:\Siva_ood_projects\logstash-forwarder-java\src\main\java\info\fetter\logstashforwarder\util\RandomAccessFile.java,info.fetter.logstashforwarder.util.RandomAccessFile,"writeBytes/3[char[],int,int]",false,1606,2,1,0,1,2,1,5,0,1,3,1,1,4,1,0,0,0,0,0,1,0,1,0,0,0,37,17,0,true
E:\Siva_ood_projects\logstash-forwarder-java\src\main\java\info\fetter\logstashforwarder\util\RandomAccessFile.java,info.fetter.logstashforwarder.util.RandomAccessFile,readBuffer/1[long],false,377,1,4,2,2,3,2,16,0,0,1,2,2,1,0,0,0,0,0,3,7,1,1,0,0,0,21,4,0,false
E:\Siva_ood_projects\logstash-forwarder-java\src\main\java\info\fetter\logstashforwarder\util\RandomAccessFile.java,info.fetter.logstashforwarder.util.RandomAccessFile,readBytes/1[int],false,685,2,1,0,1,1,1,5,1,1,1,1,1,7,0,0,0,0,0,0,1,0,0,0,0,0,22,1,0,true
E:\Siva_ood_projects\logstash-forwarder-java\src\main\java\info\fetter\logstashforwarder\util\RandomAccessFile.java,info.fetter.logstashforwarder.util.RandomAccessFile,toString/0,false,1684,0,0,0,0,1,0,3,1,0,0,0,0,0,0,0,0,0,7,0,0,1,0,0,0,0,23,1,0,true
E:\Siva_ood_projects\logstash-forwarder-java\src\main\java\info\fetter\logstashforwarder\util\RandomAccessFile.java,info.fetter.logstashforwarder.util.RandomAccessFile,unread/0,false,758,0,0,0,0,1,0,3,0,0,0,0,0,0,0,0,0,0,0,0,0,0,0,0,0,0,21,1,0,true
E:\Siva_ood_projects\logstash-forwarder-java\src\main\java\info\fetter\logstashforwarder\util\RandomAccessFile.java,info.fetter.logstashforwarder.util.RandomAccessFile,"readDouble/3[double[],int,int]",false,1295,2,1,0,1,2,2,5,0,1,3,2,1,6,1,0,0,0,0,1,2,1,1,0,0,0,22,17,0,true
E:\Siva_ood_projects\logstash-forwarder-java\src\main\java\info\fetter\logstashforwarder\util\RandomAccessFile.java,info.fetter.logstashforwarder.util.RandomAccessFile,getOpenFiles/0,false,107,0,0,0,0,1,0,3,1,0,0,0,0,0,0,0,0,0,0,0,0,0,0,0,0,0,7,9,0,true
E:\Siva_ood_projects\logstash-forwarder-java\src\main\java\info\fetter\logstashforwarder\util\RandomAccessFile.java,info.fetter.logstashforwarder.util.RandomAccessFile,writeBoolean/1[boolean],false,1386,1,2,1,1,2,1,3,0,0,1,1,1,4,0,0,0,0,0,2,0,0,0,0,0,0,21,17,0,true
E:\Siva_ood_projects\logstash-forwarder-java\src\main\java\info\fetter\logstashforwarder\util\RandomAccessFile.java,info.fetter.logstashforwarder.util.RandomAccessFile,writeInt/1[int],false,1472,1,3,2,1,1,1,6,0,0,1,1,1,4,0,0,0,4,0,7,0,3,0,0,0,0,19,17,0,true
E:\Siva_ood_projects\logstash-forwarder-java\src\main\java\info\fetter\logstashforwarder\util\RandomAccessFile.java,info.fetter.logstashforwarder.util.RandomAccessFile,isAtEndOfFile/0,false,355,0,0,0,0,1,0,3,1,0,0,0,0,0,0,0,0,0,0,0,0,0,0,0,0,0,12,1,0,true
E:\Siva_ood_projects\logstash-forwarder-java\src\main\java\info\fetter\logstashforwarder\util\RandomAccessFile.java,info.fetter.logstashforwarder.util.RandomAccessFile,readUnsignedByte/0,false,954,1,1,0,1,2,1,7,1,1,0,1,1,4,0,0,0,0,0,1,1,0,1,0,0,0,39,17,0,true
E:\Siva_ood_projects\logstash-forwarder-java\src\main\java\info\fetter\logstashforwarder\util\RandomAccessFile.java,info.fetter.logstashforwarder.util.RandomAccessFile,seek/1[long],false,365,1,10,9,1,3,1,7,1,0,1,1,1,2,0,0,0,2,0,0,1,0,1,0,0,0,26,1,0,true
E:\Siva_ood_projects\logstash-forwarder-java\src\main\java\info\fetter\logstashforwarder\util\RandomAccessFile.java,info.fetter.logstashforwarder.util.RandomAccessFile,"writeInt/3[int[],int,int]",false,1487,2,1,0,1,2,1,5,0,1,3,1,1,5,1,0,0,0,0,1,1,1,1,0,0,0,25,17,0,true
E:\Siva_ood_projects\logstash-forwarder-java\src\main\java\info\fetter\logstashforwarder\util\RandomAccessFile.java,info.fetter.logstashforwarder.util.RandomAccessFile,"writeLong/3[long[],int,int]",false,1518,2,1,0,1,2,1,5,0,1,3,1,1,5,1,0,0,0,0,1,1,1,1,0,0,0,25,17,0,true
E:\Siva_ood_projects\logstash-forwarder-java\src\main\java\info\fetter\logstashforwarder\util\RandomAccessFile.java,info.fetter.logstashforwarder.util.RandomAccessFile,setDebugAccess/1[boolean],false,127,0,0,0,0,2,0,7,0,0,1,0,0,0,0,0,0,0,0,0,3,0,1,0,0,0,14,9,0,true
E:\Siva_ood_projects\logstash-forwarder-java\src\main\java\info\fetter\logstashforwarder\util\RandomAccessFile.java,info.fetter.logstashforwarder.util.RandomAccessFile,read/1[byte[]],false,674,2,3,2,1,1,1,3,1,0,1,1,1,4,0,0,0,0,0,1,0,0,0,0,0,0,38,1,0,true
E:\Siva_ood_projects\logstash-forwarder-java\src\main\java\info\fetter\logstashforwarder\util\RandomAccessFile.java,info.fetter.logstashforwarder.util.RandomAccessFile,"read/3[byte[],int,int]",false,661,2,2,1,1,1,1,3,1,0,3,1,1,4,0,0,0,0,0,0,0,0,0,0,0,0,46,1,0,true
E:\Siva_ood_projects\logstash-forwarder-java\src\main\java\info\fetter\logstashforwarder\util\RandomAccessFile.java,info.fetter.logstashforwarder.util.RandomAccessFile,getDebugLeaks/0,false,89,0,0,0,0,1,0,3,1,0,0,0,0,0,0,0,0,0,0,0,0,0,0,0,0,0,8,9,0,true
E:\Siva_ood_projects\logstash-forwarder-java\src\main\java\info\fetter\logstashforwarder\util\RandomAccessFile.java,info.fetter.logstashforwarder.util.RandomAccessFile,"readFully/3[byte[],int,int]",false,719,2,2,1,1,3,1,10,0,2,3,1,1,5,1,0,0,0,0,2,3,2,2,0,0,0,46,17,0,true
E:\Siva_ood_projects\logstash-forwarder-java\src\main\java\info\fetter\logstashforwarder\util\RandomAccessFile.java,info.fetter.logstashforwarder.util.RandomAccessFile,readUnsignedShort/0,false,1027,1,1,0,1,4,1,13,2,2,0,1,1,4,0,0,0,7,0,3,2,4,1,0,0,0,55,17,0,true
E:\Siva_ood_projects\logstash-forwarder-java\src\main\java\info\fetter\logstashforwarder\util\RandomAccessFile.java,info.fetter.logstashforwarder.util.RandomAccessFile,readByte/0,false,934,1,1,0,1,2,1,7,1,1,0,1,1,4,0,0,0,1,0,1,1,0,1,0,0,0,42,17,0,true
E:\Siva_ood_projects\logstash-forwarder-java\src\main\java\info\fetter\logstashforwarder\util\RandomAccessFile.java,info.fetter.logstashforwarder.util.RandomAccessFile,writeFloat/1[float],false,1534,1,2,1,1,1,2,3,0,0,1,2,1,5,0,0,0,0,0,0,0,0,0,0,0,0,27,17,0,true
E:\Siva_ood_projects\logstash-forwarder-java\src\main\java\info\fetter\logstashforwarder\util\RandomAccessFile.java,info.fetter.logstashforwarder.util.RandomAccessFile,getDebugNseeks/0,false,135,0,0,0,0,2,1,3,1,0,0,1,0,0,0,1,0,1,0,1,0,0,0,0,0,0,6,9,0,false
E:\Siva_ood_projects\logstash-forwarder-java\src\main\java\info\fetter\logstashforwarder\util\RandomAccessFile.java,info.fetter.logstashforwarder.util.RandomAccessFile,init/1[int],false,283,1,3,3,0,1,0,8,0,0,1,0,0,0,0,0,0,0,0,4,6,0,0,0,0,0,12,2,0,false
E:\Siva_ood_projects\logstash-forwarder-java\src\main\java\info\fetter\logstashforwarder\util\RandomAccessFile.java,info.fetter.logstashforwarder.util.RandomAccessFile,getFilePointer/0,false,406,0,3,3,0,1,0,3,1,0,0,0,0,0,0,0,0,0,0,0,0,0,0,0,0,0,25,1,0,true
E:\Siva_ood_projects\logstash-forwarder-java\src\main\java\info\fetter\logstashforwarder\util\RandomAccessFile.java,info.fetter.logstashforwarder.util.RandomAccessFile,RandomAccessFile/1[int],true,229,1,1,0,1,1,1,5,0,0,1,1,1,1,0,0,0,0,0,0,2,0,0,0,0,0,14,4,0,true
E:\Siva_ood_projects\logstash-forwarder-java\src\main\java\info\fetter\logstashforwarder\util\RandomAccessFile.java,info.fetter.logstashforwarder.util.RandomAccessFile,readFloat/0,false,1246,1,1,0,1,1,2,3,1,0,0,2,1,5,0,0,0,0,0,0,0,0,0,0,0,0,45,17,0,true
E:\Siva_ood_projects\logstash-forwarder-java\src\main\java\info\fetter\logstashforwarder\util\RandomAccessFile.java,info.fetter.logstashforwarder.util.RandomAccessFile,writeLong/1[long],false,1499,1,3,2,1,1,1,10,0,0,1,1,1,4,0,0,0,8,0,15,0,7,0,0,0,0,20,17,0,true
E:\Siva_ood_projects\logstash-forwarder-java\src\main\java\info\fetter\logstashforwarder\util\RandomAccessFile.java,info.fetter.logstashforwarder.util.RandomAccessFile,getRandomAccessFile/0,false,279,0,0,0,0,1,0,3,1,0,0,0,0,0,0,0,0,0,0,0,0,0,0,0,0,0,25,1,0,true
E:\Siva_ood_projects\logstash-forwarder-java\src\main\java\info\fetter\logstashforwarder\util\RandomAccessFile.java,info.fetter.logstashforwarder.util.RandomAccessFile,readDouble/0,false,1283,1,1,0,1,1,2,3,1,0,0,2,1,6,0,0,0,0,0,0,0,0,0,0,0,0,45,17,0,true
E:\Siva_ood_projects\logstash-forwarder-java\src\main\java\info\fetter\logstashforwarder\util\RandomAccessFile.java,info.fetter.logstashforwarder.util.RandomAccessFile,"readBytes/3[byte[],int,int]",false,540,2,6,3,3,9,4,34,4,3,3,4,3,3,0,0,0,4,0,5,8,7,3,0,0,0,60,4,0,true
E:\Siva_ood_projects\logstash-forwarder-java\src\main\java\info\fetter\logstashforwarder\util\RandomAccessFile.java,info.fetter.logstashforwarder.util.RandomAccessFile,skipBytes/1[int],false,741,1,2,0,2,1,2,4,1,0,1,2,2,3,0,0,0,0,0,0,0,1,0,0,0,0,40,1,0,true
E:\Siva_ood_projects\logstash-forwarder-java\src\main\java\info\fetter\logstashforwarder\util\RandomAccessFile.java,info.fetter.logstashforwarder.util.RandomAccessFile,readUTF/0,false,1356,0,0,0,0,1,1,3,1,0,0,1,0,0,0,0,0,0,0,0,0,0,0,0,0,0,63,17,0,true
E:\Siva_ood_projects\logstash-forwarder-java\src\main\java\info\fetter\logstashforwarder\util\RandomAccessFile.java,info.fetter.logstashforwarder.util.RandomAccessFile,"writeDouble/3[double[],int,int]",false,1575,2,1,0,1,2,1,5,0,1,3,1,1,6,1,0,0,0,0,1,1,1,1,0,0,0,25,17,0,true
E:\Siva_ood_projects\logstash-forwarder-java\src\main\java\info\fetter\logstashforwarder\util\RandomAccessFile.java,info.fetter.logstashforwarder.util.RandomAccessFile,readIntUnbuffered/1[long],false,1128,2,1,0,1,6,1,17,2,5,1,1,1,1,0,0,0,11,0,18,5,8,1,0,0,0,32,17,0,true
E:\Siva_ood_projects\logstash-forwarder-java\src\main\java\info\fetter\logstashforwarder\util\RandomAccessFile.java,info.fetter.logstashforwarder.util.RandomAccessFile,writeUTF/1[java.lang.String],false,1644,1,1,0,1,10,3,36,0,6,1,3,1,4,2,0,0,16,0,28,8,4,2,0,0,0,58,17,0,true
E:\Siva_ood_projects\logstash-forwarder-java\src\main\java\info\fetter\logstashforwarder\util\RandomAccessFile.java,info.fetter.logstashforwarder.util.RandomAccessFile,order/1[int],false,442,0,0,0,0,3,0,4,1,0,1,0,0,0,0,1,0,1,0,1,1,0,1,0,0,0,26,1,0,true
E:\Siva_ood_projects\logstash-forwarder-java\src\main\java\info\fetter\logstashforwarder\util\RandomAccessFile.java,info.fetter.logstashforwarder.util.RandomAccessFile,"read_/4[long,byte[],int,int]",false,634,1,3,3,0,5,5,13,1,1,4,5,0,0,0,0,0,2,4,0,2,2,2,0,0,0,47,4,0,true
E:\Siva_ood_projects\logstash-forwarder-java\src\main\java\info\fetter\logstashforwarder\util\RandomAccessFile.java,info.fetter.logstashforwarder.util.RandomAccessFile,"writeFloat/3[float[],int,int]",false,1546,2,1,0,1,2,1,5,0,1,3,1,1,6,1,0,0,0,0,1,1,1,1,0,0,0,25,17,0,true
E:\Siva_ood_projects\logstash-forwarder-java\src\main\java\info\fetter\logstashforwarder\util\RandomAccessFile.java,info.fetter.logstashforwarder.util.RandomAccessFile,write/1[int],false,777,1,13,11,2,3,2,22,0,2,1,2,2,3,0,1,0,2,0,0,6,2,2,0,0,0,41,1,0,true
E:\Siva_ood_projects\logstash-forwarder-java\src\main\java\info\fetter\logstashforwarder\util\RandomAccessFile.java,info.fetter.logstashforwarder.util.RandomAccessFile,readBoolean/0,false,909,1,1,0,1,3,1,7,1,1,0,1,1,4,0,1,0,1,0,2,1,0,1,0,0,0,35,17,0,true
E:\Siva_ood_projects\logstash-forwarder-java\src\main\java\info\fetter\logstashforwarder\util\RandomAccessFile.java,info.fetter.logstashforwarder.util.RandomAccessFile,readLine/0,false,1321,1,1,0,1,5,4,11,2,2,0,4,1,4,1,4,0,5,0,3,2,0,1,0,0,0,56,17,0,true
E:\Siva_ood_projects\logstash-forwarder-java\src\main\java\info\fetter\logstashforwarder\util\RandomAccessFile.java,info.fetter.logstashforwarder.util.RandomAccessFile,flush/0,false,466,0,3,3,0,2,2,7,0,0,0,2,0,0,0,0,0,0,0,1,1,0,1,0,0,0,15,1,0,true
E:\Siva_ood_projects\logstash-forwarder-java\src\main\java\info\fetter\logstashforwarder\util\RandomAccessFile.java,info.fetter.logstashforwarder.util.RandomAccessFile,getAllFiles/0,false,111,0,0,0,0,3,5,10,2,2,0,5,0,0,1,1,0,0,0,0,2,0,1,0,0,0,7,9,0,false
E:\Siva_ood_projects\logstash-forwarder-java\src\main\java\info\fetter\logstashforwarder\util\RandomAccessFile.java,info.fetter.logstashforwarder.util.RandomAccessFile,"writeBytes/3[byte[],int,int]",false,816,2,4,2,2,9,5,38,0,4,3,5,2,3,0,0,0,11,0,4,18,13,2,0,0,0,40,1,0,true
E:\Siva_ood_projects\logstash-forwarder-java\src\main\java\info\fetter\logstashforwarder\util\RandomAccessFile.java,info.fetter.logstashforwarder.util.RandomAccessFile,read/0,false,510,1,12,10,2,3,2,14,3,1,0,2,2,3,0,0,0,2,0,2,1,1,1,0,0,0,28,1,0,true
E:\Siva_ood_projects\logstash-forwarder-java\src\main\java\info\fetter\logstashforwarder\util\RandomAccessFile.java,info.fetter.logstashforwarder.util.RandomAccessFile,"writeBoolean/3[boolean[],int,int]",false,1398,2,1,0,1,2,1,5,0,1,3,1,1,5,1,0,0,0,0,1,1,1,1,0,0,0,25,17,0,true
E:\Siva_ood_projects\logstash-forwarder-java\src\main\java\info\fetter\logstashforwarder\util\RandomAccessFile.java,info.fetter.logstashforwarder.util.RandomAccessFile,writeByte/1[int],false,1410,1,1,0,1,1,1,3,0,0,1,1,1,4,0,0,0,0,0,0,0,0,0,0,0,0,17,17,0,true
E:\Siva_ood_projects\logstash-forwarder-java\src\main\java\info\fetter\logstashforwarder\util\RandomAccessFile.java,info.fetter.logstashforwarder.util.RandomAccessFile,setBufferSize/1[int],false,299,1,1,0,1,1,1,3,0,0,1,1,1,1,0,0,0,0,0,0,0,0,0,0,0,0,13,1,0,true
E:\Siva_ood_projects\logstash-forwarder-java\src\main\java\info\fetter\logstashforwarder\util\RandomAccessFile.java,info.fetter.logstashforwarder.util.RandomAccessFile,setExtendMode/0,false,494,0,0,0,0,1,0,3,0,0,0,0,0,0,0,0,0,0,0,0,1,0,0,0,0,0,26,1,0,true
E:\Siva_ood_projects\logstash-forwarder-java\src\main\java\info\fetter\logstashforwarder\util\RandomAccessFile.java,info.fetter.logstashforwarder.util.RandomAccessFile,"readToByteChannel/3[java.nio.channels.WritableByteChannel,long,long]",false,607,0,0,0,0,3,2,10,1,2,3,2,0,0,1,1,0,0,0,1,5,1,1,0,0,0,46,1,0,true
E:\Siva_ood_projects\logstash-forwarder-java\src\main\java\info\fetter\logstashforwarder\util\RandomAccessFile.java,info.fetter.logstashforwarder.util.RandomAccessFile,readString/1[int],false,1367,2,1,0,1,1,1,5,1,1,1,1,1,7,0,0,0,0,0,0,1,0,0,0,0,0,19,1,0,true
E:\Siva_ood_projects\logstash-forwarder-java\src\main\java\info\fetter\logstashforwarder\util\RandomAccessFile.java,info.fetter.logstashforwarder.util.RandomAccessFile,"RandomAccessFile/2[java.lang.String,java.lang.String]",true,242,0,1,1,0,1,0,4,0,0,2,0,0,0,0,0,0,0,0,0,1,0,0,0,0,0,17,1,0,true
E:\Siva_ood_projects\logstash-forwarder-java\src\main\java\info\fetter\logstashforwarder\util\RandomAccessFile.java,info.fetter.logstashforwarder.util.RandomAccessFile,getLocation/0,false,415,0,0,0,0,1,0,3,1,0,0,0,0,0,0,0,0,0,0,0,0,0,0,0,0,0,7,1,0,true
E:\Siva_ood_projects\logstash-forwarder-java\src\main\java\info\fetter\logstashforwarder\util\RandomAccessFile.java,info.fetter.logstashforwarder.util.RandomAccessFile,write/1[byte[]],false,877,2,1,0,1,1,1,3,0,0,1,1,1,4,0,0,0,0,0,1,0,0,0,0,0,0,19,1,0,true
E:\Siva_ood_projects\logstash-forwarder-java\src\main\java\info\fetter\logstashforwarder\util\RandomAccessFile.java,info.fetter.logstashforwarder.util.RandomAccessFile,"readFloat/3[float[],int,int]",false,1258,2,1,0,1,2,2,5,0,1,3,2,1,5,1,0,0,0,0,1,2,1,1,0,0,0,22,17,0,true
E:\Siva_ood_projects\logstash-forwarder-java\src\main\java\info\fetter\logstashforwarder\util\RandomAccessFile.java,info.fetter.logstashforwarder.util.RandomAccessFile,readShort/0,false,981,1,2,1,1,4,1,13,2,2,0,1,1,4,0,0,0,7,0,3,2,4,1,0,0,0,58,17,0,true
E:\Siva_ood_projects\logstash-forwarder-java\src\main\java\info\fetter\logstashforwarder\util\RandomAccessFile.java,info.fetter.logstashforwarder.util.RandomAccessFile,readChar/0,false,1073,1,1,0,1,4,1,13,2,2,0,1,1,4,0,0,0,7,0,3,2,4,1,0,0,0,52,17,0,true
E:\Siva_ood_projects\logstash-forwarder-java\src\main\java\info\fetter\logstashforwarder\util\RandomAccessFile.java,info.fetter.logstashforwarder.util.RandomAccessFile,setDebugLeaks/1[boolean],false,98,0,0,0,0,1,0,3,0,0,1,0,0,0,0,0,0,0,0,0,1,0,0,0,0,0,9,9,0,true
E:\Siva_ood_projects\logstash-forwarder-java\src\main\java\info\fetter\logstashforwarder\util\RandomAccessFile.java,info.fetter.logstashforwarder.util.RandomAccessFile,writeDouble/1[double],false,1563,1,2,1,1,1,2,3,0,0,1,2,1,5,0,0,0,0,0,0,0,0,0,0,0,0,27,17,0,true
E:\Siva_ood_projects\logstash-forwarder-java\src\main\java\info\fetter\logstashforwarder\util\RandomAccessFile.java,info.fetter.logstashforwarder.util.RandomAccessFile,getBufferSize/0,false,308,0,0,0,0,1,0,3,1,0,0,0,0,0,0,0,0,0,0,0,0,0,0,0,0,0,10,1,0,true
E:\Siva_ood_projects\logstash-forwarder-java\src\main\java\info\fetter\logstashforwarder\util\RandomAccessFile.java,info.fetter.logstashforwarder.util.RandomAccessFile,readFully/1[byte[]],false,702,2,3,2,1,1,1,3,0,0,1,1,1,6,0,0,0,0,0,1,0,0,0,0,0,0,37,17,0,true
E:\Siva_ood_projects\logstash-forwarder-java\src\main\java\info\fetter\logstashforwarder\util\RandomAccessFile.java,info.fetter.logstashforwarder.util.RandomAccessFile,close/0,false,317,1,5,4,1,7,6,13,1,1,0,6,1,1,0,3,0,2,1,1,1,1,2,0,0,0,25,1,0,true
E:\Siva_ood_projects\logstash-forwarder-java\src\main\java\info\fetter\logstashforwarder\util\RandomAccessFile.java,info.fetter.logstashforwarder.util.RandomAccessFile,"writeShort/3[short[],int,int]",false,1433,2,1,0,1,2,1,5,0,1,3,1,1,5,1,0,0,0,0,1,1,1,1,0,0,0,25,17,0,true
E:\Siva_ood_projects\logstash-forwarder-java\src\main\java\info\fetter\logstashforwarder\util\RandomAccessFile.java,info.fetter.logstashforwarder.util.RandomAccessFile,isEmpty/0,false,457,1,2,1,1,2,1,3,1,0,0,1,1,1,0,1,0,0,0,1,0,0,0,0,0,0,6,1,0,false
E:\Siva_ood_projects\logstash-forwarder-java\src\main\java\info\fetter\logstashforwarder\util\RandomAccessFile.java,info.fetter.logstashforwarder.util.RandomAccessFile,writeShort/1[int],false,1420,1,2,1,1,1,1,4,0,0,1,1,1,4,0,0,0,2,0,3,0,1,0,0,0,0,20,17,0,true
E:\Siva_ood_projects\logstash-forwarder-java\src\main\java\info\fetter\logstashforwarder\util\RandomAccessFile.java,info.fetter.logstashforwarder.util.RandomAccessFile,getFD/0,false,453,0,0,0,0,2,1,3,1,0,0,1,0,0,0,1,0,1,0,0,0,0,0,0,0,0,19,1,0,true
E:\Siva_ood_projects\logstash-forwarder-java\src\main\java\info\fetter\logstashforwarder\util\RandomAccessFile.java,info.fetter.logstashforwarder.util.RandomAccessFile,writeChar/1[int],false,1446,1,2,1,1,1,1,4,0,0,1,1,1,4,0,0,0,2,0,3,0,1,0,0,0,0,20,17,0,true
E:\Siva_ood_projects\logstash-forwarder-java\src\main\java\info\fetter\logstashforwarder\util\RandomAccessFile.java,info.fetter.logstashforwarder.util.RandomAccessFile,readInt/0,false,1105,1,5,4,1,6,1,15,2,4,0,1,1,4,0,0,0,11,0,7,4,8,1,0,0,0,58,17,0,true
E:\Siva_ood_projects\logstash-forwarder-java\src\main\java\info\fetter\logstashforwarder\util\RandomAccessFile.java,info.fetter.logstashforwarder.util.RandomAccessFile,"RandomAccessFile/3[java.lang.String,java.lang.String,int]",true,255,1,1,0,1,6,7,14,0,0,3,7,1,1,0,0,0,2,5,2,3,1,2,0,0,0,25,1,0,true
E:\Siva_ood_projects\logstash-forwarder-java\src\main\java\info\fetter\logstashforwarder\util\RandomAccessFile.java,info.fetter.logstashforwarder.util.RandomAccessFile,setMinLength/1[long],false,486,0,0,0,0,1,0,3,0,0,1,0,0,0,0,0,0,0,0,0,1,0,0,0,0,0,23,1,0,true
E:\Siva_ood_projects\logstash-forwarder-java\src\main\java\info\fetter\logstashforwarder\util\RandomAccessFile.java,info.fetter.logstashforwarder.util.RandomAccessFile,"readLong/3[long[],int,int]",false,1221,2,1,0,1,2,1,5,0,1,3,1,1,6,1,0,0,0,0,1,2,1,1,0,0,0,21,17,0,true
E:\Siva_ood_projects\logstash-forwarder-java\src\main\java\info\fetter\logstashforwarder\util\RandomAccessFile.java,info.fetter.logstashforwarder.util.RandomAccessFile,"readInt/3[int[],int,int]",false,1155,2,1,0,1,2,1,5,0,1,3,1,1,5,1,0,0,0,0,1,2,1,1,0,0,0,21,17,0,true
E:\Siva_ood_projects\logstash-forwarder-java\src\main\java\info\fetter\logstashforwarder\util\RandomAccessFile.java,info.fetter.logstashforwarder.util.RandomAccessFile,"readShort/3[short[],int,int]",false,1002,2,1,0,1,2,1,5,0,1,3,1,1,5,1,0,0,0,0,1,2,1,1,0,0,0,21,17,0,true
E:\Siva_ood_projects\logstash-forwarder-java\src\main\java\info\fetter\logstashforwarder\util\RandomAccessFile.java,info.fetter.logstashforwarder.util.RandomAccessFile,writeBytes/1[java.lang.String],false,1589,1,1,0,1,2,3,6,0,2,1,3,1,4,1,0,0,0,0,1,2,0,1,0,0,0,31,17,0,true
E:\Siva_ood_projects\logstash-forwarder-java\src\main\java\info\fetter\logstashforwarder\util\RandomAccessFile.java,info.fetter.logstashforwarder.util.RandomAccessFile,length/0,false,426,0,2,2,0,2,1,9,2,1,0,1,0,0,0,0,0,0,0,0,1,0,1,0,0,0,27,1,0,true
E:\Siva_ood_projects\logstash-forwarder-java\src\main\java\info\fetter\logstashforwarder\util\RandomAccessFile.java,info.fetter.logstashforwarder.util.RandomAccessFile,"write/3[byte[],int,int]",false,890,2,1,0,1,1,1,3,0,0,3,1,1,4,0,0,0,0,0,0,0,0,0,0,0,0,25,1,0,true
E:\Siva_ood_projects\logstash-forwarder-java\src\main\java\info\fetter\logstashforwarder\config\ConfigurationManager.java,info.fetter.logstashforwarder.config.ConfigurationManager,ConfigurationManager/1[java.lang.String],true,33,0,1,1,0,1,0,3,0,0,1,0,0,0,0,0,0,0,0,0,0,0,0,0,0,0,5,1,0,false
E:\Siva_ood_projects\logstash-forwarder-java\src\main\java\info\fetter\logstashforwarder\config\ConfigurationManager.java,info.fetter.logstashforwarder.config.ConfigurationManager,ConfigurationManager/1[java.io.File],true,37,1,1,1,0,1,1,6,0,0,1,1,0,0,0,0,0,0,0,0,2,0,0,0,0,0,8,1,0,false
E:\Siva_ood_projects\logstash-forwarder-java\src\main\java\info\fetter\logstashforwarder\config\ConfigurationManager.java,info.fetter.logstashforwarder.config.ConfigurationManager,writeConfiguration/0,false,48,0,0,0,0,1,0,2,0,0,0,0,0,0,0,0,0,0,0,0,0,0,0,0,0,0,2,1,0,false
E:\Siva_ood_projects\logstash-forwarder-java\src\main\java\info\fetter\logstashforwarder\config\ConfigurationManager.java,info.fetter.logstashforwarder.config.ConfigurationManager,readConfiguration/0,false,44,1,2,2,0,1,1,3,0,0,0,1,0,0,0,0,0,0,0,0,1,0,0,0,0,0,6,1,0,false
E:\Siva_ood_projects\logstash-forwarder-java\src\main\java\info\fetter\logstashforwarder\config\ConfigurationManager.java,info.fetter.logstashforwarder.config.ConfigurationManager,getConfig/0,false,54,1,3,3,0,1,0,3,1,0,0,0,0,0,0,0,0,0,0,0,0,0,0,0,0,0,5,1,0,true
E:\Siva_ood_projects\logstash-forwarder-java\src\main\java\info\fetter\logstashforwarder\Multiline.java,info.fetter.logstashforwarder.Multiline,Multiline/1[info.fetter.logstashforwarder.Multiline],true,36,1,0,0,0,2,0,7,0,0,1,0,0,0,0,1,0,0,0,0,3,0,1,0,0,0,3,1,0,false
E:\Siva_ood_projects\logstash-forwarder-java\src\main\java\info\fetter\logstashforwarder\Multiline.java,info.fetter.logstashforwarder.Multiline,isPatternFound/1[byte[]],false,75,1,1,1,0,2,2,5,2,1,1,2,0,0,0,0,0,0,0,0,1,0,1,0,0,0,6,1,0,false
E:\Siva_ood_projects\logstash-forwarder-java\src\main\java\info\fetter\logstashforwarder\Multiline.java,info.fetter.logstashforwarder.Multiline,toString/0,false,82,0,0,0,0,1,4,3,1,0,0,4,0,0,0,0,0,0,4,0,0,0,0,0,0,0,6,1,0,false
E:\Siva_ood_projects\logstash-forwarder-java\src\main\java\info\fetter\logstashforwarder\Multiline.java,info.fetter.logstashforwarder.Multiline,isNegate/0,false,63,0,0,0,0,1,0,3,1,0,0,0,0,0,0,0,0,0,0,0,0,0,0,0,0,0,3,1,0,false
E:\Siva_ood_projects\logstash-forwarder-java\src\main\java\info\fetter\logstashforwarder\Multiline.java,info.fetter.logstashforwarder.Multiline,isPrevious/0,false,71,0,1,1,0,2,0,3,1,0,0,0,0,0,0,1,0,0,0,0,0,0,0,0,0,0,3,1,0,false
E:\Siva_ood_projects\logstash-forwarder-java\src\main\java\info\fetter\logstashforwarder\Multiline.java,info.fetter.logstashforwarder.Multiline,Multiline/0,true,33,0,1,1,0,1,0,2,0,0,0,0,0,0,0,0,0,0,0,0,0,0,0,0,0,0,1,1,0,false
E:\Siva_ood_projects\logstash-forwarder-java\src\main\java\info\fetter\logstashforwarder\Multiline.java,info.fetter.logstashforwarder.Multiline,getWhat/0,false,67,1,0,0,0,1,0,3,1,0,0,0,0,0,0,0,0,0,0,0,0,0,0,0,0,0,4,1,0,false
E:\Siva_ood_projects\logstash-forwarder-java\src\main\java\info\fetter\logstashforwarder\Multiline.java,info.fetter.logstashforwarder.Multiline,"Multiline/1[java.util.Map<java.lang.String,java.lang.String>]",true,44,1,5,4,1,5,6,10,0,1,1,6,0,0,1,0,0,0,5,0,5,1,4,0,0,0,12,1,0,false
E:\Siva_ood_projects\logstash-forwarder-java\src\main\java\info\fetter\logstashforwarder\Multiline.java,info.fetter.logstashforwarder.Multiline,getPattern/0,false,59,0,0,0,0,1,0,3,1,0,0,0,0,0,0,0,0,0,0,0,0,0,0,0,0,0,3,1,0,false
E:\Siva_ood_projects\logstash-forwarder-java\src\main\java\info\fetter\logstashforwarder\util\LastModifiedFileFilter.java,info.fetter.logstashforwarder.util.LastModifiedFileFilter,LastModifiedFileFilter/1[long],true,34,0,2,2,0,1,0,3,0,0,1,0,0,0,0,0,0,0,0,0,0,0,0,0,0,0,5,1,0,false
E:\Siva_ood_projects\logstash-forwarder-java\src\main\java\info\fetter\logstashforwarder\util\LastModifiedFileFilter.java,info.fetter.logstashforwarder.util.LastModifiedFileFilter,"LastModifiedFileFilter/2[long,boolean]",true,29,0,0,0,0,1,0,4,0,0,2,0,0,0,0,0,0,0,0,0,2,0,0,0,0,0,6,1,0,false
E:\Siva_ood_projects\logstash-forwarder-java\src\main\java\info\fetter\logstashforwarder\util\LastModifiedFileFilter.java,info.fetter.logstashforwarder.util.LastModifiedFileFilter,accept/1[java.io.File],false,39,0,0,0,0,2,3,9,2,1,1,3,0,0,0,0,0,0,0,0,1,1,1,0,0,0,7,1,0,false
