file,class,type,cbo,cboModified,fanin,fanout,wmc,dit,noc,rfc,lcom,lcom*,tcc,lcc,totalMethodsQty,staticMethodsQty,publicMethodsQty,privateMethodsQty,protectedMethodsQty,defaultMethodsQty,visibleMethodsQty,abstractMethodsQty,finalMethodsQty,synchronizedMethodsQty,totalFieldsQty,staticFieldsQty,publicFieldsQty,privateFieldsQty,protectedFieldsQty,defaultFieldsQty,finalFieldsQty,synchronizedFieldsQty,nosi,loc,returnQty,loopQty,comparisonsQty,tryCatchQty,parenthesizedExpsQty,stringLiteralsQty,numbersQty,assignmentsQty,mathOperationsQty,variablesQty,maxNestedBlocksQty,anonymousClassesQty,innerClassesQty,lambdasQty,uniqueWordsQty,modifiers,logStatementsQty
E:\Siva_ood_projects\razorpay-java\src\test\java\com\razorpay\SettlementClientTest.java,com.razorpay.SettlementClientTest,class,7,7,0,7,14,2,0,19,0,0.2857143,1.0,1.0,7,0,7,0,0,0,7,0,0,0,2,1,0,1,1,0,1,0,2,131,0,0,0,7,0,232,24,26,12,26,1,0,0,0,77,1,0
E:\Siva_ood_projects\razorpay-java\src\main\java\com\razorpay\QrCode.java,com.razorpay.QrCode,class,2,4,2,2,1,2,0,0,0,0.0,NaN,NaN,1,0,1,0,0,0,1,0,0,0,0,0,0,0,0,0,0,0,0,5,0,0,0,0,0,0,0,0,0,0,0,0,0,0,9,1,0
E:\Siva_ood_projects\razorpay-java\src\test\java\com\razorpay\ProductClientTest.java,com.razorpay.ProductClientTest,class,9,10,1,9,9,2,0,11,0,0.5,1.0,1.0,5,0,4,1,0,0,4,0,0,0,4,3,0,3,1,0,3,0,0,65,1,0,0,4,0,188,4,14,5,14,1,0,0,0,64,1,0
E:\Siva_ood_projects\razorpay-java\src\main\java\com\razorpay\Invoice.java,com.razorpay.Invoice,class,2,4,2,2,1,2,0,0,0,0.0,NaN,NaN,1,0,1,0,0,0,1,0,0,0,0,0,0,0,0,0,0,0,0,5,0,0,0,0,0,0,0,0,0,0,0,0,0,0,8,1,0
E:\Siva_ood_projects\razorpay-java\src\main\java\com\razorpay\CustomerClient.java,com.razorpay.CustomerClient,class,6,9,3,6,13,2,0,7,78,0.0,0.0,0.0,13,0,12,0,0,1,13,0,0,0,0,0,0,0,0,0,0,0,8,41,12,0,0,0,0,0,0,0,0,0,0,0,0,0,53,1,0
E:\Siva_ood_projects\razorpay-java\src\main\java\com\razorpay\Account.java,com.razorpay.Account,class,2,8,6,2,1,2,0,0,0,0.0,NaN,NaN,1,0,1,0,0,0,1,0,0,0,0,0,0,0,0,0,0,0,0,5,0,0,0,0,0,0,0,0,0,0,0,0,0,0,8,1,0
E:\Siva_ood_projects\razorpay-java\src\main\java\com\razorpay\Product.java,com.razorpay.Product,class,2,2,0,2,1,2,0,0,0,0.0,NaN,NaN,1,0,1,0,0,0,1,0,0,0,0,0,0,0,0,0,0,0,0,5,0,0,0,0,0,0,0,0,0,0,0,0,0,0,18,1,0
E:\Siva_ood_projects\razorpay-java\src\main\java\com\razorpay\ApiUtils.java,com.razorpay.ApiUtils$Method,enum,0,0,0,0,0,1,0,0,0,0.0,-1.0,-1.0,0,0,0,0,0,0,0,0,0,0,0,0,0,0,0,0,0,0,0,1,0,0,0,0,0,0,0,0,0,0,0,0,0,0,6,2,0
E:\Siva_ood_projects\razorpay-java\src\main\java\com\razorpay\ProductClient.java,com.razorpay.ProductClient,class,4,6,2,4,5,2,0,4,10,0.0,0.0,0.0,5,0,4,0,0,1,5,0,0,0,0,0,0,0,0,0,0,0,4,17,4,0,0,0,0,0,0,0,0,0,0,0,0,0,24,1,0
E:\Siva_ood_projects\razorpay-java\src\main\java\com\razorpay\ApiUtils.java,com.razorpay.ApiUtils,class,13,19,6,13,44,1,0,60,24,0.7142857,0.8333333,0.8333333,21,21,0,9,0,12,12,0,0,0,3,3,0,3,0,0,0,0,32,169,20,3,12,3,1,18,6,43,3,39,2,0,1,0,91,0,0
E:\Siva_ood_projects\razorpay-java\src\main\java\com\razorpay\TokenClient.java,com.razorpay.TokenClient,class,3,5,2,3,5,2,0,1,10,0.0,0.0,0.0,5,0,4,0,0,1,5,0,0,0,0,0,0,0,0,0,0,0,0,17,4,0,0,0,0,0,0,0,0,0,0,0,0,0,23,1,0
E:\Siva_ood_projects\razorpay-java\src\main\java\com\razorpay\Subscription.java,com.razorpay.Subscription,class,2,4,2,2,1,2,0,0,0,0.0,NaN,NaN,1,0,1,0,0,0,1,0,0,0,0,0,0,0,0,0,0,0,0,5,0,0,0,0,0,0,0,0,0,0,0,0,0,0,8,1,0
E:\Siva_ood_projects\razorpay-java\src\main\java\com\razorpay\Transfer.java,com.razorpay.Transfer,class,2,6,4,2,1,2,0,0,0,0.0,NaN,NaN,1,0,1,0,0,0,1,0,0,0,0,0,0,0,0,0,0,0,0,5,0,0,0,0,0,0,0,0,0,0,0,0,0,0,8,1,0
E:\Siva_ood_projects\razorpay-java\src\main\java\com\razorpay\DisputeClient.java,com.razorpay.DisputeClient,class,4,7,3,4,6,2,0,6,15,0.0,0.0,0.0,6,0,5,0,0,1,6,0,0,0,0,0,0,0,0,0,0,0,3,20,5,0,0,0,0,0,0,0,0,0,0,0,0,0,42,1,0
E:\Siva_ood_projects\razorpay-java\src\main\java\com\razorpay\Iin.java,com.razorpay.Iin,class,2,4,2,2,1,2,0,0,0,0.0,NaN,NaN,1,0,1,0,0,0,1,0,0,0,0,0,0,0,0,0,0,0,0,5,0,0,0,0,0,0,0,0,0,0,0,0,0,0,8,1,0
E:\Siva_ood_projects\razorpay-java\src\main\java\com\razorpay\VirtualAccount.java,com.razorpay.VirtualAccount,class,2,4,2,2,1,2,0,0,0,0.0,NaN,NaN,1,0,1,0,0,0,1,0,0,0,0,0,0,0,0,0,0,0,0,5,0,0,0,0,0,0,0,0,0,0,0,0,0,0,9,1,0
E:\Siva_ood_projects\razorpay-java\src\main\java\com\razorpay\VirtualAccountClient.java,com.razorpay.VirtualAccountClient,class,5,8,3,5,12,2,0,8,66,0.0,0.0,0.0,12,0,11,0,0,1,12,0,0,0,0,0,0,0,0,0,0,0,7,38,11,0,0,0,0,0,0,0,0,0,0,0,0,0,32,1,0
E:\Siva_ood_projects\razorpay-java\src\main\java\com\razorpay\FundAccount.java,com.razorpay.FundAccount,class,2,4,2,2,1,2,0,0,0,0.0,NaN,NaN,1,0,1,0,0,0,1,0,0,0,0,0,0,0,0,0,0,0,0,5,0,0,0,0,0,0,0,0,0,0,0,0,0,0,9,1,0
E:\Siva_ood_projects\razorpay-java\src\main\java\com\razorpay\ValidationConfig.java,com.razorpay.ValidationConfig,class,1,4,3,1,3,1,0,0,0,0.33333334,0.6666667,1.0,3,0,3,0,0,0,3,0,0,0,2,0,0,2,0,0,2,0,0,14,2,0,0,0,0,0,0,2,0,2,0,0,0,0,8,1,0
E:\Siva_ood_projects\razorpay-java\src\test\java\com\razorpay\PaymentLinkTest.java,com.razorpay.PaymentLinkTest,class,7,7,0,7,12,2,0,18,0,0.083333336,1.0,1.0,6,0,6,0,0,0,6,0,0,0,2,1,0,1,1,0,1,0,4,116,0,0,0,6,0,49,10,22,3,22,1,0,0,0,90,1,0
E:\Siva_ood_projects\razorpay-java\src\test\java\com\razorpay\RazorpayClientTest.java,com.razorpay.RazorpayClientTest,class,8,8,0,8,6,2,0,11,1,0.5,0.0,0.0,2,0,2,0,0,0,3,0,0,0,2,0,0,0,2,0,0,0,0,51,0,0,0,3,0,52,2,12,5,12,1,0,0,0,66,1,0
E:\Siva_ood_projects\razorpay-java\src\main\java\com\razorpay\PaymentLink.java,com.razorpay.PaymentLink,class,2,4,2,2,1,2,0,0,0,0.0,NaN,NaN,1,0,1,0,0,0,1,0,0,0,0,0,0,0,0,0,0,0,0,5,0,0,0,0,0,0,0,0,0,0,0,0,0,0,9,1,0
E:\Siva_ood_projects\razorpay-java\src\main\java\com\razorpay\Addon.java,com.razorpay.Addon,class,2,6,4,2,1,2,0,0,0,0.0,NaN,NaN,1,0,1,0,0,0,1,0,0,0,0,0,0,0,0,0,0,0,0,5,0,0,0,0,0,0,0,0,0,0,0,0,0,0,8,1,0
E:\Siva_ood_projects\razorpay-java\src\test\java\com\razorpay\PaymentClientTest.java,com.razorpay.PaymentClientTest,class,10,10,0,10,44,2,0,35,0,0.53636366,1.0,1.0,22,0,22,0,0,0,22,0,0,0,5,4,0,4,1,0,4,0,13,424,0,0,0,22,0,640,41,84,46,84,1,0,0,0,141,1,0
E:\Siva_ood_projects\razorpay-java\src\main\java\com\razorpay\DocumentClient.java,com.razorpay.DocumentClient,class,3,5,2,3,3,2,0,3,3,0.0,0.0,0.0,3,0,2,0,0,1,3,0,0,0,0,0,0,0,0,0,0,0,1,11,2,0,0,0,0,0,0,0,0,0,0,0,0,0,17,1,0
E:\Siva_ood_projects\razorpay-java\src\main\java\com\razorpay\Stakeholder.java,com.razorpay.Stakeholder,class,2,4,2,2,1,2,0,0,0,0.0,NaN,NaN,1,0,1,0,0,0,1,0,0,0,0,0,0,0,0,0,0,0,0,5,0,0,0,0,0,0,0,0,0,0,0,0,0,0,8,1,0
E:\Siva_ood_projects\razorpay-java\src\test\java\com\razorpay\SubscriptionClientTest.java,com.razorpay.SubscriptionClientTest,class,10,11,1,10,21,2,0,31,0,0.7142858,1.0,1.0,21,0,13,8,0,0,13,0,0,0,11,10,10,1,0,0,10,0,10,158,8,0,0,0,0,194,27,39,13,39,0,0,0,0,91,1,0
E:\Siva_ood_projects\razorpay-java\src\main\java\com\razorpay\Dispute.java,com.razorpay.Dispute,class,2,4,2,2,1,2,0,0,0,0.0,NaN,NaN,1,0,1,0,0,0,1,0,0,0,0,0,0,0,0,0,0,0,0,5,0,0,0,0,0,0,0,0,0,0,0,0,0,0,8,1,0
E:\Siva_ood_projects\razorpay-java\src\main\java\com\razorpay\Card.java,com.razorpay.Card,class,2,4,2,2,1,2,0,0,0,0.0,NaN,NaN,1,0,1,0,0,0,1,0,0,0,0,0,0,0,0,0,0,0,0,5,0,0,0,0,0,0,0,0,0,0,0,0,0,0,8,1,0
E:\Siva_ood_projects\razorpay-java\src\main\java\com\razorpay\StakeholderClient.java,com.razorpay.StakeholderClient,class,4,6,2,4,7,2,0,5,21,0.0,0.0,0.0,7,0,6,0,0,1,7,0,0,0,0,0,0,0,0,0,0,0,6,23,6,0,0,0,0,0,0,0,0,0,0,0,0,0,25,1,0
E:\Siva_ood_projects\razorpay-java\src\main\java\com\razorpay\Item.java,com.razorpay.Item,class,2,4,2,2,1,2,0,0,0,0.0,NaN,NaN,1,0,1,0,0,0,1,0,0,0,0,0,0,0,0,0,0,0,0,5,0,0,0,0,0,0,0,0,0,0,0,0,0,0,8,1,0
E:\Siva_ood_projects\razorpay-java\src\main\java\com\razorpay\Order.java,com.razorpay.Order,class,2,5,3,2,1,2,0,0,0,0.0,NaN,NaN,1,0,1,0,0,0,1,0,0,0,0,0,0,0,0,0,0,0,0,5,0,0,0,0,0,0,0,0,0,0,0,0,0,0,8,1,0
E:\Siva_ood_projects\razorpay-java\src\main\java\com\razorpay\Utils.java,com.razorpay.Utils,class,4,6,2,4,17,1,0,25,45,0.0,0.0,0.0,10,10,9,1,0,0,9,0,0,0,0,0,0,0,0,0,0,0,12,86,11,2,3,2,0,16,12,30,3,29,2,0,0,0,80,1,0
E:\Siva_ood_projects\razorpay-java\src\main\java\com\razorpay\SubscriptionClient.java,com.razorpay.SubscriptionClient,class,5,8,3,5,14,2,0,8,91,0.0,0.0,0.0,14,0,13,0,0,1,14,0,0,0,0,0,0,0,0,0,0,0,9,44,13,0,0,0,0,0,0,0,0,0,0,0,0,0,32,1,0
E:\Siva_ood_projects\razorpay-java\src\main\java\com\razorpay\Document.java,com.razorpay.Document,class,2,4,2,2,1,2,0,0,0,0.0,NaN,NaN,1,0,1,0,0,0,1,0,0,0,0,0,0,0,0,0,0,0,0,5,0,0,0,0,0,0,0,0,0,0,0,0,0,0,8,1,0
E:\Siva_ood_projects\razorpay-java\src\main\java\com\razorpay\PaymentClient.java,com.razorpay.PaymentClient,class,10,13,3,10,28,2,0,14,366,0.85714287,0.015873017,0.015873017,28,0,27,0,0,1,28,0,0,0,1,0,0,1,0,0,0,0,15,89,27,0,0,0,0,0,0,2,0,2,0,0,0,0,46,1,0
E:\Siva_ood_projects\razorpay-java\src\main\java\com\razorpay\Settlement.java,com.razorpay.Settlement,class,2,4,2,2,1,2,0,0,0,0.0,NaN,NaN,1,0,1,0,0,0,1,0,0,0,0,0,0,0,0,0,0,0,0,5,0,0,0,0,0,0,0,0,0,0,0,0,0,0,8,1,0
E:\Siva_ood_projects\razorpay-java\src\test\java\com\razorpay\VirtualAccountClientTest.java,com.razorpay.VirtualAccountClientTest,class,8,8,0,8,16,2,0,21,0,0.4375,1.0,1.0,8,0,8,0,0,0,8,0,0,0,6,5,0,5,1,0,5,0,6,142,0,0,0,8,0,365,14,27,13,27,1,0,0,0,88,1,0
E:\Siva_ood_projects\razorpay-java\src\test\java\com\razorpay\InvoiceClientTest.java,com.razorpay.InvoiceClientTest,class,7,7,0,7,18,2,0,22,0,0.16666667,1.0,1.0,9,0,9,0,0,0,9,0,0,0,2,1,0,1,1,0,1,0,7,159,0,0,0,9,0,49,11,32,4,32,1,0,0,0,126,1,0
E:\Siva_ood_projects\razorpay-java\src\test\java\com\razorpay\FundAccountClientTest.java,com.razorpay.FundAccountClientTest,class,7,7,0,7,6,2,0,14,0,0.0,1.0,1.0,3,0,3,0,0,0,3,0,0,0,2,1,0,1,1,0,1,0,2,50,0,0,0,3,0,59,4,12,4,12,1,0,0,0,63,1,0
E:\Siva_ood_projects\razorpay-java\src\main\java\com\razorpay\FundAccountClient.java,com.razorpay.FundAccountClient,class,4,7,3,4,5,2,0,5,10,0.0,0.0,0.0,5,0,4,0,0,1,5,0,0,0,0,0,0,0,0,0,0,0,1,17,4,0,0,0,0,0,0,0,0,0,0,0,0,0,29,1,0
E:\Siva_ood_projects\razorpay-java\src\main\java\com\razorpay\BankAccountClient.java,com.razorpay.BankAccountClient,class,1,2,1,1,1,2,0,0,0,0.0,NaN,NaN,1,0,0,0,0,1,1,0,0,0,0,0,0,0,0,0,0,0,0,5,0,0,0,0,0,0,0,0,0,0,0,0,0,0,5,1,0
E:\Siva_ood_projects\razorpay-java\src\main\java\com\razorpay\Token.java,com.razorpay.Token,class,2,6,4,2,1,2,0,0,0,0.0,NaN,NaN,1,0,1,0,0,0,1,0,0,0,0,0,0,0,0,0,0,0,0,5,0,0,0,0,0,0,0,0,0,0,0,0,0,0,8,1,0
E:\Siva_ood_projects\razorpay-java\src\main\java\com\razorpay\TransferClient.java,com.razorpay.TransferClient,class,5,8,3,5,8,2,0,6,28,0.0,0.0,0.0,8,0,7,0,0,1,8,0,0,0,0,0,0,0,0,0,0,0,4,26,7,0,0,0,0,0,0,0,0,0,0,0,0,0,24,1,0
E:\Siva_ood_projects\razorpay-java\src\main\java\com\razorpay\Plan.java,com.razorpay.Plan,class,2,4,2,2,1,2,0,0,0,0.0,NaN,NaN,1,0,1,0,0,0,1,0,0,0,0,0,0,0,0,0,0,0,0,5,0,0,0,0,0,0,0,0,0,0,0,0,0,0,8,1,0
E:\Siva_ood_projects\razorpay-java\src\main\java\com\razorpay\InvoiceClient.java,com.razorpay.InvoiceClient,class,4,7,3,4,11,2,0,7,55,0.0,0.0,0.0,11,0,10,0,0,1,11,0,0,0,0,0,0,0,0,0,0,0,6,35,10,0,0,0,0,0,0,0,0,0,0,0,0,0,30,1,0
E:\Siva_ood_projects\razorpay-java\src\main\java\com\razorpay\SettlementClient.java,com.razorpay.SettlementClient,class,4,7,3,4,10,2,0,7,45,0.0,0.0,0.0,10,0,9,0,0,1,10,0,0,0,0,0,0,0,0,0,0,0,2,32,9,0,0,0,0,0,0,0,0,0,0,0,0,0,43,1,0
E:\Siva_ood_projects\razorpay-java\src\main\java\com\razorpay\PayloadValidator.java,com.razorpay.PayloadValidator,class,5,8,3,5,24,1,0,19,28,0.0,NaN,NaN,8,0,1,7,0,0,1,0,0,0,0,0,0,0,0,0,0,0,6,85,0,2,0,0,0,13,0,12,0,12,2,0,0,0,44,1,0
E:\Siva_ood_projects\razorpay-java\src\main\java\com\razorpay\PaymentLinkClient.java,com.razorpay.PaymentLinkClient,class,4,7,3,4,8,2,0,6,28,0.0,0.0,0.0,8,0,7,0,0,1,8,0,0,0,0,0,0,0,0,0,0,0,4,26,7,0,0,0,0,0,0,0,0,0,0,0,0,0,27,1,0
E:\Siva_ood_projects\razorpay-java\src\test\java\com\razorpay\OrderClientTest.java,com.razorpay.OrderClientTest,class,9,9,0,9,14,2,0,21,0,0.071428575,1.0,1.0,7,0,7,0,0,0,7,0,0,0,2,1,0,1,1,0,1,0,5,154,0,0,0,7,0,162,13,32,8,32,1,0,0,0,86,1,0
E:\Siva_ood_projects\razorpay-java\src\test\java\com\razorpay\BaseTest.java,com.razorpay.BaseTest,class,12,39,27,12,13,1,26,39,31,0.8,0.10714286,0.10714286,10,1,1,2,7,0,8,0,0,0,3,1,0,1,0,2,1,0,2,77,4,0,0,1,0,10,1,15,1,17,1,0,0,1,75,1,0
E:\Siva_ood_projects\razorpay-java\src\main\java\com\razorpay\Webhook.java,com.razorpay.Webhook,class,2,4,2,2,1,2,0,0,0,0.0,NaN,NaN,1,0,1,0,0,0,1,0,0,0,0,0,0,0,0,0,0,0,0,5,0,0,0,0,0,0,0,0,0,0,0,0,0,0,16,1,0
E:\Siva_ood_projects\razorpay-java\src\test\java\com\razorpay\DisputeClientTest.java,com.razorpay.DisputeClientTest,class,8,8,0,8,8,2,0,18,0,0.125,1.0,1.0,4,0,4,0,0,0,4,0,0,0,2,1,0,1,1,0,1,0,3,210,0,0,0,4,0,164,24,28,0,28,1,0,0,0,69,1,0
E:\Siva_ood_projects\razorpay-java\src\main\java\com\razorpay\RefundClient.java,com.razorpay.RefundClient,class,4,8,4,4,8,2,0,7,28,0.0,0.0,0.0,8,0,7,0,0,1,8,0,0,0,0,0,0,0,0,0,0,0,3,26,7,0,0,0,0,0,0,0,0,0,0,0,0,0,23,1,0
E:\Siva_ood_projects\razorpay-java\src\test\java\com\razorpay\DocumentClientTest.java,com.razorpay.DocumentClientTest,class,7,7,0,7,4,2,0,14,0,0.25,1.0,1.0,2,0,2,0,0,0,2,0,0,0,2,1,0,1,1,0,1,0,1,55,0,0,0,2,0,40,2,9,0,9,1,0,0,0,51,1,0
E:\Siva_ood_projects\razorpay-java\src\main\java\com\razorpay\Payment.java,com.razorpay.Payment,class,2,8,6,2,1,2,0,0,0,0.0,NaN,NaN,1,0,1,0,0,0,1,0,0,0,0,0,0,0,0,0,0,0,0,5,0,0,0,0,0,0,0,0,0,0,0,0,0,0,8,1,0
E:\Siva_ood_projects\razorpay-java\src\main\java\com\razorpay\ValidationType.java,com.razorpay.ValidationType,enum,0,2,2,0,0,1,0,0,0,0.0,-1.0,-1.0,0,0,0,0,0,0,0,0,0,0,0,0,0,0,0,0,0,0,0,1,0,0,0,0,0,0,0,0,0,0,0,0,0,0,12,1,0
E:\Siva_ood_projects\razorpay-java\src\main\java\com\razorpay\WebhookClient.java,com.razorpay.WebhookClient,class,4,7,3,4,7,2,0,7,21,0.0,0.0,0.0,7,0,6,0,0,1,7,0,0,0,0,0,0,0,0,0,0,0,5,23,6,0,0,0,0,0,0,0,0,0,0,0,0,0,23,1,0
E:\Siva_ood_projects\razorpay-java\src\main\java\com\razorpay\OrderClient.java,com.razorpay.OrderClient,class,5,9,4,5,9,2,0,6,36,0.0,0.0,0.0,9,0,8,0,0,1,9,0,0,0,0,0,0,0,0,0,0,0,5,29,8,0,0,0,0,0,0,0,0,0,0,0,0,0,27,1,0
E:\Siva_ood_projects\razorpay-java\src\main\java\com\razorpay\ApiClient.java,com.razorpay.ApiClient,class,9,36,27,9,46,1,26,46,183,0.9034091,0.24175824,0.24175824,22,0,9,8,0,5,14,0,0,0,8,0,0,7,0,1,7,0,10,190,26,1,6,6,0,23,5,42,3,35,2,0,0,0,76,0,0
E:\Siva_ood_projects\razorpay-java\src\main\java\com\razorpay\RazorpayException.java,com.razorpay.RazorpayException,class,0,5,5,0,4,3,0,0,6,0.0,0.0,0.0,4,0,4,0,0,0,4,0,0,0,0,0,0,0,0,0,0,0,0,14,0,0,0,0,0,0,0,0,0,0,0,0,0,0,8,1,0
E:\Siva_ood_projects\razorpay-java\src\main\java\com\razorpay\Reversal.java,com.razorpay.Reversal,class,2,4,2,2,1,2,0,0,0,0.0,NaN,NaN,1,0,1,0,0,0,1,0,0,0,0,0,0,0,0,0,0,0,0,5,0,0,0,0,0,0,0,0,0,0,0,0,0,0,8,1,0
E:\Siva_ood_projects\razorpay-java\src\main\java\com\razorpay\BankTransfer.java,com.razorpay.BankTransfer,class,2,4,2,2,1,2,0,0,0,0.0,NaN,NaN,1,0,1,0,0,0,1,0,0,0,0,0,0,0,0,0,0,0,0,5,0,0,0,0,0,0,0,0,0,0,0,0,0,0,9,1,0
E:\Siva_ood_projects\razorpay-java\src\main\java\com\razorpay\Methods.java,com.razorpay.Methods,class,2,2,0,2,1,2,0,0,0,0.0,NaN,NaN,1,0,1,0,0,0,1,0,0,0,0,0,0,0,0,0,0,0,0,5,0,0,0,0,0,0,0,0,0,0,0,0,0,0,8,1,0
E:\Siva_ood_projects\razorpay-java\src\main\java\com\razorpay\OAuthTokenClient.java,com.razorpay.OAuthTokenClient,class,9,11,2,9,17,2,0,26,49,0.83766234,0.0,0.0,14,0,5,9,0,0,5,0,0,0,11,10,0,1,0,10,11,0,21,77,9,2,0,0,0,24,1,19,0,18,1,0,0,0,63,1,0
E:\Siva_ood_projects\razorpay-java\src\main\java\com\razorpay\BankAccount.java,com.razorpay.BankAccount,class,2,4,2,2,1,2,0,0,0,0.0,NaN,NaN,1,0,1,0,0,0,1,0,0,0,0,0,0,0,0,0,0,0,0,5,0,0,0,0,0,0,0,0,0,0,0,0,0,0,9,1,0
E:\Siva_ood_projects\razorpay-java\src\main\java\com\razorpay\IinClient.java,com.razorpay.IinClient,class,3,5,2,3,3,2,0,2,3,0.0,0.0,0.0,3,0,2,0,0,1,3,0,0,0,0,0,0,0,0,0,0,0,2,11,2,0,0,0,0,0,0,0,0,0,0,0,0,0,16,1,0
E:\Siva_ood_projects\razorpay-java\src\main\java\com\razorpay\ItemClient.java,com.razorpay.ItemClient,class,4,7,3,4,7,2,0,7,21,0.0,0.0,0.0,7,0,6,0,0,1,7,0,0,0,0,0,0,0,0,0,0,0,3,23,6,0,0,0,0,0,0,0,0,0,0,0,0,0,23,1,0
E:\Siva_ood_projects\razorpay-java\src\test\java\com\razorpay\IinClientTest.java,com.razorpay.IinClientTest,class,8,8,0,8,4,2,0,14,0,0.25,1.0,1.0,2,0,2,0,0,0,2,0,0,0,2,1,0,1,1,0,1,0,1,38,0,0,0,2,0,35,3,9,1,9,1,0,0,0,46,1,0
E:\Siva_ood_projects\razorpay-java\src\test\java\com\razorpay\QrCodeClientTest.java,com.razorpay.QrCodeClientTest,class,8,9,1,8,13,2,0,19,0,0.3809524,1.0,1.0,7,0,6,1,0,0,6,0,0,0,3,2,0,2,1,0,2,0,2,109,1,0,0,6,0,174,10,22,9,22,1,0,0,0,80,1,0
E:\Siva_ood_projects\razorpay-java\src\main\java\com\razorpay\AccountClient.java,com.razorpay.AccountClient,class,4,7,3,4,7,2,0,5,21,1.0,0.0,0.0,7,0,6,0,0,1,7,0,0,0,1,0,0,1,0,0,0,0,5,24,6,0,0,0,0,0,0,0,0,1,0,0,0,0,23,1,0
E:\Siva_ood_projects\razorpay-java\src\main\java\com\razorpay\AddonClient.java,com.razorpay.AddonClient,class,4,7,3,4,5,2,0,5,10,0.0,0.0,0.0,5,0,4,0,0,1,5,0,0,0,0,0,0,0,0,0,0,0,2,17,4,0,0,0,0,0,0,0,0,0,0,0,0,0,39,1,0
E:\Siva_ood_projects\razorpay-java\src\main\java\com\razorpay\Refund.java,com.razorpay.Refund,class,2,6,4,2,1,2,0,0,0,0.0,NaN,NaN,1,0,1,0,0,0,1,0,0,0,0,0,0,0,0,0,0,0,0,5,0,0,0,0,0,0,0,0,0,0,0,0,0,0,8,1,0
E:\Siva_ood_projects\razorpay-java\src\test\java\com\razorpay\ItemClientTest.java,com.razorpay.ItemClientTest,class,7,7,0,7,10,2,0,18,0,0.1,1.0,1.0,5,0,5,0,0,0,5,0,0,0,2,1,1,0,1,0,1,0,4,92,0,0,0,5,0,75,8,19,9,19,1,0,0,0,78,1,0
E:\Siva_ood_projects\razorpay-java\src\test\java\com\razorpay\WebhookClientTest.java,com.razorpay.WebhookClientTest,class,8,9,1,8,10,2,0,14,3,0.38888893,1.0,1.0,6,0,4,2,0,0,4,0,0,0,3,2,0,2,1,0,2,0,0,65,2,0,0,4,0,78,5,13,5,13,1,0,0,0,53,1,0
E:\Siva_ood_projects\razorpay-java\src\test\java\com\razorpay\TokenClientTest.java,com.razorpay.TokenClientTest,class,8,9,1,8,9,2,0,14,0,0.46666667,1.0,1.0,5,0,4,1,0,0,4,0,0,0,3,2,0,2,1,0,2,0,1,66,1,0,0,4,0,71,4,15,4,15,1,0,0,0,52,1,0
E:\Siva_ood_projects\razorpay-java\src\test\java\com\razorpay\UtilsTest.java,com.razorpay.UtilsTest,class,5,6,1,5,10,1,0,23,28,0.0,0.0,0.0,8,2,7,1,0,0,7,0,0,0,0,0,0,0,0,0,0,0,12,71,3,1,0,1,2,37,15,24,5,22,1,0,0,0,61,1,0
E:\Siva_ood_projects\razorpay-java\src\main\java\com\razorpay\EntityNameURLMapping.java,com.razorpay.EntityNameURLMapping,enum,1,3,2,1,3,1,0,9,1,0.33333334,0.0,0.0,3,1,1,1,0,1,2,0,0,0,1,0,0,1,0,0,0,0,2,12,2,0,0,0,0,13,0,2,0,3,0,0,0,2,51,1,0
E:\Siva_ood_projects\razorpay-java\src\test\java\com\razorpay\AddonClientTest.java,com.razorpay.AddonClientTest,class,7,7,0,7,6,2,0,19,0,0.0,1.0,1.0,3,0,3,0,0,0,3,0,0,0,2,1,0,1,1,0,1,0,2,56,0,0,0,3,0,70,8,12,3,12,1,0,0,0,71,1,0
E:\Siva_ood_projects\razorpay-java\src\test\java\com\razorpay\TransferClientTest.java,com.razorpay.TransferClientTest,class,8,8,0,8,10,2,0,20,0,0.4,1.0,1.0,5,0,5,0,0,0,5,0,0,0,3,2,0,2,1,0,2,0,3,94,0,0,0,5,0,138,9,21,12,21,1,0,0,0,79,1,0
E:\Siva_ood_projects\razorpay-java\src\main\java\com\razorpay\Customer.java,com.razorpay.Customer,class,2,4,2,2,1,2,0,0,0,0.0,NaN,NaN,1,0,1,0,0,0,1,0,0,0,0,0,0,0,0,0,0,0,0,5,0,0,0,0,0,0,0,0,0,0,0,0,0,0,8,1,0
E:\Siva_ood_projects\razorpay-java\src\main\java\com\razorpay\TncMap.java,com.razorpay.TncMap,class,2,5,3,2,1,2,0,0,0,0.0,NaN,NaN,1,0,1,0,0,0,1,0,0,0,0,0,0,0,0,0,0,0,0,5,0,0,0,0,0,0,0,0,0,0,0,0,0,0,23,1,0
E:\Siva_ood_projects\razorpay-java\src\test\java\com\razorpay\OAuthTokenClientTest.java,com.razorpay.OAuthTokenClientTest,class,7,7,0,7,19,2,0,11,0,0.0,0.8,0.8,9,0,9,0,0,0,10,0,0,0,1,0,0,0,1,0,0,0,0,106,0,0,0,9,0,106,4,19,12,19,1,0,0,0,86,1,0
E:\Siva_ood_projects\razorpay-java\src\main\java\com\razorpay\CustomTLSSocketFactory.java,com.razorpay.CustomTLSSocketFactory,class,1,3,2,1,12,3,0,13,0,0.1,1.0,1.0,10,0,8,1,0,1,9,0,0,0,1,0,0,1,0,0,0,0,1,38,9,0,1,0,2,3,0,2,0,2,1,0,0,0,34,0,0
E:\Siva_ood_projects\razorpay-java\src\test\java\com\razorpay\RefundClientTest.java,com.razorpay.RefundClientTest,class,7,7,0,7,10,2,0,17,0,0.1,1.0,1.0,5,0,5,0,0,0,5,0,0,0,2,1,0,1,1,0,1,0,3,95,0,0,0,5,0,140,17,19,10,19,1,0,0,0,77,1,0
E:\Siva_ood_projects\razorpay-java\src\main\java\com\razorpay\OauthToken.java,com.razorpay.OauthToken,class,2,4,2,2,1,2,0,0,0,0.0,NaN,NaN,1,0,1,0,0,0,1,0,0,0,0,0,0,0,0,0,0,0,0,5,0,0,0,0,0,0,0,0,0,0,0,0,0,0,9,1,0
E:\Siva_ood_projects\razorpay-java\src\test\java\com\razorpay\AccountClientTest.java,com.razorpay.AccountClientTest,class,9,10,1,9,13,2,0,16,0,0.14285715,1.0,1.0,7,0,6,1,0,0,6,0,0,0,2,1,0,1,1,0,1,0,0,104,1,0,0,6,0,180,6,21,4,21,1,0,0,0,72,1,0
E:\Siva_ood_projects\razorpay-java\src\test\java\com\razorpay\PayloadValidatorTest.java,com.razorpay.PayloadValidatorTest,class,4,4,0,4,10,1,0,8,0,0.0,1.0,1.0,5,0,5,0,0,0,5,0,0,0,1,0,0,1,0,0,0,0,11,53,0,0,0,5,0,20,0,6,0,6,1,0,0,0,38,1,0
E:\Siva_ood_projects\razorpay-java\src\main\java\com\razorpay\Constants.java,com.razorpay.Constants,class,1,1,0,1,0,1,0,1,0,NaN,-1.0,-1.0,0,0,0,0,0,0,0,0,0,0,147,147,0,0,0,147,147,0,0,149,0,0,0,0,0,146,1,147,0,147,0,0,0,0,58,1,0
E:\Siva_ood_projects\razorpay-java\src\test\java\com\razorpay\CardClientTest.java,com.razorpay.CardClientTest,class,7,7,0,7,6,2,0,15,0,0.33333334,1.0,1.0,3,0,3,0,0,0,3,0,0,0,3,2,0,2,1,0,2,0,2,55,0,0,0,3,0,20,3,13,3,13,1,0,0,0,65,1,0
E:\Siva_ood_projects\razorpay-java\src\test\java\com\razorpay\PlanClientTest.java,com.razorpay.PlanClientTest,class,7,7,0,7,6,2,0,20,0,0.0,1.0,1.0,3,0,3,0,0,0,3,0,0,0,2,1,0,1,1,0,1,0,1,62,0,0,0,3,0,132,8,14,7,14,1,0,0,0,70,1,0
E:\Siva_ood_projects\razorpay-java\src\main\java\com\razorpay\PlanClient.java,com.razorpay.PlanClient,class,4,7,3,4,5,2,0,5,10,0.0,0.0,0.0,5,0,4,0,0,1,5,0,0,0,0,0,0,0,0,0,0,0,1,17,4,0,0,0,0,0,0,0,0,0,0,0,0,0,20,1,0
E:\Siva_ood_projects\razorpay-java\src\main\java\com\razorpay\QrCodeClient.java,com.razorpay.QrCodeClient,class,4,7,3,4,8,2,0,6,28,0.0,0.0,0.0,8,0,7,0,0,1,8,0,0,0,0,0,0,0,0,0,0,0,2,26,7,0,0,0,0,2,0,0,1,0,0,0,0,0,43,1,0
E:\Siva_ood_projects\razorpay-java\src\main\java\com\razorpay\Entity.java,com.razorpay.Entity,class,3,60,57,3,9,1,30,8,0,0.53333336,1.0,1.0,5,0,4,0,0,1,5,0,0,0,3,0,0,3,0,0,2,0,0,30,7,0,1,0,0,2,1,4,1,4,1,0,0,0,26,1025,0
E:\Siva_ood_projects\razorpay-java\src\test\java\com\razorpay\StakeholderClientTest.java,com.razorpay.StakeholderClientTest,class,10,11,1,10,14,2,0,18,0,0.29166666,1.0,1.0,8,0,6,2,0,0,6,0,0,0,3,2,0,2,1,0,2,0,0,108,2,0,0,6,0,146,7,22,5,22,1,0,0,0,65,1,0
E:\Siva_ood_projects\razorpay-java\src\test\java\com\razorpay\CustomerClientTest.java,com.razorpay.CustomerClientTest,class,9,9,0,9,22,2,0,26,0,0.5636364,1.0,1.0,11,0,11,0,0,0,11,0,0,0,5,4,0,4,1,0,4,0,8,246,0,0,0,11,0,263,16,52,8,52,1,0,0,0,98,1,0
E:\Siva_ood_projects\razorpay-java\src\main\java\com\razorpay\CardClient.java,com.razorpay.CardClient,class,3,5,2,3,4,2,0,3,6,0.0,0.0,0.0,4,0,3,0,0,1,4,0,0,0,0,0,0,0,0,0,0,0,2,14,3,0,0,0,0,0,0,0,0,0,0,0,0,0,18,1,0
E:\Siva_ood_projects\razorpay-java\src\main\java\com\razorpay\RazorpayClient.java,com.razorpay.RazorpayClient,class,28,30,2,28,5,1,0,4,10,0.8076922,0.0,0.0,5,0,4,1,0,0,4,0,0,0,26,0,26,0,0,0,0,0,2,71,1,0,0,0,0,1,0,27,1,28,0,0,0,0,69,1,0
