file,class,method,variable,usage
E:\Siva_ood_projects\razorpay-java\src\test\java\com\razorpay\SettlementClientTest.java,com.razorpay.SettlementClientTest,reports/0,settlementClient,1
E:\Siva_ood_projects\razorpay-java\src\test\java\com\razorpay\SettlementClientTest.java,com.razorpay.SettlementClientTest,fetchDemandSettlement/0,SETTLEMENT_ID,4
E:\Siva_ood_projects\razorpay-java\src\test\java\com\razorpay\SettlementClientTest.java,com.razorpay.SettlementClientTest,fetchDemandSettlement/0,settlementClient,1
E:\Siva_ood_projects\razorpay-java\src\test\java\com\razorpay\SettlementClientTest.java,com.razorpay.SettlementClientTest,reportsWithOutQuery/0,settlementClient,1
E:\Siva_ood_projects\razorpay-java\src\test\java\com\razorpay\SettlementClientTest.java,com.razorpay.SettlementClientTest,fetchAllDemand/0,settlementClient,1
E:\Siva_ood_projects\razorpay-java\src\test\java\com\razorpay\SettlementClientTest.java,com.razorpay.SettlementClientTest,fetchAll/0,settlementClient,1
E:\Siva_ood_projects\razorpay-java\src\test\java\com\razorpay\SettlementClientTest.java,com.razorpay.SettlementClientTest,fetch/0,SETTLEMENT_ID,4
E:\Siva_ood_projects\razorpay-java\src\test\java\com\razorpay\SettlementClientTest.java,com.razorpay.SettlementClientTest,fetch/0,settlementClient,1
E:\Siva_ood_projects\razorpay-java\src\test\java\com\razorpay\SettlementClientTest.java,com.razorpay.SettlementClientTest,create/0,SETTLEMENT_ID,2
E:\Siva_ood_projects\razorpay-java\src\test\java\com\razorpay\SettlementClientTest.java,com.razorpay.SettlementClientTest,create/0,settlementClient,1
E:\Siva_ood_projects\razorpay-java\src\test\java\com\razorpay\ProductClientTest.java,com.razorpay.ProductClientTest,testProductFetch/0,ACCOUNT_ID,3
E:\Siva_ood_projects\razorpay-java\src\test\java\com\razorpay\ProductClientTest.java,com.razorpay.ProductClientTest,testProductFetch/0,productClient,1
E:\Siva_ood_projects\razorpay-java\src\test\java\com\razorpay\ProductClientTest.java,com.razorpay.ProductClientTest,testProductFetch/0,PRODUCT_ID,2
E:\Siva_ood_projects\razorpay-java\src\test\java\com\razorpay\ProductClientTest.java,com.razorpay.ProductClientTest,testAccountEdit/0,ACCOUNT_ID,3
E:\Siva_ood_projects\razorpay-java\src\test\java\com\razorpay\ProductClientTest.java,com.razorpay.ProductClientTest,testAccountEdit/0,productClient,1
E:\Siva_ood_projects\razorpay-java\src\test\java\com\razorpay\ProductClientTest.java,com.razorpay.ProductClientTest,testAccountEdit/0,PRODUCT_ID,2
E:\Siva_ood_projects\razorpay-java\src\test\java\com\razorpay\ProductClientTest.java,com.razorpay.ProductClientTest,testProductRequestProduction/0,ACCOUNT_ID,3
E:\Siva_ood_projects\razorpay-java\src\test\java\com\razorpay\ProductClientTest.java,com.razorpay.ProductClientTest,testProductRequestProduction/0,productClient,1
E:\Siva_ood_projects\razorpay-java\src\test\java\com\razorpay\ProductClientTest.java,com.razorpay.ProductClientTest,testTncFetch/0,TNC_ID,1
E:\Siva_ood_projects\razorpay-java\src\test\java\com\razorpay\ProductClientTest.java,com.razorpay.ProductClientTest,testTncFetch/0,productClient,1
E:\Siva_ood_projects\razorpay-java\src\main\java\com\razorpay\ApiUtils.java,com.razorpay.ApiUtils,"getAPIBuilder/2[java.lang.String,java.lang.String]",version,2
E:\Siva_ood_projects\razorpay-java\src\main\java\com\razorpay\ApiUtils.java,com.razorpay.ApiUtils,"deleteRequest/4[java.lang.String,java.lang.String,com.razorpay.JSONObject,java.lang.String]",version,2
E:\Siva_ood_projects\razorpay-java\src\main\java\com\razorpay\ApiUtils.java,com.razorpay.ApiUtils,"addHeaders/1[java.util.Map<java.lang.String,java.lang.String>]",headers,1
E:\Siva_ood_projects\razorpay-java\src\main\java\com\razorpay\ApiUtils.java,com.razorpay.ApiUtils,processRequest/1[com.razorpay.Request],client,1
E:\Siva_ood_projects\razorpay-java\src\main\java\com\razorpay\ApiUtils.java,com.razorpay.ApiUtils,"postRequest/4[java.lang.String,java.lang.String,com.razorpay.JSONObject,java.lang.String]",version,2
E:\Siva_ood_projects\razorpay-java\src\main\java\com\razorpay\ApiUtils.java,com.razorpay.ApiUtils,"getBuilder/3[java.lang.String,java.lang.String,java.lang.String]",version,3
E:\Siva_ood_projects\razorpay-java\src\main\java\com\razorpay\ApiUtils.java,com.razorpay.ApiUtils,createHttpClientInstance/1[boolean],client,2
E:\Siva_ood_projects\razorpay-java\src\main\java\com\razorpay\ApiUtils.java,com.razorpay.ApiUtils,createHttpClientInstance/1[boolean],version,1
E:\Siva_ood_projects\razorpay-java\src\main\java\com\razorpay\ApiUtils.java,com.razorpay.ApiUtils,"getRequest/5[java.lang.String,java.lang.String,com.razorpay.JSONObject,java.lang.String,java.lang.String]",version,2
E:\Siva_ood_projects\razorpay-java\src\main\java\com\razorpay\ApiUtils.java,com.razorpay.ApiUtils,"putRequest/4[java.lang.String,java.lang.String,com.razorpay.JSONObject,java.lang.String]",version,2
E:\Siva_ood_projects\razorpay-java\src\main\java\com\razorpay\ApiUtils.java,com.razorpay.ApiUtils,"createRequest/4[java.lang.String,java.lang.String,com.razorpay.RequestBody,java.lang.String]",headers,1
E:\Siva_ood_projects\razorpay-java\src\main\java\com\razorpay\ApiUtils.java,com.razorpay.ApiUtils,"createRequest/4[java.lang.String,java.lang.String,com.razorpay.RequestBody,java.lang.String]",version,1
E:\Siva_ood_projects\razorpay-java\src\main\java\com\razorpay\ApiUtils.java,com.razorpay.ApiUtils,"deleteRequest/5[java.lang.String,java.lang.String,com.razorpay.JSONObject,java.lang.String,java.lang.String]",version,2
E:\Siva_ood_projects\razorpay-java\src\main\java\com\razorpay\ApiUtils.java,com.razorpay.ApiUtils,"patchRequest/4[java.lang.String,java.lang.String,com.razorpay.JSONObject,java.lang.String]",version,2
E:\Siva_ood_projects\razorpay-java\src\main\java\com\razorpay\ApiUtils.java,com.razorpay.ApiUtils,"putRequest/5[java.lang.String,java.lang.String,com.razorpay.JSONObject,java.lang.String,java.lang.String]",version,2
E:\Siva_ood_projects\razorpay-java\src\main\java\com\razorpay\ApiUtils.java,com.razorpay.ApiUtils,"postRequest/5[java.lang.String,java.lang.String,com.razorpay.JSONObject,java.lang.String,java.lang.String]",version,2
E:\Siva_ood_projects\razorpay-java\src\main\java\com\razorpay\ApiUtils.java,com.razorpay.ApiUtils,"patchRequest/5[java.lang.String,java.lang.String,com.razorpay.JSONObject,java.lang.String,java.lang.String]",version,2
E:\Siva_ood_projects\razorpay-java\src\main\java\com\razorpay\ApiUtils.java,com.razorpay.ApiUtils,"getRequest/4[java.lang.String,java.lang.String,com.razorpay.JSONObject,java.lang.String]",version,2
E:\Siva_ood_projects\razorpay-java\src\main\java\com\razorpay\ValidationConfig.java,com.razorpay.ValidationConfig,getFieldName/0,fieldName,1
E:\Siva_ood_projects\razorpay-java\src\main\java\com\razorpay\ValidationConfig.java,com.razorpay.ValidationConfig,getValidations/0,validations,1
E:\Siva_ood_projects\razorpay-java\src\main\java\com\razorpay\ValidationConfig.java,com.razorpay.ValidationConfig,"ValidationConfig/2[java.lang.String,java.util.List<com.razorpay.ValidationType>]",fieldName,3
E:\Siva_ood_projects\razorpay-java\src\main\java\com\razorpay\ValidationConfig.java,com.razorpay.ValidationConfig,"ValidationConfig/2[java.lang.String,java.util.List<com.razorpay.ValidationType>]",validations,3
E:\Siva_ood_projects\razorpay-java\src\test\java\com\razorpay\PaymentLinkTest.java,com.razorpay.PaymentLinkTest,create/0,PAYMENTLINK_ID,2
E:\Siva_ood_projects\razorpay-java\src\test\java\com\razorpay\PaymentLinkTest.java,com.razorpay.PaymentLinkTest,create/0,paymentLinkClient,1
E:\Siva_ood_projects\razorpay-java\src\test\java\com\razorpay\PaymentLinkTest.java,com.razorpay.PaymentLinkTest,cancel/0,PAYMENTLINK_ID,4
E:\Siva_ood_projects\razorpay-java\src\test\java\com\razorpay\PaymentLinkTest.java,com.razorpay.PaymentLinkTest,cancel/0,paymentLinkClient,1
E:\Siva_ood_projects\razorpay-java\src\test\java\com\razorpay\PaymentLinkTest.java,com.razorpay.PaymentLinkTest,edit/0,PAYMENTLINK_ID,2
E:\Siva_ood_projects\razorpay-java\src\test\java\com\razorpay\PaymentLinkTest.java,com.razorpay.PaymentLinkTest,edit/0,paymentLinkClient,1
E:\Siva_ood_projects\razorpay-java\src\test\java\com\razorpay\PaymentLinkTest.java,com.razorpay.PaymentLinkTest,fetch/0,PAYMENTLINK_ID,4
E:\Siva_ood_projects\razorpay-java\src\test\java\com\razorpay\PaymentLinkTest.java,com.razorpay.PaymentLinkTest,fetch/0,paymentLinkClient,1
E:\Siva_ood_projects\razorpay-java\src\test\java\com\razorpay\PaymentLinkTest.java,com.razorpay.PaymentLinkTest,fetchAll/0,paymentLinkClient,1
E:\Siva_ood_projects\razorpay-java\src\test\java\com\razorpay\PaymentLinkTest.java,com.razorpay.PaymentLinkTest,notifyBy/0,PAYMENTLINK_ID,2
E:\Siva_ood_projects\razorpay-java\src\test\java\com\razorpay\PaymentLinkTest.java,com.razorpay.PaymentLinkTest,notifyBy/0,paymentLinkClient,1
E:\Siva_ood_projects\razorpay-java\src\test\java\com\razorpay\PaymentClientTest.java,com.razorpay.PaymentClientTest,fetchRefundWithoutPaymentId/0,PAYMENT_ID,2
E:\Siva_ood_projects\razorpay-java\src\test\java\com\razorpay\PaymentClientTest.java,com.razorpay.PaymentClientTest,fetchRefundWithoutPaymentId/0,REFUND_ID,3
E:\Siva_ood_projects\razorpay-java\src\test\java\com\razorpay\PaymentClientTest.java,com.razorpay.PaymentClientTest,fetchRefundWithoutPaymentId/0,paymentClient,1
E:\Siva_ood_projects\razorpay-java\src\test\java\com\razorpay\PaymentClientTest.java,com.razorpay.PaymentClientTest,fetch/0,PAYMENT_ID,4
E:\Siva_ood_projects\razorpay-java\src\test\java\com\razorpay\PaymentClientTest.java,com.razorpay.PaymentClientTest,fetch/0,paymentClient,1
E:\Siva_ood_projects\razorpay-java\src\test\java\com\razorpay\PaymentClientTest.java,com.razorpay.PaymentClientTest,fetchAllTransfers/0,PAYMENT_ID,2
E:\Siva_ood_projects\razorpay-java\src\test\java\com\razorpay\PaymentClientTest.java,com.razorpay.PaymentClientTest,fetchAllTransfers/0,paymentClient,1
E:\Siva_ood_projects\razorpay-java\src\test\java\com\razorpay\PaymentClientTest.java,com.razorpay.PaymentClientTest,capture/0,PAYMENT_ID,4
E:\Siva_ood_projects\razorpay-java\src\test\java\com\razorpay\PaymentClientTest.java,com.razorpay.PaymentClientTest,capture/0,paymentClient,1
E:\Siva_ood_projects\razorpay-java\src\test\java\com\razorpay\PaymentClientTest.java,com.razorpay.PaymentClientTest,refund/0,PAYMENT_ID,2
E:\Siva_ood_projects\razorpay-java\src\test\java\com\razorpay\PaymentClientTest.java,com.razorpay.PaymentClientTest,refund/0,REFUND_ID,2
E:\Siva_ood_projects\razorpay-java\src\test\java\com\razorpay\PaymentClientTest.java,com.razorpay.PaymentClientTest,refund/0,paymentClient,1
E:\Siva_ood_projects\razorpay-java\src\test\java\com\razorpay\PaymentClientTest.java,com.razorpay.PaymentClientTest,fetchRefund/0,PAYMENT_ID,4
E:\Siva_ood_projects\razorpay-java\src\test\java\com\razorpay\PaymentClientTest.java,com.razorpay.PaymentClientTest,fetchRefund/0,REFUND_ID,3
E:\Siva_ood_projects\razorpay-java\src\test\java\com\razorpay\PaymentClientTest.java,com.razorpay.PaymentClientTest,fetchRefund/0,paymentClient,1
E:\Siva_ood_projects\razorpay-java\src\test\java\com\razorpay\PaymentClientTest.java,com.razorpay.PaymentClientTest,fetchAllRefundWithoutQuery/0,PAYMENT_ID,2
E:\Siva_ood_projects\razorpay-java\src\test\java\com\razorpay\PaymentClientTest.java,com.razorpay.PaymentClientTest,fetchAllRefundWithoutQuery/0,REFUND_ID,3
E:\Siva_ood_projects\razorpay-java\src\test\java\com\razorpay\PaymentClientTest.java,com.razorpay.PaymentClientTest,fetchAllRefundWithoutQuery/0,paymentClient,1
E:\Siva_ood_projects\razorpay-java\src\test\java\com\razorpay\PaymentClientTest.java,com.razorpay.PaymentClientTest,createRecurringPayment/0,ORDER_ID,1
E:\Siva_ood_projects\razorpay-java\src\test\java\com\razorpay\PaymentClientTest.java,com.razorpay.PaymentClientTest,createRecurringPayment/0,PAYMENT_ID,1
E:\Siva_ood_projects\razorpay-java\src\test\java\com\razorpay\PaymentClientTest.java,com.razorpay.PaymentClientTest,createRecurringPayment/0,paymentClient,1
E:\Siva_ood_projects\razorpay-java\src\test\java\com\razorpay\PaymentClientTest.java,com.razorpay.PaymentClientTest,createRecurringPayment/0,SIGNATURE,1
E:\Siva_ood_projects\razorpay-java\src\test\java\com\razorpay\PaymentClientTest.java,com.razorpay.PaymentClientTest,expandedDetails/0,PAYMENT_ID,2
E:\Siva_ood_projects\razorpay-java\src\test\java\com\razorpay\PaymentClientTest.java,com.razorpay.PaymentClientTest,expandedDetails/0,paymentClient,1
E:\Siva_ood_projects\razorpay-java\src\test\java\com\razorpay\PaymentClientTest.java,com.razorpay.PaymentClientTest,refundWithOutQuery/0,PAYMENT_ID,2
E:\Siva_ood_projects\razorpay-java\src\test\java\com\razorpay\PaymentClientTest.java,com.razorpay.PaymentClientTest,refundWithOutQuery/0,REFUND_ID,2
E:\Siva_ood_projects\razorpay-java\src\test\java\com\razorpay\PaymentClientTest.java,com.razorpay.PaymentClientTest,refundWithOutQuery/0,paymentClient,1
E:\Siva_ood_projects\razorpay-java\src\test\java\com\razorpay\PaymentClientTest.java,com.razorpay.PaymentClientTest,transfers/0,PAYMENT_ID,2
E:\Siva_ood_projects\razorpay-java\src\test\java\com\razorpay\PaymentClientTest.java,com.razorpay.PaymentClientTest,transfers/0,paymentClient,1
E:\Siva_ood_projects\razorpay-java\src\test\java\com\razorpay\PaymentClientTest.java,com.razorpay.PaymentClientTest,validateUpi/0,paymentClient,1
E:\Siva_ood_projects\razorpay-java\src\test\java\com\razorpay\PaymentClientTest.java,com.razorpay.PaymentClientTest,fetchAll/0,paymentClient,1
E:\Siva_ood_projects\razorpay-java\src\test\java\com\razorpay\PaymentClientTest.java,com.razorpay.PaymentClientTest,createJsonPayment/0,paymentClient,1
E:\Siva_ood_projects\razorpay-java\src\test\java\com\razorpay\PaymentClientTest.java,com.razorpay.PaymentClientTest,otpGenerate/0,PAYMENT_ID,4
E:\Siva_ood_projects\razorpay-java\src\test\java\com\razorpay\PaymentClientTest.java,com.razorpay.PaymentClientTest,otpGenerate/0,paymentClient,1
E:\Siva_ood_projects\razorpay-java\src\test\java\com\razorpay\PaymentClientTest.java,com.razorpay.PaymentClientTest,fetchBankTransfers/0,PAYMENT_ID,3
E:\Siva_ood_projects\razorpay-java\src\test\java\com\razorpay\PaymentClientTest.java,com.razorpay.PaymentClientTest,fetchBankTransfers/0,paymentClient,1
E:\Siva_ood_projects\razorpay-java\src\test\java\com\razorpay\PaymentClientTest.java,com.razorpay.PaymentClientTest,otpResend/0,PAYMENT_ID,4
E:\Siva_ood_projects\razorpay-java\src\test\java\com\razorpay\PaymentClientTest.java,com.razorpay.PaymentClientTest,otpResend/0,paymentClient,1
E:\Siva_ood_projects\razorpay-java\src\test\java\com\razorpay\PaymentClientTest.java,com.razorpay.PaymentClientTest,FetchAllRefunds/0,PAYMENT_ID,2
E:\Siva_ood_projects\razorpay-java\src\test\java\com\razorpay\PaymentClientTest.java,com.razorpay.PaymentClientTest,FetchAllRefunds/0,paymentClient,1
E:\Siva_ood_projects\razorpay-java\src\test\java\com\razorpay\PaymentClientTest.java,com.razorpay.PaymentClientTest,otpSubmit/0,ORDER_ID,2
E:\Siva_ood_projects\razorpay-java\src\test\java\com\razorpay\PaymentClientTest.java,com.razorpay.PaymentClientTest,otpSubmit/0,PAYMENT_ID,4
E:\Siva_ood_projects\razorpay-java\src\test\java\com\razorpay\PaymentClientTest.java,com.razorpay.PaymentClientTest,otpSubmit/0,paymentClient,1
E:\Siva_ood_projects\razorpay-java\src\test\java\com\razorpay\PaymentClientTest.java,com.razorpay.PaymentClientTest,fetchAllRefund/0,PAYMENT_ID,2
E:\Siva_ood_projects\razorpay-java\src\test\java\com\razorpay\PaymentClientTest.java,com.razorpay.PaymentClientTest,fetchAllRefund/0,REFUND_ID,2
E:\Siva_ood_projects\razorpay-java\src\test\java\com\razorpay\PaymentClientTest.java,com.razorpay.PaymentClientTest,fetchAllRefund/0,paymentClient,1
E:\Siva_ood_projects\razorpay-java\src\test\java\com\razorpay\PaymentClientTest.java,com.razorpay.PaymentClientTest,createUpi/0,PAYMENT_ID,2
E:\Siva_ood_projects\razorpay-java\src\test\java\com\razorpay\PaymentClientTest.java,com.razorpay.PaymentClientTest,createUpi/0,paymentClient,1
E:\Siva_ood_projects\razorpay-java\src\test\java\com\razorpay\PaymentClientTest.java,com.razorpay.PaymentClientTest,fetchAllRefundWithQuery/0,PAYMENT_ID,2
E:\Siva_ood_projects\razorpay-java\src\test\java\com\razorpay\PaymentClientTest.java,com.razorpay.PaymentClientTest,fetchAllRefundWithQuery/0,REFUND_ID,1
E:\Siva_ood_projects\razorpay-java\src\test\java\com\razorpay\PaymentClientTest.java,com.razorpay.PaymentClientTest,fetchAllRefundWithQuery/0,paymentClient,1
E:\Siva_ood_projects\razorpay-java\src\test\java\com\razorpay\SubscriptionClientTest.java,com.razorpay.SubscriptionClientTest,testCreate/0,subscriptionClient,1
E:\Siva_ood_projects\razorpay-java\src\test\java\com\razorpay\SubscriptionClientTest.java,com.razorpay.SubscriptionClientTest,testCreate/0,TEST_SUBSCRIPTION_ID,1
E:\Siva_ood_projects\razorpay-java\src\test\java\com\razorpay\SubscriptionClientTest.java,com.razorpay.SubscriptionClientTest,testCreate/0,SUBSCRIPTION_ID,1
E:\Siva_ood_projects\razorpay-java\src\test\java\com\razorpay\SubscriptionClientTest.java,com.razorpay.SubscriptionClientTest,testCreate/0,TEST_PLAN_ID,1
E:\Siva_ood_projects\razorpay-java\src\test\java\com\razorpay\SubscriptionClientTest.java,com.razorpay.SubscriptionClientTest,testCreate/0,PLAN_ID,1
E:\Siva_ood_projects\razorpay-java\src\test\java\com\razorpay\SubscriptionClientTest.java,com.razorpay.SubscriptionClientTest,testCancelPendingUpdate/0,subscriptionClient,1
E:\Siva_ood_projects\razorpay-java\src\test\java\com\razorpay\SubscriptionClientTest.java,com.razorpay.SubscriptionClientTest,testCancelPendingUpdate/0,TEST_SUBSCRIPTION_ID,3
E:\Siva_ood_projects\razorpay-java\src\test\java\com\razorpay\SubscriptionClientTest.java,com.razorpay.SubscriptionClientTest,testCancelPendingUpdate/0,SUBSCRIPTION_ID,1
E:\Siva_ood_projects\razorpay-java\src\test\java\com\razorpay\SubscriptionClientTest.java,com.razorpay.SubscriptionClientTest,testCreateWithException/0,subscriptionClient,1
E:\Siva_ood_projects\razorpay-java\src\test\java\com\razorpay\SubscriptionClientTest.java,com.razorpay.SubscriptionClientTest,testCreateWithException/0,TEST_SUBSCRIPTION_ID,1
E:\Siva_ood_projects\razorpay-java\src\test\java\com\razorpay\SubscriptionClientTest.java,com.razorpay.SubscriptionClientTest,testCreateWithException/0,SUBSCRIPTION_ID,1
E:\Siva_ood_projects\razorpay-java\src\test\java\com\razorpay\SubscriptionClientTest.java,com.razorpay.SubscriptionClientTest,testCreateWithException/0,TEST_PLAN_ID,1
E:\Siva_ood_projects\razorpay-java\src\test\java\com\razorpay\SubscriptionClientTest.java,com.razorpay.SubscriptionClientTest,testCreateWithException/0,PLAN_ID,1
E:\Siva_ood_projects\razorpay-java\src\test\java\com\razorpay\SubscriptionClientTest.java,com.razorpay.SubscriptionClientTest,testPause/0,subscriptionClient,1
E:\Siva_ood_projects\razorpay-java\src\test\java\com\razorpay\SubscriptionClientTest.java,com.razorpay.SubscriptionClientTest,testPause/0,TEST_SUBSCRIPTION_ID,3
E:\Siva_ood_projects\razorpay-java\src\test\java\com\razorpay\SubscriptionClientTest.java,com.razorpay.SubscriptionClientTest,testPause/0,SUBSCRIPTION_ID,1
E:\Siva_ood_projects\razorpay-java\src\test\java\com\razorpay\SubscriptionClientTest.java,com.razorpay.SubscriptionClientTest,testDeleteSubscriptionOffer/0,TEST_OFFER,2
E:\Siva_ood_projects\razorpay-java\src\test\java\com\razorpay\SubscriptionClientTest.java,com.razorpay.SubscriptionClientTest,testDeleteSubscriptionOffer/0,subscriptionClient,1
E:\Siva_ood_projects\razorpay-java\src\test\java\com\razorpay\SubscriptionClientTest.java,com.razorpay.SubscriptionClientTest,testDeleteSubscriptionOffer/0,TEST_SUBSCRIPTION_ID,3
E:\Siva_ood_projects\razorpay-java\src\test\java\com\razorpay\SubscriptionClientTest.java,com.razorpay.SubscriptionClientTest,testDeleteSubscriptionOffer/0,SUBSCRIPTION_ID,1
E:\Siva_ood_projects\razorpay-java\src\test\java\com\razorpay\SubscriptionClientTest.java,com.razorpay.SubscriptionClientTest,testFetch/0,subscriptionClient,1
E:\Siva_ood_projects\razorpay-java\src\test\java\com\razorpay\SubscriptionClientTest.java,com.razorpay.SubscriptionClientTest,testFetch/0,TEST_SUBSCRIPTION_ID,3
E:\Siva_ood_projects\razorpay-java\src\test\java\com\razorpay\SubscriptionClientTest.java,com.razorpay.SubscriptionClientTest,testFetch/0,SUBSCRIPTION_ID,1
E:\Siva_ood_projects\razorpay-java\src\test\java\com\razorpay\SubscriptionClientTest.java,com.razorpay.SubscriptionClientTest,testFetch/0,TEST_PLAN_ID,1
E:\Siva_ood_projects\razorpay-java\src\test\java\com\razorpay\SubscriptionClientTest.java,com.razorpay.SubscriptionClientTest,testFetch/0,PLAN_ID,1
E:\Siva_ood_projects\razorpay-java\src\test\java\com\razorpay\SubscriptionClientTest.java,com.razorpay.SubscriptionClientTest,testCancel/0,subscriptionClient,1
E:\Siva_ood_projects\razorpay-java\src\test\java\com\razorpay\SubscriptionClientTest.java,com.razorpay.SubscriptionClientTest,testCancel/0,TEST_SUBSCRIPTION_ID,3
E:\Siva_ood_projects\razorpay-java\src\test\java\com\razorpay\SubscriptionClientTest.java,com.razorpay.SubscriptionClientTest,testCancel/0,SUBSCRIPTION_ID,1
E:\Siva_ood_projects\razorpay-java\src\test\java\com\razorpay\SubscriptionClientTest.java,com.razorpay.SubscriptionClientTest,testCancel/0,TEST_PLAN_ID,1
E:\Siva_ood_projects\razorpay-java\src\test\java\com\razorpay\SubscriptionClientTest.java,com.razorpay.SubscriptionClientTest,testCancel/0,PLAN_ID,1
E:\Siva_ood_projects\razorpay-java\src\test\java\com\razorpay\SubscriptionClientTest.java,com.razorpay.SubscriptionClientTest,getAddonMockedResponse/0,TEST_SUBSCRIPTION_ID,1
E:\Siva_ood_projects\razorpay-java\src\test\java\com\razorpay\SubscriptionClientTest.java,com.razorpay.SubscriptionClientTest,getAddonMockedResponse/0,TEST_ADDON_ID,1
E:\Siva_ood_projects\razorpay-java\src\test\java\com\razorpay\SubscriptionClientTest.java,com.razorpay.SubscriptionClientTest,getAddonMockedResponse/0,ADDON_ITEM_ID,1
E:\Siva_ood_projects\razorpay-java\src\test\java\com\razorpay\SubscriptionClientTest.java,com.razorpay.SubscriptionClientTest,testCreateAddon/0,ADDON_ID,1
E:\Siva_ood_projects\razorpay-java\src\test\java\com\razorpay\SubscriptionClientTest.java,com.razorpay.SubscriptionClientTest,testCreateAddon/0,subscriptionClient,1
E:\Siva_ood_projects\razorpay-java\src\test\java\com\razorpay\SubscriptionClientTest.java,com.razorpay.SubscriptionClientTest,testCreateAddon/0,TEST_SUBSCRIPTION_ID,3
E:\Siva_ood_projects\razorpay-java\src\test\java\com\razorpay\SubscriptionClientTest.java,com.razorpay.SubscriptionClientTest,testCreateAddon/0,TEST_ADDON_ID,1
E:\Siva_ood_projects\razorpay-java\src\test\java\com\razorpay\SubscriptionClientTest.java,com.razorpay.SubscriptionClientTest,testCreateAddon/0,ADDON_SUBSCRIPTION_ID,1
E:\Siva_ood_projects\razorpay-java\src\test\java\com\razorpay\SubscriptionClientTest.java,com.razorpay.SubscriptionClientTest,getFetchAllFilteredRequestPlanIdAndCount2/0,TEST_PLAN_ID,1
E:\Siva_ood_projects\razorpay-java\src\test\java\com\razorpay\SubscriptionClientTest.java,com.razorpay.SubscriptionClientTest,testResume/0,subscriptionClient,1
E:\Siva_ood_projects\razorpay-java\src\test\java\com\razorpay\SubscriptionClientTest.java,com.razorpay.SubscriptionClientTest,testResume/0,TEST_SUBSCRIPTION_ID,3
E:\Siva_ood_projects\razorpay-java\src\test\java\com\razorpay\SubscriptionClientTest.java,com.razorpay.SubscriptionClientTest,testResume/0,SUBSCRIPTION_ID,1
E:\Siva_ood_projects\razorpay-java\src\test\java\com\razorpay\SubscriptionClientTest.java,com.razorpay.SubscriptionClientTest,testFetchPendingUpdate/0,subscriptionClient,1
E:\Siva_ood_projects\razorpay-java\src\test\java\com\razorpay\SubscriptionClientTest.java,com.razorpay.SubscriptionClientTest,testFetchPendingUpdate/0,TEST_SUBSCRIPTION_ID,3
E:\Siva_ood_projects\razorpay-java\src\test\java\com\razorpay\SubscriptionClientTest.java,com.razorpay.SubscriptionClientTest,testFetchPendingUpdate/0,SUBSCRIPTION_ID,1
E:\Siva_ood_projects\razorpay-java\src\test\java\com\razorpay\SubscriptionClientTest.java,com.razorpay.SubscriptionClientTest,testTestFetchAllFilteredByPlan/0,subscriptionClient,1
E:\Siva_ood_projects\razorpay-java\src\test\java\com\razorpay\SubscriptionClientTest.java,com.razorpay.SubscriptionClientTest,testTestFetchAllFilteredByPlan/0,TEST_SUBSCRIPTION_ID,1
E:\Siva_ood_projects\razorpay-java\src\test\java\com\razorpay\SubscriptionClientTest.java,com.razorpay.SubscriptionClientTest,testTestFetchAllFilteredByPlan/0,SUBSCRIPTION_ID,1
E:\Siva_ood_projects\razorpay-java\src\test\java\com\razorpay\SubscriptionClientTest.java,com.razorpay.SubscriptionClientTest,testTestFetchAllFilteredByPlan/0,TEST_PLAN_ID,2
E:\Siva_ood_projects\razorpay-java\src\test\java\com\razorpay\SubscriptionClientTest.java,com.razorpay.SubscriptionClientTest,testTestFetchAllFilteredByPlan/0,PLAN_ID,1
E:\Siva_ood_projects\razorpay-java\src\test\java\com\razorpay\SubscriptionClientTest.java,com.razorpay.SubscriptionClientTest,getRequest/0,TEST_PLAN_ID,1
E:\Siva_ood_projects\razorpay-java\src\test\java\com\razorpay\SubscriptionClientTest.java,com.razorpay.SubscriptionClientTest,testFetchAll/0,TEST_SUBSCRIPTION_ID_2,1
E:\Siva_ood_projects\razorpay-java\src\test\java\com\razorpay\SubscriptionClientTest.java,com.razorpay.SubscriptionClientTest,testFetchAll/0,subscriptionClient,1
E:\Siva_ood_projects\razorpay-java\src\test\java\com\razorpay\SubscriptionClientTest.java,com.razorpay.SubscriptionClientTest,testFetchAll/0,TEST_SUBSCRIPTION_ID,1
E:\Siva_ood_projects\razorpay-java\src\test\java\com\razorpay\SubscriptionClientTest.java,com.razorpay.SubscriptionClientTest,testFetchAll/0,SUBSCRIPTION_ID,2
E:\Siva_ood_projects\razorpay-java\src\test\java\com\razorpay\SubscriptionClientTest.java,com.razorpay.SubscriptionClientTest,testFetchAll/0,TEST_PLAN_ID,2
E:\Siva_ood_projects\razorpay-java\src\test\java\com\razorpay\SubscriptionClientTest.java,com.razorpay.SubscriptionClientTest,testFetchAll/0,PLAN_ID,2
E:\Siva_ood_projects\razorpay-java\src\test\java\com\razorpay\SubscriptionClientTest.java,com.razorpay.SubscriptionClientTest,getMockedResponseJson/0,TEST_SUBSCRIPTION_ID,1
E:\Siva_ood_projects\razorpay-java\src\test\java\com\razorpay\SubscriptionClientTest.java,com.razorpay.SubscriptionClientTest,getMockedResponseJson/0,TEST_PLAN_ID,1
E:\Siva_ood_projects\razorpay-java\src\test\java\com\razorpay\SubscriptionClientTest.java,com.razorpay.SubscriptionClientTest,getSubscriptionCollectionMockedResponse/0,TEST_SUBSCRIPTION_ID_2,1
E:\Siva_ood_projects\razorpay-java\src\test\java\com\razorpay\SubscriptionClientTest.java,com.razorpay.SubscriptionClientTest,getSubscriptionCollectionMockedResponse/0,TEST_SUBSCRIPTION_ID,1
E:\Siva_ood_projects\razorpay-java\src\test\java\com\razorpay\SubscriptionClientTest.java,com.razorpay.SubscriptionClientTest,getSubscriptionCollectionMockedResponse/0,TEST_PLAN_ID,2
E:\Siva_ood_projects\razorpay-java\src\test\java\com\razorpay\SubscriptionClientTest.java,com.razorpay.SubscriptionClientTest,testUpdate/0,subscriptionClient,1
E:\Siva_ood_projects\razorpay-java\src\test\java\com\razorpay\SubscriptionClientTest.java,com.razorpay.SubscriptionClientTest,testUpdate/0,TEST_SUBSCRIPTION_ID,4
E:\Siva_ood_projects\razorpay-java\src\test\java\com\razorpay\SubscriptionClientTest.java,com.razorpay.SubscriptionClientTest,testUpdate/0,SUBSCRIPTION_ID,1
E:\Siva_ood_projects\razorpay-java\src\test\java\com\razorpay\SubscriptionClientTest.java,com.razorpay.SubscriptionClientTest,testUpdate/0,TEST_PLAN_ID,1
E:\Siva_ood_projects\razorpay-java\src\main\java\com\razorpay\PaymentClient.java,com.razorpay.PaymentClient,PaymentClient/1[java.lang.String],refundClient,1
E:\Siva_ood_projects\razorpay-java\src\main\java\com\razorpay\PaymentClient.java,com.razorpay.PaymentClient,fetchAllRefunds/1[com.razorpay.JSONObject],refundClient,1
E:\Siva_ood_projects\razorpay-java\src\main\java\com\razorpay\PaymentClient.java,com.razorpay.PaymentClient,refund/1[com.razorpay.JSONObject],refundClient,1
E:\Siva_ood_projects\razorpay-java\src\main\java\com\razorpay\PaymentClient.java,com.razorpay.PaymentClient,fetchRefund/1[java.lang.String],refundClient,1
E:\Siva_ood_projects\razorpay-java\src\test\java\com\razorpay\VirtualAccountClientTest.java,com.razorpay.VirtualAccountClientTest,fetchPayments/0,virtualAccountClient,1
E:\Siva_ood_projects\razorpay-java\src\test\java\com\razorpay\VirtualAccountClientTest.java,com.razorpay.VirtualAccountClientTest,fetchPayments/0,VIRTUAL_ACCOUNT_ID,1
E:\Siva_ood_projects\razorpay-java\src\test\java\com\razorpay\VirtualAccountClientTest.java,com.razorpay.VirtualAccountClientTest,fetchPayments/0,CUSTOMER_ID,1
E:\Siva_ood_projects\razorpay-java\src\test\java\com\razorpay\VirtualAccountClientTest.java,com.razorpay.VirtualAccountClientTest,addAllowedPayers/0,virtualAccountClient,1
E:\Siva_ood_projects\razorpay-java\src\test\java\com\razorpay\VirtualAccountClientTest.java,com.razorpay.VirtualAccountClientTest,addAllowedPayers/0,VIRTUAL_ACCOUNT_ID,3
E:\Siva_ood_projects\razorpay-java\src\test\java\com\razorpay\VirtualAccountClientTest.java,com.razorpay.VirtualAccountClientTest,addAllowedPayers/0,CORP_NAME,1
E:\Siva_ood_projects\razorpay-java\src\test\java\com\razorpay\VirtualAccountClientTest.java,com.razorpay.VirtualAccountClientTest,addAllowedPayers/0,CUSTOMER_ID,1
E:\Siva_ood_projects\razorpay-java\src\test\java\com\razorpay\VirtualAccountClientTest.java,com.razorpay.VirtualAccountClientTest,close/0,virtualAccountClient,1
E:\Siva_ood_projects\razorpay-java\src\test\java\com\razorpay\VirtualAccountClientTest.java,com.razorpay.VirtualAccountClientTest,close/0,VIRTUAL_ACCOUNT_ID,4
E:\Siva_ood_projects\razorpay-java\src\test\java\com\razorpay\VirtualAccountClientTest.java,com.razorpay.VirtualAccountClientTest,close/0,CORP_NAME,1
E:\Siva_ood_projects\razorpay-java\src\test\java\com\razorpay\VirtualAccountClientTest.java,com.razorpay.VirtualAccountClientTest,close/0,CLOSED_STATUS,1
E:\Siva_ood_projects\razorpay-java\src\test\java\com\razorpay\VirtualAccountClientTest.java,com.razorpay.VirtualAccountClientTest,fetch/0,virtualAccountClient,1
E:\Siva_ood_projects\razorpay-java\src\test\java\com\razorpay\VirtualAccountClientTest.java,com.razorpay.VirtualAccountClientTest,fetch/0,ACTIVE_STATUS,1
E:\Siva_ood_projects\razorpay-java\src\test\java\com\razorpay\VirtualAccountClientTest.java,com.razorpay.VirtualAccountClientTest,fetch/0,VIRTUAL_ACCOUNT_ID,4
E:\Siva_ood_projects\razorpay-java\src\test\java\com\razorpay\VirtualAccountClientTest.java,com.razorpay.VirtualAccountClientTest,fetch/0,CORP_NAME,1
E:\Siva_ood_projects\razorpay-java\src\test\java\com\razorpay\VirtualAccountClientTest.java,com.razorpay.VirtualAccountClientTest,fetchAll/0,virtualAccountClient,1
E:\Siva_ood_projects\razorpay-java\src\test\java\com\razorpay\VirtualAccountClientTest.java,com.razorpay.VirtualAccountClientTest,create/0,virtualAccountClient,1
E:\Siva_ood_projects\razorpay-java\src\test\java\com\razorpay\VirtualAccountClientTest.java,com.razorpay.VirtualAccountClientTest,create/0,ACTIVE_STATUS,1
E:\Siva_ood_projects\razorpay-java\src\test\java\com\razorpay\VirtualAccountClientTest.java,com.razorpay.VirtualAccountClientTest,create/0,VIRTUAL_ACCOUNT_ID,1
E:\Siva_ood_projects\razorpay-java\src\test\java\com\razorpay\VirtualAccountClientTest.java,com.razorpay.VirtualAccountClientTest,create/0,CORP_NAME,1
E:\Siva_ood_projects\razorpay-java\src\test\java\com\razorpay\VirtualAccountClientTest.java,com.razorpay.VirtualAccountClientTest,fetchPaymentsWithOutQuery/0,virtualAccountClient,1
E:\Siva_ood_projects\razorpay-java\src\test\java\com\razorpay\VirtualAccountClientTest.java,com.razorpay.VirtualAccountClientTest,fetchPaymentsWithOutQuery/0,VIRTUAL_ACCOUNT_ID,2
E:\Siva_ood_projects\razorpay-java\src\test\java\com\razorpay\VirtualAccountClientTest.java,com.razorpay.VirtualAccountClientTest,fetchPaymentsWithOutQuery/0,CUSTOMER_ID,1
E:\Siva_ood_projects\razorpay-java\src\test\java\com\razorpay\VirtualAccountClientTest.java,com.razorpay.VirtualAccountClientTest,addReceiver/0,virtualAccountClient,1
E:\Siva_ood_projects\razorpay-java\src\test\java\com\razorpay\VirtualAccountClientTest.java,com.razorpay.VirtualAccountClientTest,addReceiver/0,VIRTUAL_ACCOUNT_ID,4
E:\Siva_ood_projects\razorpay-java\src\test\java\com\razorpay\VirtualAccountClientTest.java,com.razorpay.VirtualAccountClientTest,addReceiver/0,CORP_NAME,1
E:\Siva_ood_projects\razorpay-java\src\test\java\com\razorpay\VirtualAccountClientTest.java,com.razorpay.VirtualAccountClientTest,addReceiver/0,CUSTOMER_ID,1
E:\Siva_ood_projects\razorpay-java\src\test\java\com\razorpay\InvoiceClientTest.java,com.razorpay.InvoiceClientTest,issue/0,invoiceClient,1
E:\Siva_ood_projects\razorpay-java\src\test\java\com\razorpay\InvoiceClientTest.java,com.razorpay.InvoiceClientTest,issue/0,INVOICE_ID,4
E:\Siva_ood_projects\razorpay-java\src\test\java\com\razorpay\InvoiceClientTest.java,com.razorpay.InvoiceClientTest,fetch/0,invoiceClient,1
E:\Siva_ood_projects\razorpay-java\src\test\java\com\razorpay\InvoiceClientTest.java,com.razorpay.InvoiceClientTest,fetch/0,INVOICE_ID,4
E:\Siva_ood_projects\razorpay-java\src\test\java\com\razorpay\InvoiceClientTest.java,com.razorpay.InvoiceClientTest,notifyBy/0,invoiceClient,1
E:\Siva_ood_projects\razorpay-java\src\test\java\com\razorpay\InvoiceClientTest.java,com.razorpay.InvoiceClientTest,notifyBy/0,INVOICE_ID,2
E:\Siva_ood_projects\razorpay-java\src\test\java\com\razorpay\InvoiceClientTest.java,com.razorpay.InvoiceClientTest,create/0,invoiceClient,1
E:\Siva_ood_projects\razorpay-java\src\test\java\com\razorpay\InvoiceClientTest.java,com.razorpay.InvoiceClientTest,createRegistrationLink/0,invoiceClient,1
E:\Siva_ood_projects\razorpay-java\src\test\java\com\razorpay\InvoiceClientTest.java,com.razorpay.InvoiceClientTest,fetchAll/0,invoiceClient,1
E:\Siva_ood_projects\razorpay-java\src\test\java\com\razorpay\InvoiceClientTest.java,com.razorpay.InvoiceClientTest,edit/0,invoiceClient,1
E:\Siva_ood_projects\razorpay-java\src\test\java\com\razorpay\InvoiceClientTest.java,com.razorpay.InvoiceClientTest,edit/0,INVOICE_ID,4
E:\Siva_ood_projects\razorpay-java\src\test\java\com\razorpay\InvoiceClientTest.java,com.razorpay.InvoiceClientTest,testDeleteInvoice/0,invoiceClient,1
E:\Siva_ood_projects\razorpay-java\src\test\java\com\razorpay\InvoiceClientTest.java,com.razorpay.InvoiceClientTest,testDeleteInvoice/0,INVOICE_ID,2
E:\Siva_ood_projects\razorpay-java\src\test\java\com\razorpay\InvoiceClientTest.java,com.razorpay.InvoiceClientTest,cancel/0,invoiceClient,1
E:\Siva_ood_projects\razorpay-java\src\test\java\com\razorpay\InvoiceClientTest.java,com.razorpay.InvoiceClientTest,cancel/0,INVOICE_ID,4
E:\Siva_ood_projects\razorpay-java\src\test\java\com\razorpay\FundAccountClientTest.java,com.razorpay.FundAccountClientTest,fetch/0,fundAccountClient,1
E:\Siva_ood_projects\razorpay-java\src\test\java\com\razorpay\FundAccountClientTest.java,com.razorpay.FundAccountClientTest,fetch/0,FUNDACCOUNT_ID,3
E:\Siva_ood_projects\razorpay-java\src\test\java\com\razorpay\FundAccountClientTest.java,com.razorpay.FundAccountClientTest,create/0,fundAccountClient,1
E:\Siva_ood_projects\razorpay-java\src\test\java\com\razorpay\FundAccountClientTest.java,com.razorpay.FundAccountClientTest,create/0,FUNDACCOUNT_ID,1
E:\Siva_ood_projects\razorpay-java\src\test\java\com\razorpay\FundAccountClientTest.java,com.razorpay.FundAccountClientTest,fetchAll/0,fundAccountClient,1
E:\Siva_ood_projects\razorpay-java\src\test\java\com\razorpay\FundAccountClientTest.java,com.razorpay.FundAccountClientTest,fetchAll/0,FUNDACCOUNT_ID,1
E:\Siva_ood_projects\razorpay-java\src\test\java\com\razorpay\OrderClientTest.java,com.razorpay.OrderClientTest,editFulfillment/0,ORDER_ID,3
E:\Siva_ood_projects\razorpay-java\src\test\java\com\razorpay\OrderClientTest.java,com.razorpay.OrderClientTest,editFulfillment/0,orderClient,1
E:\Siva_ood_projects\razorpay-java\src\test\java\com\razorpay\OrderClientTest.java,com.razorpay.OrderClientTest,create/0,ORDER_ID,1
E:\Siva_ood_projects\razorpay-java\src\test\java\com\razorpay\OrderClientTest.java,com.razorpay.OrderClientTest,create/0,orderClient,1
E:\Siva_ood_projects\razorpay-java\src\test\java\com\razorpay\OrderClientTest.java,com.razorpay.OrderClientTest,viewRtoReview/0,ORDER_ID,2
E:\Siva_ood_projects\razorpay-java\src\test\java\com\razorpay\OrderClientTest.java,com.razorpay.OrderClientTest,viewRtoReview/0,orderClient,1
E:\Siva_ood_projects\razorpay-java\src\test\java\com\razorpay\OrderClientTest.java,com.razorpay.OrderClientTest,edit/0,ORDER_ID,5
E:\Siva_ood_projects\razorpay-java\src\test\java\com\razorpay\OrderClientTest.java,com.razorpay.OrderClientTest,edit/0,orderClient,1
E:\Siva_ood_projects\razorpay-java\src\test\java\com\razorpay\OrderClientTest.java,com.razorpay.OrderClientTest,fetchPayments/0,ORDER_ID,2
E:\Siva_ood_projects\razorpay-java\src\test\java\com\razorpay\OrderClientTest.java,com.razorpay.OrderClientTest,fetchPayments/0,orderClient,1
E:\Siva_ood_projects\razorpay-java\src\test\java\com\razorpay\OrderClientTest.java,com.razorpay.OrderClientTest,fetchAll/0,orderClient,1
E:\Siva_ood_projects\razorpay-java\src\test\java\com\razorpay\OrderClientTest.java,com.razorpay.OrderClientTest,fetch/0,ORDER_ID,3
E:\Siva_ood_projects\razorpay-java\src\test\java\com\razorpay\OrderClientTest.java,com.razorpay.OrderClientTest,fetch/0,orderClient,1
E:\Siva_ood_projects\razorpay-java\src\test\java\com\razorpay\BaseTest.java,com.razorpay.BaseTest,mockURL/1[java.util.List<java.lang.String>],mockedResponse,1
E:\Siva_ood_projects\razorpay-java\src\test\java\com\razorpay\BaseTest.java,com.razorpay.BaseTest,mockGetCall/0,mockedResponse,2
E:\Siva_ood_projects\razorpay-java\src\test\java\com\razorpay\BaseTest.java,com.razorpay.BaseTest,mockGetCall/0,okHttpClient,3
E:\Siva_ood_projects\razorpay-java\src\test\java\com\razorpay\BaseTest.java,com.razorpay.BaseTest,mockResponseFromExternalClient/1[java.lang.String],mockedResponse,3
E:\Siva_ood_projects\razorpay-java\src\test\java\com\razorpay\BaseTest.java,com.razorpay.BaseTest,getOkHttpClient/0,okHttpClient,1
E:\Siva_ood_projects\razorpay-java\src\test\java\com\razorpay\BaseTest.java,com.razorpay.BaseTest,mockResponseHTTPCodeFromExternalClient/1[int],mockedResponse,1
E:\Siva_ood_projects\razorpay-java\src\test\java\com\razorpay\DisputeClientTest.java,com.razorpay.DisputeClientTest,TestContest/0,DISPUTE_ID,3
E:\Siva_ood_projects\razorpay-java\src\test\java\com\razorpay\DisputeClientTest.java,com.razorpay.DisputeClientTest,TestContest/0,disputeClient,1
E:\Siva_ood_projects\razorpay-java\src\test\java\com\razorpay\DisputeClientTest.java,com.razorpay.DisputeClientTest,TestAccept/0,DISPUTE_ID,3
E:\Siva_ood_projects\razorpay-java\src\test\java\com\razorpay\DisputeClientTest.java,com.razorpay.DisputeClientTest,TestAccept/0,disputeClient,1
E:\Siva_ood_projects\razorpay-java\src\test\java\com\razorpay\DisputeClientTest.java,com.razorpay.DisputeClientTest,TestfetchAll/0,disputeClient,1
E:\Siva_ood_projects\razorpay-java\src\test\java\com\razorpay\DisputeClientTest.java,com.razorpay.DisputeClientTest,testFetch/0,DISPUTE_ID,3
E:\Siva_ood_projects\razorpay-java\src\test\java\com\razorpay\DisputeClientTest.java,com.razorpay.DisputeClientTest,testFetch/0,disputeClient,1
E:\Siva_ood_projects\razorpay-java\src\test\java\com\razorpay\DocumentClientTest.java,com.razorpay.DocumentClientTest,fetch/0,DOCUMENT_ID,3
E:\Siva_ood_projects\razorpay-java\src\test\java\com\razorpay\DocumentClientTest.java,com.razorpay.DocumentClientTest,fetch/0,documentClient,1
E:\Siva_ood_projects\razorpay-java\src\test\java\com\razorpay\DocumentClientTest.java,com.razorpay.DocumentClientTest,create/0,documentClient,1
E:\Siva_ood_projects\razorpay-java\src\main\java\com\razorpay\ApiClient.java,com.razorpay.ApiClient,"get/4[java.lang.String,java.lang.String,com.razorpay.JSONObject,java.lang.String]",auth,1
E:\Siva_ood_projects\razorpay-java\src\main\java\com\razorpay\ApiClient.java,com.razorpay.ApiClient,"patch/4[java.lang.String,java.lang.String,com.razorpay.JSONObject,java.lang.String]",auth,1
E:\Siva_ood_projects\razorpay-java\src\main\java\com\razorpay\ApiClient.java,com.razorpay.ApiClient,"getCollection/3[java.lang.String,java.lang.String,com.razorpay.JSONObject]",auth,1
E:\Siva_ood_projects\razorpay-java\src\main\java\com\razorpay\ApiClient.java,com.razorpay.ApiClient,"put/4[java.lang.String,java.lang.String,com.razorpay.JSONObject,java.lang.String]",auth,1
E:\Siva_ood_projects\razorpay-java\src\main\java\com\razorpay\ApiClient.java,com.razorpay.ApiClient,processDeleteResponse/1[com.razorpay.Response],STATUS_OK,1
E:\Siva_ood_projects\razorpay-java\src\main\java\com\razorpay\ApiClient.java,com.razorpay.ApiClient,processDeleteResponse/1[com.razorpay.Response],STATUS_MULTIPLE_CHOICE,1
E:\Siva_ood_projects\razorpay-java\src\main\java\com\razorpay\ApiClient.java,com.razorpay.ApiClient,ApiClient/1[java.lang.String],auth,3
E:\Siva_ood_projects\razorpay-java\src\main\java\com\razorpay\ApiClient.java,com.razorpay.ApiClient,"delete/3[java.lang.String,java.lang.String,com.razorpay.JSONObject]",auth,1
E:\Siva_ood_projects\razorpay-java\src\main\java\com\razorpay\ApiClient.java,com.razorpay.ApiClient,"throwException/2[int,com.razorpay.JSONObject]",DESCRIPTION,1
E:\Siva_ood_projects\razorpay-java\src\main\java\com\razorpay\ApiClient.java,com.razorpay.ApiClient,"throwException/2[int,com.razorpay.JSONObject]",ERROR,2
E:\Siva_ood_projects\razorpay-java\src\main\java\com\razorpay\ApiClient.java,com.razorpay.ApiClient,"throwException/2[int,com.razorpay.JSONObject]",STATUS_CODE,1
E:\Siva_ood_projects\razorpay-java\src\main\java\com\razorpay\ApiClient.java,com.razorpay.ApiClient,processResponse/1[com.razorpay.Response],STATUS_OK,1
E:\Siva_ood_projects\razorpay-java\src\main\java\com\razorpay\ApiClient.java,com.razorpay.ApiClient,processResponse/1[com.razorpay.Response],STATUS_MULTIPLE_CHOICE,1
E:\Siva_ood_projects\razorpay-java\src\main\java\com\razorpay\ApiClient.java,com.razorpay.ApiClient,"getEntity/2[com.razorpay.JSONObject,com.razorpay.HttpUrl]",ENTITY,2
E:\Siva_ood_projects\razorpay-java\src\main\java\com\razorpay\ApiClient.java,com.razorpay.ApiClient,"post/4[java.lang.String,java.lang.String,com.razorpay.JSONObject,java.lang.String]",auth,1
E:\Siva_ood_projects\razorpay-java\src\main\java\com\razorpay\ApiClient.java,com.razorpay.ApiClient,processCollectionResponse/1[com.razorpay.Response],STATUS_OK,1
E:\Siva_ood_projects\razorpay-java\src\main\java\com\razorpay\ApiClient.java,com.razorpay.ApiClient,processCollectionResponse/1[com.razorpay.Response],STATUS_MULTIPLE_CHOICE,1
E:\Siva_ood_projects\razorpay-java\src\main\java\com\razorpay\OAuthTokenClient.java,com.razorpay.OAuthTokenClient,OAuthTokenClient/0,payloadValidator,1
E:\Siva_ood_projects\razorpay-java\src\main\java\com\razorpay\OAuthTokenClient.java,com.razorpay.OAuthTokenClient,getValidationsForRevokeTokenRequest/0,CLIENT_SECRET,1
E:\Siva_ood_projects\razorpay-java\src\main\java\com\razorpay\OAuthTokenClient.java,com.razorpay.OAuthTokenClient,getValidationsForRevokeTokenRequest/0,CLIENT_ID,1
E:\Siva_ood_projects\razorpay-java\src\main\java\com\razorpay\OAuthTokenClient.java,com.razorpay.OAuthTokenClient,getValidationsForRevokeTokenRequest/0,TOKEN_TYPE_HINT,1
E:\Siva_ood_projects\razorpay-java\src\main\java\com\razorpay\OAuthTokenClient.java,com.razorpay.OAuthTokenClient,getValidationsForRevokeTokenRequest/0,TOKEN,1
E:\Siva_ood_projects\razorpay-java\src\main\java\com\razorpay\OAuthTokenClient.java,com.razorpay.OAuthTokenClient,validateRefreshTokenRequest/1[com.razorpay.JSONObject],payloadValidator,1
E:\Siva_ood_projects\razorpay-java\src\main\java\com\razorpay\OAuthTokenClient.java,com.razorpay.OAuthTokenClient,getValidationsForAuthRequestURL/0,CLIENT_ID,1
E:\Siva_ood_projects\razorpay-java\src\main\java\com\razorpay\OAuthTokenClient.java,com.razorpay.OAuthTokenClient,getValidationsForAuthRequestURL/0,SCOPES,1
E:\Siva_ood_projects\razorpay-java\src\main\java\com\razorpay\OAuthTokenClient.java,com.razorpay.OAuthTokenClient,getValidationsForAuthRequestURL/0,REDIRECT_URI,1
E:\Siva_ood_projects\razorpay-java\src\main\java\com\razorpay\OAuthTokenClient.java,com.razorpay.OAuthTokenClient,getValidationsForAuthRequestURL/0,STATE,1
E:\Siva_ood_projects\razorpay-java\src\main\java\com\razorpay\OAuthTokenClient.java,com.razorpay.OAuthTokenClient,getValidationsForAccessTokenRequest/0,CLIENT_SECRET,1
E:\Siva_ood_projects\razorpay-java\src\main\java\com\razorpay\OAuthTokenClient.java,com.razorpay.OAuthTokenClient,getValidationsForAccessTokenRequest/0,CLIENT_ID,1
E:\Siva_ood_projects\razorpay-java\src\main\java\com\razorpay\OAuthTokenClient.java,com.razorpay.OAuthTokenClient,getValidationsForAccessTokenRequest/0,GRANT_TYPE,1
E:\Siva_ood_projects\razorpay-java\src\main\java\com\razorpay\OAuthTokenClient.java,com.razorpay.OAuthTokenClient,getValidationsForAccessTokenRequest/0,REDIRECT_URI,1
E:\Siva_ood_projects\razorpay-java\src\main\java\com\razorpay\OAuthTokenClient.java,com.razorpay.OAuthTokenClient,validateAccessTokenRequest/1[com.razorpay.JSONObject],payloadValidator,1
E:\Siva_ood_projects\razorpay-java\src\main\java\com\razorpay\OAuthTokenClient.java,com.razorpay.OAuthTokenClient,validateAuthURLRequest/1[com.razorpay.JSONObject],payloadValidator,1
E:\Siva_ood_projects\razorpay-java\src\main\java\com\razorpay\OAuthTokenClient.java,com.razorpay.OAuthTokenClient,getValidationsForRefreshTokenRequest/0,CLIENT_SECRET,1
E:\Siva_ood_projects\razorpay-java\src\main\java\com\razorpay\OAuthTokenClient.java,com.razorpay.OAuthTokenClient,getValidationsForRefreshTokenRequest/0,CLIENT_ID,1
E:\Siva_ood_projects\razorpay-java\src\main\java\com\razorpay\OAuthTokenClient.java,com.razorpay.OAuthTokenClient,getValidationsForRefreshTokenRequest/0,GRANT_TYPE,1
E:\Siva_ood_projects\razorpay-java\src\main\java\com\razorpay\OAuthTokenClient.java,com.razorpay.OAuthTokenClient,getValidationsForRefreshTokenRequest/0,REFRESH_TOKEN,1
E:\Siva_ood_projects\razorpay-java\src\main\java\com\razorpay\OAuthTokenClient.java,com.razorpay.OAuthTokenClient,refreshToken/1[com.razorpay.JSONObject],GRANT_TYPE,1
E:\Siva_ood_projects\razorpay-java\src\main\java\com\razorpay\OAuthTokenClient.java,com.razorpay.OAuthTokenClient,refreshToken/1[com.razorpay.JSONObject],REFRESH_TOKEN,1
E:\Siva_ood_projects\razorpay-java\src\main\java\com\razorpay\OAuthTokenClient.java,com.razorpay.OAuthTokenClient,validateRevokeTokenRequest/1[com.razorpay.JSONObject],payloadValidator,1
E:\Siva_ood_projects\razorpay-java\src\test\java\com\razorpay\IinClientTest.java,com.razorpay.IinClientTest,fetch/0,TOKEN_IIN,3
E:\Siva_ood_projects\razorpay-java\src\test\java\com\razorpay\IinClientTest.java,com.razorpay.IinClientTest,fetch/0,iinClient,1
E:\Siva_ood_projects\razorpay-java\src\test\java\com\razorpay\IinClientTest.java,com.razorpay.IinClientTest,fetchList/0,iinClient,1
E:\Siva_ood_projects\razorpay-java\src\test\java\com\razorpay\QrCodeClientTest.java,com.razorpay.QrCodeClientTest,fetchAllPaymentsWithOutQuery/0,qrCodeClient,1
E:\Siva_ood_projects\razorpay-java\src\test\java\com\razorpay\QrCodeClientTest.java,com.razorpay.QrCodeClientTest,fetchAllPaymentsWithOutQuery/0,QRCODE_ID,1
E:\Siva_ood_projects\razorpay-java\src\test\java\com\razorpay\QrCodeClientTest.java,com.razorpay.QrCodeClientTest,create/0,qrCodeClient,1
E:\Siva_ood_projects\razorpay-java\src\test\java\com\razorpay\QrCodeClientTest.java,com.razorpay.QrCodeClientTest,create/0,QRCODE_ID,2
E:\Siva_ood_projects\razorpay-java\src\test\java\com\razorpay\QrCodeClientTest.java,com.razorpay.QrCodeClientTest,fetch/0,qrCodeClient,1
E:\Siva_ood_projects\razorpay-java\src\test\java\com\razorpay\QrCodeClientTest.java,com.razorpay.QrCodeClientTest,fetch/0,CUSTOMER_ID,1
E:\Siva_ood_projects\razorpay-java\src\test\java\com\razorpay\QrCodeClientTest.java,com.razorpay.QrCodeClientTest,fetch/0,QRCODE_ID,4
E:\Siva_ood_projects\razorpay-java\src\test\java\com\razorpay\QrCodeClientTest.java,com.razorpay.QrCodeClientTest,fetchAllPayments/0,qrCodeClient,1
E:\Siva_ood_projects\razorpay-java\src\test\java\com\razorpay\QrCodeClientTest.java,com.razorpay.QrCodeClientTest,fetchAllPayments/0,QRCODE_ID,1
E:\Siva_ood_projects\razorpay-java\src\test\java\com\razorpay\QrCodeClientTest.java,com.razorpay.QrCodeClientTest,fetchAll/0,qrCodeClient,1
E:\Siva_ood_projects\razorpay-java\src\test\java\com\razorpay\QrCodeClientTest.java,com.razorpay.QrCodeClientTest,close/0,qrCodeClient,1
E:\Siva_ood_projects\razorpay-java\src\test\java\com\razorpay\QrCodeClientTest.java,com.razorpay.QrCodeClientTest,close/0,CUSTOMER_ID,2
E:\Siva_ood_projects\razorpay-java\src\test\java\com\razorpay\QrCodeClientTest.java,com.razorpay.QrCodeClientTest,close/0,QRCODE_ID,4
E:\Siva_ood_projects\razorpay-java\src\test\java\com\razorpay\ItemClientTest.java,com.razorpay.ItemClientTest,create/0,ITEM_ID,2
E:\Siva_ood_projects\razorpay-java\src\test\java\com\razorpay\ItemClientTest.java,com.razorpay.ItemClientTest,create/0,itemClient,1
E:\Siva_ood_projects\razorpay-java\src\test\java\com\razorpay\ItemClientTest.java,com.razorpay.ItemClientTest,fetch/0,ITEM_ID,4
E:\Siva_ood_projects\razorpay-java\src\test\java\com\razorpay\ItemClientTest.java,com.razorpay.ItemClientTest,fetch/0,itemClient,1
E:\Siva_ood_projects\razorpay-java\src\test\java\com\razorpay\ItemClientTest.java,com.razorpay.ItemClientTest,testDeleteItem/0,itemClient,1
E:\Siva_ood_projects\razorpay-java\src\test\java\com\razorpay\ItemClientTest.java,com.razorpay.ItemClientTest,testDeleteItem/0,ITEM_ID,2
E:\Siva_ood_projects\razorpay-java\src\test\java\com\razorpay\ItemClientTest.java,com.razorpay.ItemClientTest,edit/0,ITEM_ID,4
E:\Siva_ood_projects\razorpay-java\src\test\java\com\razorpay\ItemClientTest.java,com.razorpay.ItemClientTest,edit/0,itemClient,1
E:\Siva_ood_projects\razorpay-java\src\test\java\com\razorpay\ItemClientTest.java,com.razorpay.ItemClientTest,fetchAll/0,itemClient,1
E:\Siva_ood_projects\razorpay-java\src\test\java\com\razorpay\WebhookClientTest.java,com.razorpay.WebhookClientTest,testStakeholderFetchAll/0,webhookClient,1
E:\Siva_ood_projects\razorpay-java\src\test\java\com\razorpay\WebhookClientTest.java,com.razorpay.WebhookClientTest,testStakeholderFetchAll/0,ACCOUNT_ID,1
E:\Siva_ood_projects\razorpay-java\src\test\java\com\razorpay\WebhookClientTest.java,com.razorpay.WebhookClientTest,testWebhookCreate/0,WEBHOOK_ID,2
E:\Siva_ood_projects\razorpay-java\src\test\java\com\razorpay\WebhookClientTest.java,com.razorpay.WebhookClientTest,testWebhookCreate/0,webhookClient,1
E:\Siva_ood_projects\razorpay-java\src\test\java\com\razorpay\WebhookClientTest.java,com.razorpay.WebhookClientTest,testWebhookCreate/0,ACCOUNT_ID,1
E:\Siva_ood_projects\razorpay-java\src\test\java\com\razorpay\WebhookClientTest.java,com.razorpay.WebhookClientTest,testWebhookFetch/0,WEBHOOK_ID,3
E:\Siva_ood_projects\razorpay-java\src\test\java\com\razorpay\WebhookClientTest.java,com.razorpay.WebhookClientTest,testWebhookFetch/0,webhookClient,1
E:\Siva_ood_projects\razorpay-java\src\test\java\com\razorpay\WebhookClientTest.java,com.razorpay.WebhookClientTest,testWebhookFetch/0,ACCOUNT_ID,1
E:\Siva_ood_projects\razorpay-java\src\test\java\com\razorpay\WebhookClientTest.java,com.razorpay.WebhookClientTest,testWebhookEdit/0,WEBHOOK_ID,3
E:\Siva_ood_projects\razorpay-java\src\test\java\com\razorpay\WebhookClientTest.java,com.razorpay.WebhookClientTest,testWebhookEdit/0,webhookClient,1
E:\Siva_ood_projects\razorpay-java\src\test\java\com\razorpay\WebhookClientTest.java,com.razorpay.WebhookClientTest,testWebhookEdit/0,ACCOUNT_ID,1
E:\Siva_ood_projects\razorpay-java\src\test\java\com\razorpay\TokenClientTest.java,com.razorpay.TokenClientTest,testTokenDelete/0,TOKEN_ID,1
E:\Siva_ood_projects\razorpay-java\src\test\java\com\razorpay\TokenClientTest.java,com.razorpay.TokenClientTest,testTokenDelete/0,tokenClient,1
E:\Siva_ood_projects\razorpay-java\src\test\java\com\razorpay\TokenClientTest.java,com.razorpay.TokenClientTest,testProcessPaymentOnAlternatePAorPG/0,TOKEN_ID,1
E:\Siva_ood_projects\razorpay-java\src\test\java\com\razorpay\TokenClientTest.java,com.razorpay.TokenClientTest,testProcessPaymentOnAlternatePAorPG/0,tokenClient,1
E:\Siva_ood_projects\razorpay-java\src\test\java\com\razorpay\TokenClientTest.java,com.razorpay.TokenClientTest,testTokenCreate/0,TOKEN_ID,2
E:\Siva_ood_projects\razorpay-java\src\test\java\com\razorpay\TokenClientTest.java,com.razorpay.TokenClientTest,testTokenCreate/0,tokenClient,1
E:\Siva_ood_projects\razorpay-java\src\test\java\com\razorpay\TokenClientTest.java,com.razorpay.TokenClientTest,testTokenFetch/0,TOKEN_ID,3
E:\Siva_ood_projects\razorpay-java\src\test\java\com\razorpay\TokenClientTest.java,com.razorpay.TokenClientTest,testTokenFetch/0,tokenClient,1
E:\Siva_ood_projects\razorpay-java\src\main\java\com\razorpay\EntityNameURLMapping.java,com.razorpay.EntityNameURLMapping,EntityNameURLMapping/1[java.lang.String],entity,3
E:\Siva_ood_projects\razorpay-java\src\main\java\com\razorpay\EntityNameURLMapping.java,com.razorpay.EntityNameURLMapping,getEntity/0,entity,1
E:\Siva_ood_projects\razorpay-java\src\test\java\com\razorpay\AddonClientTest.java,com.razorpay.AddonClientTest,fetchAll/0,ADDON_ID,1
E:\Siva_ood_projects\razorpay-java\src\test\java\com\razorpay\AddonClientTest.java,com.razorpay.AddonClientTest,fetchAll/0,client,1
E:\Siva_ood_projects\razorpay-java\src\test\java\com\razorpay\AddonClientTest.java,com.razorpay.AddonClientTest,fetch/0,ADDON_ID,4
E:\Siva_ood_projects\razorpay-java\src\test\java\com\razorpay\AddonClientTest.java,com.razorpay.AddonClientTest,fetch/0,client,1
E:\Siva_ood_projects\razorpay-java\src\test\java\com\razorpay\AddonClientTest.java,com.razorpay.AddonClientTest,delete/0,ADDON_ID,2
E:\Siva_ood_projects\razorpay-java\src\test\java\com\razorpay\AddonClientTest.java,com.razorpay.AddonClientTest,delete/0,client,1
E:\Siva_ood_projects\razorpay-java\src\test\java\com\razorpay\TransferClientTest.java,com.razorpay.TransferClientTest,create/0,transferClient,1
E:\Siva_ood_projects\razorpay-java\src\test\java\com\razorpay\TransferClientTest.java,com.razorpay.TransferClientTest,create/0,TRANSFER_ID,2
E:\Siva_ood_projects\razorpay-java\src\test\java\com\razorpay\TransferClientTest.java,com.razorpay.TransferClientTest,reversal/0,transferClient,1
E:\Siva_ood_projects\razorpay-java\src\test\java\com\razorpay\TransferClientTest.java,com.razorpay.TransferClientTest,reversal/0,TRANSFER_ID,4
E:\Siva_ood_projects\razorpay-java\src\test\java\com\razorpay\TransferClientTest.java,com.razorpay.TransferClientTest,edit/0,transferClient,1
E:\Siva_ood_projects\razorpay-java\src\test\java\com\razorpay\TransferClientTest.java,com.razorpay.TransferClientTest,edit/0,TRANSFER_ID,4
E:\Siva_ood_projects\razorpay-java\src\test\java\com\razorpay\TransferClientTest.java,com.razorpay.TransferClientTest,fetchAll/0,transferClient,1
E:\Siva_ood_projects\razorpay-java\src\test\java\com\razorpay\TransferClientTest.java,com.razorpay.TransferClientTest,fetch/0,transferClient,1
E:\Siva_ood_projects\razorpay-java\src\test\java\com\razorpay\TransferClientTest.java,com.razorpay.TransferClientTest,fetch/0,TRANSFER_ID,4
E:\Siva_ood_projects\razorpay-java\src\test\java\com\razorpay\OAuthTokenClientTest.java,com.razorpay.OAuthTokenClientTest,testGetAccessToken/0,oAuthTokenClient,1
E:\Siva_ood_projects\razorpay-java\src\test\java\com\razorpay\OAuthTokenClientTest.java,com.razorpay.OAuthTokenClientTest,testGetAccessTokenValidationFailure/0,oAuthTokenClient,1
E:\Siva_ood_projects\razorpay-java\src\test\java\com\razorpay\OAuthTokenClientTest.java,com.razorpay.OAuthTokenClientTest,testGetAccessTokenForClientCredentials/0,oAuthTokenClient,1
E:\Siva_ood_projects\razorpay-java\src\test\java\com\razorpay\OAuthTokenClientTest.java,com.razorpay.OAuthTokenClientTest,testGetAuthURL/0,oAuthTokenClient,1
E:\Siva_ood_projects\razorpay-java\src\test\java\com\razorpay\OAuthTokenClientTest.java,com.razorpay.OAuthTokenClientTest,testRevokeTokenValidationFailure/0,oAuthTokenClient,1
E:\Siva_ood_projects\razorpay-java\src\test\java\com\razorpay\OAuthTokenClientTest.java,com.razorpay.OAuthTokenClientTest,testRefreshToken/0,oAuthTokenClient,1
E:\Siva_ood_projects\razorpay-java\src\test\java\com\razorpay\OAuthTokenClientTest.java,com.razorpay.OAuthTokenClientTest,testRevokeToken/0,oAuthTokenClient,1
E:\Siva_ood_projects\razorpay-java\src\test\java\com\razorpay\OAuthTokenClientTest.java,com.razorpay.OAuthTokenClientTest,testRequestValidationFailureForGetAuthURL/0,oAuthTokenClient,1
E:\Siva_ood_projects\razorpay-java\src\test\java\com\razorpay\OAuthTokenClientTest.java,com.razorpay.OAuthTokenClientTest,testRefreshTokenValidationFailure/0,oAuthTokenClient,1
E:\Siva_ood_projects\razorpay-java\src\main\java\com\razorpay\CustomTLSSocketFactory.java,com.razorpay.CustomTLSSocketFactory,"createSocket/4[java.net.Socket,java.lang.String,int,boolean]",internalSSLSocketFactory,1
E:\Siva_ood_projects\razorpay-java\src\main\java\com\razorpay\CustomTLSSocketFactory.java,com.razorpay.CustomTLSSocketFactory,getDefaultCipherSuites/0,internalSSLSocketFactory,1
E:\Siva_ood_projects\razorpay-java\src\main\java\com\razorpay\CustomTLSSocketFactory.java,com.razorpay.CustomTLSSocketFactory,createSocket/0,internalSSLSocketFactory,1
E:\Siva_ood_projects\razorpay-java\src\main\java\com\razorpay\CustomTLSSocketFactory.java,com.razorpay.CustomTLSSocketFactory,CustomTLSSocketFactory/0,internalSSLSocketFactory,1
E:\Siva_ood_projects\razorpay-java\src\main\java\com\razorpay\CustomTLSSocketFactory.java,com.razorpay.CustomTLSSocketFactory,"createSocket/2[java.lang.String,int]",internalSSLSocketFactory,1
E:\Siva_ood_projects\razorpay-java\src\main\java\com\razorpay\CustomTLSSocketFactory.java,com.razorpay.CustomTLSSocketFactory,"createSocket/4[java.lang.String,int,java.net.InetAddress,int]",internalSSLSocketFactory,1
E:\Siva_ood_projects\razorpay-java\src\main\java\com\razorpay\CustomTLSSocketFactory.java,com.razorpay.CustomTLSSocketFactory,getSupportedCipherSuites/0,internalSSLSocketFactory,1
E:\Siva_ood_projects\razorpay-java\src\main\java\com\razorpay\CustomTLSSocketFactory.java,com.razorpay.CustomTLSSocketFactory,"createSocket/4[java.net.InetAddress,int,java.net.InetAddress,int]",internalSSLSocketFactory,1
E:\Siva_ood_projects\razorpay-java\src\main\java\com\razorpay\CustomTLSSocketFactory.java,com.razorpay.CustomTLSSocketFactory,"createSocket/2[java.net.InetAddress,int]",internalSSLSocketFactory,1
E:\Siva_ood_projects\razorpay-java\src\test\java\com\razorpay\RefundClientTest.java,com.razorpay.RefundClientTest,fetchAll/0,refundClient,1
E:\Siva_ood_projects\razorpay-java\src\test\java\com\razorpay\RefundClientTest.java,com.razorpay.RefundClientTest,create/0,REFUND_ID,2
E:\Siva_ood_projects\razorpay-java\src\test\java\com\razorpay\RefundClientTest.java,com.razorpay.RefundClientTest,create/0,refundClient,1
E:\Siva_ood_projects\razorpay-java\src\test\java\com\razorpay\RefundClientTest.java,com.razorpay.RefundClientTest,fetchMultipleRefund/0,REFUND_ID,2
E:\Siva_ood_projects\razorpay-java\src\test\java\com\razorpay\RefundClientTest.java,com.razorpay.RefundClientTest,fetchMultipleRefund/0,refundClient,1
E:\Siva_ood_projects\razorpay-java\src\test\java\com\razorpay\RefundClientTest.java,com.razorpay.RefundClientTest,edit/0,REFUND_ID,4
E:\Siva_ood_projects\razorpay-java\src\test\java\com\razorpay\RefundClientTest.java,com.razorpay.RefundClientTest,edit/0,refundClient,1
E:\Siva_ood_projects\razorpay-java\src\test\java\com\razorpay\RefundClientTest.java,com.razorpay.RefundClientTest,fetch/0,REFUND_ID,4
E:\Siva_ood_projects\razorpay-java\src\test\java\com\razorpay\RefundClientTest.java,com.razorpay.RefundClientTest,fetch/0,refundClient,1
E:\Siva_ood_projects\razorpay-java\src\test\java\com\razorpay\AccountClientTest.java,com.razorpay.AccountClientTest,testAccountCreate/0,ACCOUNT_ID,2
E:\Siva_ood_projects\razorpay-java\src\test\java\com\razorpay\AccountClientTest.java,com.razorpay.AccountClientTest,testAccountCreate/0,accountClient,1
E:\Siva_ood_projects\razorpay-java\src\test\java\com\razorpay\AccountClientTest.java,com.razorpay.AccountClientTest,fetchAccountDoc/0,ACCOUNT_ID,1
E:\Siva_ood_projects\razorpay-java\src\test\java\com\razorpay\AccountClientTest.java,com.razorpay.AccountClientTest,fetchAccountDoc/0,accountClient,1
E:\Siva_ood_projects\razorpay-java\src\test\java\com\razorpay\AccountClientTest.java,com.razorpay.AccountClientTest,testAccountDelete/0,ACCOUNT_ID,3
E:\Siva_ood_projects\razorpay-java\src\test\java\com\razorpay\AccountClientTest.java,com.razorpay.AccountClientTest,testAccountDelete/0,accountClient,1
E:\Siva_ood_projects\razorpay-java\src\test\java\com\razorpay\AccountClientTest.java,com.razorpay.AccountClientTest,testAccountFetch/0,ACCOUNT_ID,3
E:\Siva_ood_projects\razorpay-java\src\test\java\com\razorpay\AccountClientTest.java,com.razorpay.AccountClientTest,testAccountFetch/0,accountClient,1
E:\Siva_ood_projects\razorpay-java\src\test\java\com\razorpay\AccountClientTest.java,com.razorpay.AccountClientTest,testAccountEdit/0,ACCOUNT_ID,3
E:\Siva_ood_projects\razorpay-java\src\test\java\com\razorpay\AccountClientTest.java,com.razorpay.AccountClientTest,testAccountEdit/0,accountClient,1
E:\Siva_ood_projects\razorpay-java\src\test\java\com\razorpay\AccountClientTest.java,com.razorpay.AccountClientTest,uploadAccountDoc/0,ACCOUNT_ID,1
E:\Siva_ood_projects\razorpay-java\src\test\java\com\razorpay\AccountClientTest.java,com.razorpay.AccountClientTest,uploadAccountDoc/0,accountClient,1
E:\Siva_ood_projects\razorpay-java\src\test\java\com\razorpay\PayloadValidatorTest.java,com.razorpay.PayloadValidatorTest,testIDValidationFailure/0,payloadValidator,1
E:\Siva_ood_projects\razorpay-java\src\test\java\com\razorpay\PayloadValidatorTest.java,com.razorpay.PayloadValidatorTest,testUrlValidationFailure/0,payloadValidator,1
E:\Siva_ood_projects\razorpay-java\src\test\java\com\razorpay\PayloadValidatorTest.java,com.razorpay.PayloadValidatorTest,testModeValidationFailure/0,payloadValidator,1
E:\Siva_ood_projects\razorpay-java\src\test\java\com\razorpay\PayloadValidatorTest.java,com.razorpay.PayloadValidatorTest,testNonNullValidationFailure/0,payloadValidator,1
E:\Siva_ood_projects\razorpay-java\src\test\java\com\razorpay\PayloadValidatorTest.java,com.razorpay.PayloadValidatorTest,testValidateMode/0,payloadValidator,1
E:\Siva_ood_projects\razorpay-java\src\test\java\com\razorpay\CardClientTest.java,com.razorpay.CardClientTest,fetchCardDetails/0,cardClientClient,1
E:\Siva_ood_projects\razorpay-java\src\test\java\com\razorpay\CardClientTest.java,com.razorpay.CardClientTest,fetchCardDetails/0,PAYMENT_ID,2
E:\Siva_ood_projects\razorpay-java\src\test\java\com\razorpay\CardClientTest.java,com.razorpay.CardClientTest,fetchCardDetails/0,CARD_ID,2
E:\Siva_ood_projects\razorpay-java\src\test\java\com\razorpay\CardClientTest.java,com.razorpay.CardClientTest,testUsingCardNumber/0,cardClientClient,1
E:\Siva_ood_projects\razorpay-java\src\test\java\com\razorpay\CardClientTest.java,com.razorpay.CardClientTest,fetch/0,cardClientClient,1
E:\Siva_ood_projects\razorpay-java\src\test\java\com\razorpay\CardClientTest.java,com.razorpay.CardClientTest,fetch/0,CARD_ID,4
E:\Siva_ood_projects\razorpay-java\src\test\java\com\razorpay\PlanClientTest.java,com.razorpay.PlanClientTest,fetch/0,planClient,1
E:\Siva_ood_projects\razorpay-java\src\test\java\com\razorpay\PlanClientTest.java,com.razorpay.PlanClientTest,fetch/0,PLAN_ID,4
E:\Siva_ood_projects\razorpay-java\src\test\java\com\razorpay\PlanClientTest.java,com.razorpay.PlanClientTest,create/0,planClient,1
E:\Siva_ood_projects\razorpay-java\src\test\java\com\razorpay\PlanClientTest.java,com.razorpay.PlanClientTest,create/0,PLAN_ID,2
E:\Siva_ood_projects\razorpay-java\src\test\java\com\razorpay\PlanClientTest.java,com.razorpay.PlanClientTest,fetchAll/0,planClient,1
E:\Siva_ood_projects\razorpay-java\src\test\java\com\razorpay\PlanClientTest.java,com.razorpay.PlanClientTest,fetchAll/0,PLAN_ID,1
E:\Siva_ood_projects\razorpay-java\src\main\java\com\razorpay\Entity.java,com.razorpay.Entity,toJson/0,modelJson,1
E:\Siva_ood_projects\razorpay-java\src\main\java\com\razorpay\Entity.java,com.razorpay.Entity,Entity/1[com.razorpay.JSONObject],modelJson,1
E:\Siva_ood_projects\razorpay-java\src\main\java\com\razorpay\Entity.java,com.razorpay.Entity,has/1[java.lang.String],modelJson,1
E:\Siva_ood_projects\razorpay-java\src\main\java\com\razorpay\Entity.java,com.razorpay.Entity,get/1[java.lang.String],modelJson,2
E:\Siva_ood_projects\razorpay-java\src\main\java\com\razorpay\Entity.java,com.razorpay.Entity,get/1[java.lang.String],CREATED_AT,1
E:\Siva_ood_projects\razorpay-java\src\main\java\com\razorpay\Entity.java,com.razorpay.Entity,get/1[java.lang.String],CAPTURED_AT,1
E:\Siva_ood_projects\razorpay-java\src\main\java\com\razorpay\Entity.java,com.razorpay.Entity,toString/0,modelJson,1
E:\Siva_ood_projects\razorpay-java\src\test\java\com\razorpay\StakeholderClientTest.java,com.razorpay.StakeholderClientTest,testAccountEdit/0,stakeholderClient,1
E:\Siva_ood_projects\razorpay-java\src\test\java\com\razorpay\StakeholderClientTest.java,com.razorpay.StakeholderClientTest,testAccountEdit/0,ACCOUNT_ID,1
E:\Siva_ood_projects\razorpay-java\src\test\java\com\razorpay\StakeholderClientTest.java,com.razorpay.StakeholderClientTest,testAccountEdit/0,STAKEHOLDER_ID,3
E:\Siva_ood_projects\razorpay-java\src\test\java\com\razorpay\StakeholderClientTest.java,com.razorpay.StakeholderClientTest,testuploadStakeholderDoc/0,stakeholderClient,1
E:\Siva_ood_projects\razorpay-java\src\test\java\com\razorpay\StakeholderClientTest.java,com.razorpay.StakeholderClientTest,testuploadStakeholderDoc/0,ACCOUNT_ID,1
E:\Siva_ood_projects\razorpay-java\src\test\java\com\razorpay\StakeholderClientTest.java,com.razorpay.StakeholderClientTest,testuploadStakeholderDoc/0,STAKEHOLDER_ID,1
E:\Siva_ood_projects\razorpay-java\src\test\java\com\razorpay\StakeholderClientTest.java,com.razorpay.StakeholderClientTest,testStakeholderFetchAll/0,stakeholderClient,1
E:\Siva_ood_projects\razorpay-java\src\test\java\com\razorpay\StakeholderClientTest.java,com.razorpay.StakeholderClientTest,testStakeholderFetchAll/0,ACCOUNT_ID,1
E:\Siva_ood_projects\razorpay-java\src\test\java\com\razorpay\StakeholderClientTest.java,com.razorpay.StakeholderClientTest,testAccountFetch/0,stakeholderClient,1
E:\Siva_ood_projects\razorpay-java\src\test\java\com\razorpay\StakeholderClientTest.java,com.razorpay.StakeholderClientTest,testAccountFetch/0,ACCOUNT_ID,1
E:\Siva_ood_projects\razorpay-java\src\test\java\com\razorpay\StakeholderClientTest.java,com.razorpay.StakeholderClientTest,testAccountFetch/0,STAKEHOLDER_ID,3
E:\Siva_ood_projects\razorpay-java\src\test\java\com\razorpay\StakeholderClientTest.java,com.razorpay.StakeholderClientTest,testStakeholderCreate/0,stakeholderClient,1
E:\Siva_ood_projects\razorpay-java\src\test\java\com\razorpay\StakeholderClientTest.java,com.razorpay.StakeholderClientTest,testStakeholderCreate/0,ACCOUNT_ID,1
E:\Siva_ood_projects\razorpay-java\src\test\java\com\razorpay\StakeholderClientTest.java,com.razorpay.StakeholderClientTest,testStakeholderCreate/0,STAKEHOLDER_ID,2
E:\Siva_ood_projects\razorpay-java\src\test\java\com\razorpay\StakeholderClientTest.java,com.razorpay.StakeholderClientTest,testfetchStakeholderDoc/0,stakeholderClient,1
E:\Siva_ood_projects\razorpay-java\src\test\java\com\razorpay\StakeholderClientTest.java,com.razorpay.StakeholderClientTest,testfetchStakeholderDoc/0,ACCOUNT_ID,1
E:\Siva_ood_projects\razorpay-java\src\test\java\com\razorpay\StakeholderClientTest.java,com.razorpay.StakeholderClientTest,testfetchStakeholderDoc/0,STAKEHOLDER_ID,1
E:\Siva_ood_projects\razorpay-java\src\test\java\com\razorpay\CustomerClientTest.java,com.razorpay.CustomerClientTest,testFetchEligibility/0,customerClient,1
E:\Siva_ood_projects\razorpay-java\src\test\java\com\razorpay\CustomerClientTest.java,com.razorpay.CustomerClientTest,testFetchEligibility/0,ELIGIBILITY_ID,2
E:\Siva_ood_projects\razorpay-java\src\test\java\com\razorpay\CustomerClientTest.java,com.razorpay.CustomerClientTest,edit/0,CUSTOMER_ID,3
E:\Siva_ood_projects\razorpay-java\src\test\java\com\razorpay\CustomerClientTest.java,com.razorpay.CustomerClientTest,edit/0,customerClient,1
E:\Siva_ood_projects\razorpay-java\src\test\java\com\razorpay\CustomerClientTest.java,com.razorpay.CustomerClientTest,create/0,CUSTOMER_ID,1
E:\Siva_ood_projects\razorpay-java\src\test\java\com\razorpay\CustomerClientTest.java,com.razorpay.CustomerClientTest,create/0,customerClient,1
E:\Siva_ood_projects\razorpay-java\src\test\java\com\razorpay\CustomerClientTest.java,com.razorpay.CustomerClientTest,fetchAll/0,customerClient,1
E:\Siva_ood_projects\razorpay-java\src\test\java\com\razorpay\CustomerClientTest.java,com.razorpay.CustomerClientTest,fetchTokens/0,CUSTOMER_ID,2
E:\Siva_ood_projects\razorpay-java\src\test\java\com\razorpay\CustomerClientTest.java,com.razorpay.CustomerClientTest,fetchTokens/0,TOKEN_ID,3
E:\Siva_ood_projects\razorpay-java\src\test\java\com\razorpay\CustomerClientTest.java,com.razorpay.CustomerClientTest,fetchTokens/0,customerClient,1
E:\Siva_ood_projects\razorpay-java\src\test\java\com\razorpay\CustomerClientTest.java,com.razorpay.CustomerClientTest,fetchToken/0,CUSTOMER_ID,2
E:\Siva_ood_projects\razorpay-java\src\test\java\com\razorpay\CustomerClientTest.java,com.razorpay.CustomerClientTest,fetchToken/0,customerClient,1
E:\Siva_ood_projects\razorpay-java\src\test\java\com\razorpay\CustomerClientTest.java,com.razorpay.CustomerClientTest,testaddBankAccount/0,BANKACCOUNT_ID,1
E:\Siva_ood_projects\razorpay-java\src\test\java\com\razorpay\CustomerClientTest.java,com.razorpay.CustomerClientTest,testaddBankAccount/0,CUSTOMER_ID,2
E:\Siva_ood_projects\razorpay-java\src\test\java\com\razorpay\CustomerClientTest.java,com.razorpay.CustomerClientTest,testaddBankAccount/0,customerClient,1
E:\Siva_ood_projects\razorpay-java\src\test\java\com\razorpay\CustomerClientTest.java,com.razorpay.CustomerClientTest,testDeleteToken/0,CUSTOMER_ID,2
E:\Siva_ood_projects\razorpay-java\src\test\java\com\razorpay\CustomerClientTest.java,com.razorpay.CustomerClientTest,testDeleteToken/0,TOKEN_ID,2
E:\Siva_ood_projects\razorpay-java\src\test\java\com\razorpay\CustomerClientTest.java,com.razorpay.CustomerClientTest,testDeleteToken/0,customerClient,1
E:\Siva_ood_projects\razorpay-java\src\test\java\com\razorpay\CustomerClientTest.java,com.razorpay.CustomerClientTest,fetch/0,CUSTOMER_ID,3
E:\Siva_ood_projects\razorpay-java\src\test\java\com\razorpay\CustomerClientTest.java,com.razorpay.CustomerClientTest,fetch/0,customerClient,1
E:\Siva_ood_projects\razorpay-java\src\test\java\com\razorpay\CustomerClientTest.java,com.razorpay.CustomerClientTest,testDeleteBankAccount/0,BANKACCOUNT_ID,3
E:\Siva_ood_projects\razorpay-java\src\test\java\com\razorpay\CustomerClientTest.java,com.razorpay.CustomerClientTest,testDeleteBankAccount/0,CUSTOMER_ID,2
E:\Siva_ood_projects\razorpay-java\src\test\java\com\razorpay\CustomerClientTest.java,com.razorpay.CustomerClientTest,testDeleteBankAccount/0,customerClient,1
E:\Siva_ood_projects\razorpay-java\src\test\java\com\razorpay\CustomerClientTest.java,com.razorpay.CustomerClientTest,testEligibilityCheck/0,customerClient,1
E:\Siva_ood_projects\razorpay-java\src\main\java\com\razorpay\RazorpayClient.java,com.razorpay.RazorpayClient,"initializeResources/2[java.lang.String,java.lang.Boolean]",subscriptions,1
E:\Siva_ood_projects\razorpay-java\src\main\java\com\razorpay\RazorpayClient.java,com.razorpay.RazorpayClient,"initializeResources/2[java.lang.String,java.lang.Boolean]",cards,1
E:\Siva_ood_projects\razorpay-java\src\main\java\com\razorpay\RazorpayClient.java,com.razorpay.RazorpayClient,"initializeResources/2[java.lang.String,java.lang.Boolean]",webhook,1
E:\Siva_ood_projects\razorpay-java\src\main\java\com\razorpay\RazorpayClient.java,com.razorpay.RazorpayClient,"initializeResources/2[java.lang.String,java.lang.Boolean]",addons,1
E:\Siva_ood_projects\razorpay-java\src\main\java\com\razorpay\RazorpayClient.java,com.razorpay.RazorpayClient,"initializeResources/2[java.lang.String,java.lang.Boolean]",payments,1
E:\Siva_ood_projects\razorpay-java\src\main\java\com\razorpay\RazorpayClient.java,com.razorpay.RazorpayClient,"initializeResources/2[java.lang.String,java.lang.Boolean]",document,1
E:\Siva_ood_projects\razorpay-java\src\main\java\com\razorpay\RazorpayClient.java,com.razorpay.RazorpayClient,"initializeResources/2[java.lang.String,java.lang.Boolean]",paymentLink,1
E:\Siva_ood_projects\razorpay-java\src\main\java\com\razorpay\RazorpayClient.java,com.razorpay.RazorpayClient,"initializeResources/2[java.lang.String,java.lang.Boolean]",stakeholder,1
E:\Siva_ood_projects\razorpay-java\src\main\java\com\razorpay\RazorpayClient.java,com.razorpay.RazorpayClient,"initializeResources/2[java.lang.String,java.lang.Boolean]",refunds,1
E:\Siva_ood_projects\razorpay-java\src\main\java\com\razorpay\RazorpayClient.java,com.razorpay.RazorpayClient,"initializeResources/2[java.lang.String,java.lang.Boolean]",settlement,1
E:\Siva_ood_projects\razorpay-java\src\main\java\com\razorpay\RazorpayClient.java,com.razorpay.RazorpayClient,"initializeResources/2[java.lang.String,java.lang.Boolean]",iin,1
E:\Siva_ood_projects\razorpay-java\src\main\java\com\razorpay\RazorpayClient.java,com.razorpay.RazorpayClient,"initializeResources/2[java.lang.String,java.lang.Boolean]",invoices,1
E:\Siva_ood_projects\razorpay-java\src\main\java\com\razorpay\RazorpayClient.java,com.razorpay.RazorpayClient,"initializeResources/2[java.lang.String,java.lang.Boolean]",qrCode,1
E:\Siva_ood_projects\razorpay-java\src\main\java\com\razorpay\RazorpayClient.java,com.razorpay.RazorpayClient,"initializeResources/2[java.lang.String,java.lang.Boolean]",transfers,1
E:\Siva_ood_projects\razorpay-java\src\main\java\com\razorpay\RazorpayClient.java,com.razorpay.RazorpayClient,"initializeResources/2[java.lang.String,java.lang.Boolean]",customers,1
E:\Siva_ood_projects\razorpay-java\src\main\java\com\razorpay\RazorpayClient.java,com.razorpay.RazorpayClient,"initializeResources/2[java.lang.String,java.lang.Boolean]",bankAccount,1
E:\Siva_ood_projects\razorpay-java\src\main\java\com\razorpay\RazorpayClient.java,com.razorpay.RazorpayClient,"initializeResources/2[java.lang.String,java.lang.Boolean]",dispute,1
E:\Siva_ood_projects\razorpay-java\src\main\java\com\razorpay\RazorpayClient.java,com.razorpay.RazorpayClient,"initializeResources/2[java.lang.String,java.lang.Boolean]",product,1
E:\Siva_ood_projects\razorpay-java\src\main\java\com\razorpay\RazorpayClient.java,com.razorpay.RazorpayClient,"initializeResources/2[java.lang.String,java.lang.Boolean]",token,1
E:\Siva_ood_projects\razorpay-java\src\main\java\com\razorpay\RazorpayClient.java,com.razorpay.RazorpayClient,"initializeResources/2[java.lang.String,java.lang.Boolean]",fundAccount,1
E:\Siva_ood_projects\razorpay-java\src\main\java\com\razorpay\RazorpayClient.java,com.razorpay.RazorpayClient,"initializeResources/2[java.lang.String,java.lang.Boolean]",virtualAccounts,1
E:\Siva_ood_projects\razorpay-java\src\main\java\com\razorpay\RazorpayClient.java,com.razorpay.RazorpayClient,"initializeResources/2[java.lang.String,java.lang.Boolean]",plans,1
E:\Siva_ood_projects\razorpay-java\src\main\java\com\razorpay\RazorpayClient.java,com.razorpay.RazorpayClient,"initializeResources/2[java.lang.String,java.lang.Boolean]",orders,1
E:\Siva_ood_projects\razorpay-java\src\main\java\com\razorpay\RazorpayClient.java,com.razorpay.RazorpayClient,"initializeResources/2[java.lang.String,java.lang.Boolean]",items,1
E:\Siva_ood_projects\razorpay-java\src\main\java\com\razorpay\RazorpayClient.java,com.razorpay.RazorpayClient,"initializeResources/2[java.lang.String,java.lang.Boolean]",account,1
