file,class,type,cbo,cboModified,fanin,fanout,wmc,dit,noc,rfc,lcom,lcom*,tcc,lcc,totalMethodsQty,staticMethodsQty,publicMethodsQty,privateMethodsQty,protectedMethodsQty,defaultMethodsQty,visibleMethodsQty,abstractMethodsQty,finalMethodsQty,synchronizedMethodsQty,totalFieldsQty,staticFieldsQty,publicFieldsQty,privateFieldsQty,protectedFieldsQty,defaultFieldsQty,finalFieldsQty,synchronizedFieldsQty,nosi,loc,returnQty,loopQty,comparisonsQty,tryCatchQty,parenthesizedExpsQty,stringLiteralsQty,numbersQty,assignmentsQty,mathOperationsQty,variablesQty,maxNestedBlocksQty,anonymousClassesQty,innerClassesQty,lambdasQty,uniqueWordsQty,modifiers,logStatementsQty
E:\Siva_ood_projects\slf4j\slf4j-ext\src\main\java\org\slf4j\ext\XLogger.java,org.slf4j.ext.XLogger,class,10,13,3,10,23,2,0,14,0,0.86111116,0.5833333,0.5833333,9,1,8,1,0,0,9,0,0,0,16,16,0,1,0,15,1,0,9,102,4,1,1,0,7,20,8,28,1,21,2,0,1,0,101,1,0
E:\Siva_ood_projects\slf4j\slf4j-ext\src\test\java\org\slf4j\profiler\PackageTest.java,org.slf4j.profiler.PackageTest,class,5,5,0,5,0,1,0,0,0,0.0,-1.0,-1.0,0,0,0,0,0,0,0,0,0,0,0,0,0,0,0,0,0,0,0,2,0,0,0,0,0,0,0,0,0,0,0,0,0,0,2,1,0
E:\Siva_ood_projects\slf4j\slf4j-api\src\main\java\org\slf4j\helpers\NormalizedParameters.java,org.slf4j.helpers.NormalizedParameters,class,3,8,5,3,19,1,0,7,18,0.6666667,0.25,0.41666666,9,4,9,0,0,0,9,0,0,0,3,0,0,0,0,3,3,0,4,62,12,0,8,0,0,1,8,8,2,8,1,0,0,0,81,1,0
E:\Siva_ood_projects\slf4j\slf4j-api\src\test\java\org\slf4j\basicTests\NoBindingTest.java,org.slf4j.basicTests.NoBindingTest,class,9,10,1,9,3,1,0,8,0,0.0,1.0,1.0,3,0,3,0,0,0,3,0,0,0,1,0,0,0,0,1,0,0,4,16,0,0,0,0,0,5,1,3,3,3,0,0,0,0,20,1,1
E:\Siva_ood_projects\slf4j\slf4j-jdk14\src\test\java\org\slf4j\jul\JDK14AdapterLoggerNameTest.java,org.slf4j.jul.JDK14AdapterLoggerNameTest$MockHandler,innerclass,0,0,0,0,3,2,0,0,3,0.6666667,0.0,0.0,3,0,3,0,0,0,3,0,0,0,1,0,1,0,0,0,0,0,0,10,0,0,0,0,0,0,0,1,0,1,0,0,0,0,10,10,0
E:\Siva_ood_projects\slf4j\jcl-over-slf4j\src\main\java\org\apache\commons\logging\impl\SimpleLog.java,org.apache.commons.logging.impl.SimpleLog,class,3,4,1,3,81,1,0,34,278,0.90517235,0.013333334,0.013333334,29,5,21,5,3,0,25,0,18,0,20,17,8,2,10,0,12,0,20,288,15,1,11,6,6,36,14,49,11,32,4,0,0,1,254,1,0
E:\Siva_ood_projects\slf4j\slf4j-ext\src\main\java\org\slf4j\ext\XLoggerFactory.java,org.slf4j.ext.XLoggerFactory,class,3,5,2,3,2,1,0,3,1,0.0,0.0,0.0,2,2,2,0,0,0,2,0,0,0,0,0,0,0,0,0,0,0,2,8,2,0,0,0,0,0,0,0,0,0,0,0,0,0,49,1,0
E:\Siva_ood_projects\slf4j\log4j-over-slf4j\src\main\java\org\apache\log4j\AppenderSkeleton.java,org.apache.log4j.AppenderSkeleton,class,3,8,5,3,4,1,5,0,6,0.0,0.0,0.0,4,0,4,0,0,0,4,0,0,0,0,0,0,0,0,0,0,0,0,10,0,0,0,0,0,0,0,0,0,0,0,0,0,0,14,1,0
E:\Siva_ood_projects\slf4j\slf4j-ext\src\main\java\org\slf4j\agent\AgentOptions.java,org.slf4j.agent.AgentOptions,class,0,0,0,0,0,1,0,0,0,NaN,-1.0,-1.0,0,0,0,0,0,0,0,0,0,0,4,4,4,0,0,0,4,0,0,6,0,0,0,0,0,4,0,4,0,4,0,0,0,0,77,1,0
E:\Siva_ood_projects\slf4j\slf4j-reload4j\src\main\java\org\slf4j\reload4j\Reload4jMDCAdapter.java,org.slf4j.reload4j.Reload4jMDCAdapter,class,3,5,2,3,16,1,0,13,33,0.6,0.13333334,0.13333334,10,0,10,0,0,0,10,0,0,0,1,0,0,1,0,0,1,0,7,57,6,1,5,0,0,5,0,4,0,4,2,0,0,0,63,1,0
E:\Siva_ood_projects\slf4j\slf4j-migrator\src\test\java\org\slf4j\migrator\line\Log4jRuleSetTest.java,org.slf4j.migrator.line.Log4jRuleSetTest,class,3,4,1,3,6,1,0,5,0,0.0,1.0,1.0,6,0,6,0,0,0,6,0,0,0,1,0,0,0,0,1,0,0,1,42,0,0,0,0,0,55,0,1,0,1,0,0,0,0,30,1,0
E:\Siva_ood_projects\slf4j\slf4j-migrator\src\test\java\org\slf4j\migrator\helper\RandomHelper.java,org.slf4j.migrator.helper.RandomHelper,class,1,3,2,1,7,1,0,6,0,0.5,0.33333334,0.33333334,4,0,0,1,0,3,3,0,0,0,2,0,0,1,0,1,2,0,0,37,3,2,0,0,1,0,5,11,4,10,2,0,0,0,36,1,0
E:\Siva_ood_projects\slf4j\slf4j-api\src\main\java\org\slf4j\helpers\Util.java,org.slf4j.helpers.Util,class,2,4,2,2,19,2,0,11,26,0.75,0.0,0.0,8,7,5,3,0,0,5,0,2,0,2,2,0,2,0,0,0,0,4,66,10,1,4,2,0,6,3,10,4,8,3,0,1,0,82,17,0
E:\Siva_ood_projects\slf4j\log4j-over-slf4j\src\main\java\org\apache\log4j\Level.java,org.apache.log4j.Level,class,2,9,7,2,27,2,0,12,16,0.78409094,0.1,0.1,8,4,4,3,1,0,5,0,0,0,11,11,10,0,0,1,11,0,3,78,23,0,3,0,0,17,11,16,1,12,1,0,0,0,143,1,0
E:\Siva_ood_projects\slf4j\slf4j-api\src\main\java\org\slf4j\event\Level.java,org.slf4j.event.Level,enum,1,17,16,1,9,1,0,0,0,0.375,0.6666667,1.0,4,1,3,0,0,1,4,0,0,0,2,0,0,2,0,0,2,0,0,29,7,0,0,0,5,7,0,2,1,2,1,0,0,0,40,1,0
E:\Siva_ood_projects\slf4j\slf4j-ext\src\test\java\org\slf4j\cal10n_dummy\Months.java,org.slf4j.cal10n_dummy.Months,enum,3,3,0,3,0,1,0,0,0,0.0,-1.0,-1.0,0,0,0,0,0,0,0,0,0,0,0,0,0,0,0,0,0,0,0,1,0,0,0,0,0,2,0,0,0,0,0,0,0,0,5,1,0
E:\Siva_ood_projects\slf4j\slf4j-api\src\main\java\org\slf4j\helpers\NOPLoggerFactory.java,org.slf4j.helpers.NOPLoggerFactory,class,3,5,2,3,2,1,0,0,1,0.0,0.0,0.0,2,0,2,0,0,0,2,0,0,0,0,0,0,0,0,0,0,0,0,7,1,0,0,0,0,0,0,0,0,0,0,0,0,0,23,1,0
E:\Siva_ood_projects\slf4j\slf4j-ext\src\test\java\org\slf4j\profiler\BasicProfilerDemo.java,org.slf4j.profiler.BasicProfilerDemo,class,3,4,1,3,6,1,0,8,10,0.0,NaN,NaN,5,5,1,4,0,0,1,0,0,0,0,0,0,0,0,0,0,0,7,28,0,0,0,1,0,4,3,1,0,1,1,0,0,0,65,1,0
E:\Siva_ood_projects\slf4j\slf4j-jdk-platform-logging\src\main\java\org\slf4j\jdk\platform\logging\SLF4JPlatformLogger.java,org.slf4j.jdk.platform.logging.SLF4JPlatformLogger,class,6,9,3,6,29,1,0,19,25,0.7,0.3,0.3,10,1,5,5,0,0,5,0,0,0,2,1,0,2,0,0,2,0,4,86,16,1,8,1,0,3,1,13,1,10,2,0,0,0,86,0,1
E:\Siva_ood_projects\slf4j\slf4j-migrator\src\test\java\org\slf4j\migrator\line\NoConversionTest.java,org.slf4j.migrator.line.NoConversionTest,class,4,5,1,4,2,1,0,2,1,0.0,0.0,0.0,2,0,2,0,0,0,2,0,0,0,0,0,0,0,0,0,0,0,0,16,0,0,0,0,0,16,0,2,0,2,0,0,0,0,36,1,0
E:\Siva_ood_projects\slf4j\slf4j-migrator\src\main\java\org\slf4j\migrator\internal\ProgressListener.java,org.slf4j.migrator.internal.ProgressListener,interface,0,6,6,0,7,1,0,0,21,0.0,0.0,0.0,7,0,7,0,0,0,7,0,0,0,0,0,0,0,0,0,0,0,0,9,0,0,0,0,0,0,0,0,0,0,0,0,0,0,13,1,0
E:\Siva_ood_projects\slf4j\log4j-over-slf4j\src\test\java\org\apache\log4j\test\NDCTest.java,org.apache.log4j.test.NDCTest,class,4,4,0,4,5,1,0,6,10,0.0,0.0,0.0,5,0,5,0,0,0,5,0,0,0,0,0,0,0,0,0,0,0,9,23,0,0,0,0,0,5,2,2,0,2,0,0,0,0,19,1,0
E:\Siva_ood_projects\slf4j\log4j-over-slf4j\src\main\java\org\apache\log4j\SimpleLayout.java,org.apache.log4j.SimpleLayout,class,1,1,0,1,0,2,0,0,0,0.0,-1.0,-1.0,0,0,0,0,0,0,0,0,0,0,0,0,0,0,0,0,0,0,0,2,0,0,0,0,0,0,0,0,0,0,0,0,0,0,2,1,0
E:\Siva_ood_projects\slf4j\slf4j-reload4j\src\main\java\org\slf4j\reload4j\Reload4jLoggerFactory.java,org.slf4j.reload4j.Reload4jLoggerFactory,class,6,7,1,6,7,1,0,7,0,0.5,0.33333334,0.33333334,2,0,2,0,0,0,3,0,0,0,2,1,0,1,0,1,1,0,6,34,2,0,2,1,0,5,0,9,2,8,2,0,0,0,57,1,2
E:\Siva_ood_projects\slf4j\slf4j-api\src\test\java\org\slf4j\helpers\SubstitutableLoggerTest.java,org.slf4j.helpers.SubstitutableLoggerTest,class,6,7,1,6,8,1,0,21,1,0.33333334,NaN,NaN,3,1,1,2,0,0,1,0,0,0,1,1,0,1,0,0,1,0,3,45,1,2,0,0,0,3,0,6,1,6,2,0,1,0,57,1,0
E:\Siva_ood_projects\slf4j\slf4j-api\src\test\java\org\slf4j\rule\RunInNewThreadRule.java,org.slf4j.rule.RunInNewThreadRule,class,5,6,1,5,2,1,0,4,0,0.0,NaN,NaN,1,0,1,0,0,0,1,0,0,0,0,0,0,0,0,0,0,0,0,14,2,0,1,0,0,4,0,2,2,2,1,0,0,0,18,1,0
E:\Siva_ood_projects\slf4j\log4j-over-slf4j\src\main\java\org\apache\log4j\spi\Filter.java,org.apache.log4j.spi.Filter,class,0,1,1,0,0,1,0,0,0,0.0,-1.0,-1.0,0,0,0,0,0,0,0,0,0,0,0,0,0,0,0,0,0,0,0,2,0,0,0,0,0,0,0,0,0,0,0,0,0,0,1,1,0
E:\Siva_ood_projects\slf4j\slf4j-api\src\test\java\org\slf4j\eventTest\EventRecordingLoggerTest.java,org.slf4j.eventTest.EventRecordingLoggerTest,class,11,12,1,11,135,1,0,84,300,0.7449495,0.006535948,0.006535948,36,0,18,18,0,0,18,0,0,0,11,0,0,11,0,0,0,0,16,457,0,16,3,0,0,6,5,12,0,12,1,0,0,0,63,1,80
E:\Siva_ood_projects\slf4j\integration\src\test\java\org\slf4j\test_osgi\FelixHost.java,org.slf4j.test_osgi.FelixHost,class,6,7,1,6,5,1,0,11,2,0.5625,0.33333334,0.5,4,0,4,0,0,0,4,0,0,0,4,0,0,1,0,3,2,0,0,40,1,0,0,1,0,9,0,8,2,7,1,0,0,0,47,1,0
E:\Siva_ood_projects\slf4j\slf4j-api\src\test\java\org\slf4j\helpers\StringPrintStream.java,org.slf4j.helpers.StringPrintStream,class,0,1,1,0,8,4,0,7,0,0.45000002,0.6,0.6,5,0,5,0,0,0,5,0,0,0,4,1,2,0,0,2,1,0,2,26,0,0,0,0,0,1,0,5,0,4,1,0,0,0,38,1,0
E:\Siva_ood_projects\slf4j\slf4j-ext\src\main\java\org\slf4j\profiler\Util.java,org.slf4j.profiler.Util,class,3,7,4,3,19,1,0,11,22,0.78125,0.10714286,0.21428572,8,8,3,0,0,5,8,0,0,0,4,4,0,1,0,3,4,0,6,73,10,0,0,0,1,5,6,9,8,9,1,0,0,0,52,0,0
E:\Siva_ood_projects\slf4j\slf4j-nop\src\test\java\org\slf4j\nop\MultithreadedInitializationTest.java,org.slf4j.nop.MultithreadedInitializationTest$StringPrintStream,innerclass,0,0,0,0,4,4,0,6,0,0.41666666,1.0,1.0,4,0,4,0,0,0,4,0,0,0,3,1,1,0,0,2,1,0,1,21,0,0,0,0,0,1,0,3,0,3,0,0,0,0,19,9,0
E:\Siva_ood_projects\slf4j\slf4j-jdk14\src\test\java\org\slf4j\jul\CountingHandler.java,org.slf4j.jul.CountingHandler,class,0,1,1,0,3,2,0,1,3,0.6666667,0.0,0.0,3,0,3,0,0,0,3,0,0,0,1,0,0,0,0,1,1,0,0,10,0,0,0,0,0,0,1,1,0,1,0,0,0,0,14,1,0
E:\Siva_ood_projects\slf4j\slf4j-simple\src\main\java\org\slf4j\simple\SimpleLoggerFactory.java,org.slf4j.simple.SimpleLoggerFactory,class,3,4,1,3,4,1,0,3,0,0.25,0.5,0.5,4,0,2,0,2,0,4,0,0,0,1,0,0,0,0,1,0,0,1,16,2,0,0,0,0,0,0,1,0,1,0,0,0,0,65,1,0
E:\Siva_ood_projects\slf4j\slf4j-api\src\main\java\org\slf4j\spi\DefaultLoggingEventBuilder.java,org.slf4j.spi.DefaultLoggingEventBuilder,class,11,15,4,11,45,1,0,42,37,0.7246377,0.7794118,0.88235295,23,0,16,6,1,0,17,0,0,0,3,1,0,0,2,1,0,0,1,161,15,2,11,0,1,0,5,18,1,14,1,0,0,0,88,1,5
E:\Siva_ood_projects\slf4j\slf4j-jdk-platform-logging\src\test\java\org\slf4j\jdk\platform\logging\test\StringPrintStream.java,org.slf4j.jdk.platform.logging.test.StringPrintStream,class,0,1,1,0,8,4,0,7,0,0.45000002,0.6,0.6,5,0,5,0,0,0,5,0,0,0,4,1,2,0,0,2,1,0,2,26,0,0,0,0,0,1,0,5,0,4,1,0,0,0,21,1,0
E:\Siva_ood_projects\slf4j\log4j-over-slf4j\compatibility\src\main\java\test\Log4j13Calls.java,test.Log4j13Calls,class,5,5,0,5,1,3,0,10,0,0.0,NaN,NaN,1,0,1,0,0,0,1,0,0,0,1,1,1,0,0,0,1,0,4,15,0,0,0,0,0,11,3,1,0,1,0,0,0,0,38,1,7
E:\Siva_ood_projects\slf4j\slf4j-api\src\main\java\org\slf4j\helpers\NOP_FallbackServiceProvider.java,org.slf4j.helpers.NOP_FallbackServiceProvider,class,7,8,1,7,5,1,0,0,10,0.8,0.0,0.0,5,0,5,0,0,0,5,0,0,0,4,1,1,3,0,0,3,0,0,20,4,0,0,0,0,1,0,4,0,4,0,0,0,0,49,1,0
E:\Siva_ood_projects\slf4j\log4j-over-slf4j\src\main\java\org\apache\log4j\Layout.java,org.apache.log4j.Layout,class,0,7,7,0,0,1,2,0,0,0.0,-1.0,-1.0,0,0,0,0,0,0,0,0,0,0,0,0,0,0,0,0,0,0,0,2,0,0,0,0,0,0,0,0,0,0,0,0,0,0,13,1,0
E:\Siva_ood_projects\slf4j\slf4j-api\src\test\java\org\slf4j\helpers\SubstitutableLoggerTest.java,org.slf4j.helpers.SubstitutableLoggerTest$LoggerInvocationHandler,innerclass,0,0,0,0,3,1,0,4,0,0.0,1.0,1.0,2,0,2,0,0,0,2,0,0,0,1,0,0,1,0,0,1,0,0,13,3,0,0,0,0,1,0,1,0,1,1,0,0,0,14,2,0
E:\Siva_ood_projects\slf4j\slf4j-nop\src\main\java\org\slf4j\nop\NOPServiceProvider.java,org.slf4j.nop.NOPServiceProvider,class,7,7,0,7,5,1,0,0,10,0.8,0.0,0.0,5,0,5,0,0,0,5,0,0,0,4,1,1,3,0,0,3,0,0,20,4,0,0,0,0,1,0,4,0,4,0,0,0,0,48,1,0
E:\Siva_ood_projects\slf4j\slf4j-api\src\main\java\org\slf4j\helpers\NamedLoggerBase.java,org.slf4j.helpers.NamedLoggerBase,class,3,6,3,3,2,1,2,2,1,0.75,0.0,0.0,2,0,1,0,1,0,2,0,0,0,2,1,0,1,1,0,1,0,1,10,2,0,0,0,0,0,1,1,0,2,0,0,0,0,66,1024,0
E:\Siva_ood_projects\slf4j\slf4j-ext\src\main\java\org\slf4j\profiler\TimeInstrument.java,org.slf4j.profiler.TimeInstrument,interface,2,9,7,2,7,1,0,0,21,0.0,0.0,0.0,7,0,0,0,0,7,7,0,0,0,0,0,0,0,0,0,0,0,0,9,0,0,0,0,0,0,0,0,0,0,0,0,0,0,56,1,0
E:\Siva_ood_projects\slf4j\slf4j-reload4j\src\test\java\org\slf4j\reload4j\EventFieldsTest.java,org.slf4j.reload4j.EventFieldsTest,class,9,9,0,9,5,1,0,19,0,0.0,1.0,1.0,2,0,2,0,0,0,2,0,0,0,1,1,0,0,0,1,0,0,4,32,0,0,2,0,0,5,5,11,0,11,0,0,0,0,46,1,2
E:\Siva_ood_projects\slf4j\slf4j-ext\src\main\java\org\slf4j\instrumentation\LogTransformer.java,org.slf4j.instrumentation.LogTransformer,class,10,12,2,10,23,1,0,30,0,0.56666666,NaN,NaN,5,0,1,4,0,0,1,0,0,0,6,0,0,6,0,0,5,0,7,154,8,2,6,5,0,19,3,27,7,25,4,0,1,0,142,1,0
E:\Siva_ood_projects\slf4j\log4j-over-slf4j\src\test\java\org\dummy\Bug139.java,org.dummy.Bug139,class,4,4,0,4,2,1,0,9,0,0.0,NaN,NaN,1,0,1,0,0,0,1,0,0,0,0,0,0,0,0,0,0,0,3,18,0,1,0,0,2,6,2,7,2,7,1,0,0,0,16,1,0
E:\Siva_ood_projects\slf4j\slf4j-simple\src\main\java\org\slf4j\simple\SimpleServiceProvider.java,org.slf4j.simple.SimpleServiceProvider,class,7,7,0,7,5,1,0,0,4,0.65,0.3,0.6,5,0,5,0,0,0,5,0,0,0,4,1,1,3,0,0,0,0,0,23,4,0,0,0,0,1,0,4,0,4,0,0,0,0,49,1,0
E:\Siva_ood_projects\slf4j\slf4j-api\src\main\java\org\slf4j\event\EventConstants.java,org.slf4j.event.EventConstants,class,0,0,0,0,0,1,0,0,0,NaN,-1.0,-1.0,0,0,0,0,0,0,0,0,0,0,6,6,6,0,0,0,6,0,0,8,0,0,0,0,0,1,0,6,0,6,0,0,0,0,18,1,0
E:\Siva_ood_projects\slf4j\log4j-over-slf4j\src\test\java\org\dummy\Bug131.java,org.dummy.Bug131,class,4,4,0,4,2,1,0,14,0,0.0,NaN,NaN,1,0,1,0,0,0,1,0,0,0,0,0,0,0,0,0,0,0,3,27,0,1,0,0,11,15,2,7,11,7,1,0,0,0,16,1,9
E:\Siva_ood_projects\slf4j\slf4j-migrator\src\main\java\org\slf4j\migrator\line\Log4jRuleSet.java,org.slf4j.migrator.line.Log4jRuleSet,class,3,6,3,3,2,1,0,3,0,0.0,1.0,1.0,2,0,2,0,0,0,2,0,0,0,1,0,0,1,0,0,1,0,10,29,1,0,0,0,0,23,0,11,0,11,0,0,0,0,22,1,0
E:\Siva_ood_projects\slf4j\slf4j-api\src\test\java\org\slf4j\basicTests\Differentiator.java,org.slf4j.basicTests.Differentiator,class,0,1,1,0,1,1,0,2,0,0.0,NaN,NaN,1,1,1,0,0,0,1,0,0,0,1,1,0,0,0,1,0,0,1,6,1,0,0,0,0,0,0,1,0,1,0,0,0,0,5,1,0
E:\Siva_ood_projects\slf4j\jcl-over-slf4j\src\test\java\org\apache\commons\logging\test\SerializationTest.java,org.apache.commons.logging.test.SerializationTest,class,10,11,1,10,6,1,0,9,0,0.5555556,0.73333335,1.0,6,0,6,0,0,0,6,0,0,0,3,0,0,0,0,3,0,0,1,35,0,0,0,0,0,4,0,10,0,10,0,0,0,0,37,1,1
E:\Siva_ood_projects\slf4j\slf4j-ext\src\test\java\org\slf4j\dummyExt\PackageTest.java,org.slf4j.dummyExt.PackageTest,class,4,4,0,4,0,1,0,0,0,0.0,-1.0,-1.0,0,0,0,0,0,0,0,0,0,0,0,0,0,0,0,0,0,0,0,2,0,0,0,0,0,0,0,0,0,0,0,0,0,0,2,1,0
E:\Siva_ood_projects\slf4j\slf4j-api\src\test\java\org\slf4j\helpers\MessageFormatterTest.java,org.slf4j.helpers.MessageFormatterTest$Anonymous1,anonymous,0,0,0,0,1,1,0,0,0,0.0,NaN,NaN,1,0,1,0,0,0,1,0,0,0,0,0,0,0,0,0,0,0,0,5,0,0,0,0,0,1,0,0,0,0,0,0,0,0,5,-1,0
E:\Siva_ood_projects\slf4j\slf4j-ext\src\test\java\org\slf4j\profiler\UtilTest.java,org.slf4j.profiler.UtilTest,class,2,3,1,2,1,1,0,2,0,0.0,NaN,NaN,1,0,1,0,0,0,1,0,0,0,0,0,0,0,0,0,0,0,6,10,0,0,0,0,0,0,6,0,5,0,0,0,0,0,12,1,0
E:\Siva_ood_projects\slf4j\slf4j-nop\src\test\java\org\slf4j\nop\InvocationTest.java,org.slf4j.nop.InvocationTest,class,7,7,0,7,6,1,0,34,15,0.0,0.0,0.0,6,0,6,0,0,0,6,0,0,0,0,0,0,0,0,0,0,0,18,66,0,0,0,0,0,52,4,11,0,11,0,0,0,0,43,1,32
E:\Siva_ood_projects\slf4j\log4j-over-slf4j\src\main\java\org\apache\log4j\helpers\NullEnumeration.java,org.apache.log4j.helpers.NullEnumeration,class,1,3,2,1,4,1,0,0,6,0.75,0.0,0.0,4,1,3,1,0,0,3,0,0,0,1,1,0,1,0,0,1,0,0,14,2,0,0,0,0,1,0,1,0,1,0,0,0,0,21,1,0
E:\Siva_ood_projects\slf4j\slf4j-reload4j\src\main\java\org\slf4j\reload4j\Reload4jLoggerAdapter.java,org.slf4j.reload4j.Reload4jLoggerAdapter,class,19,22,3,19,21,3,0,26,0,0.7833334,0.8,0.8,12,0,7,2,2,1,10,0,0,0,5,4,0,1,0,4,5,0,5,90,9,0,1,0,0,3,1,29,1,20,1,0,0,0,122,17,0
E:\Siva_ood_projects\slf4j\log4j-over-slf4j\src\main\java\org\apache\log4j\spi\OptionHandler.java,org.apache.log4j.spi.OptionHandler,interface,0,1,1,0,1,1,0,0,0,0.0,NaN,NaN,1,0,0,0,0,1,1,0,0,0,0,0,0,0,0,0,0,0,0,3,0,0,0,0,0,0,0,0,0,0,0,0,0,0,4,1,0
E:\Siva_ood_projects\slf4j\slf4j-simple\src\test\java\org\slf4j\simple\SilentPrintStream.java,org.slf4j.simple.SilentPrintStream,class,0,1,1,0,4,4,0,0,6,0.75,0.0,0.0,4,0,4,0,0,0,4,0,0,0,1,0,0,0,0,1,0,0,0,13,0,0,0,0,0,0,0,1,0,1,0,0,0,0,10,1,0
E:\Siva_ood_projects\slf4j\slf4j-api\src\main\java\org\slf4j\helpers\Reporter.java,org.slf4j.helpers.Reporter$Level,enum,0,0,0,0,2,1,0,0,0,0.0,-1.0,-1.0,2,0,0,2,0,0,0,0,0,0,1,0,0,0,0,1,0,0,0,8,1,0,0,0,0,0,3,1,0,1,0,0,0,0,18,2,0
E:\Siva_ood_projects\slf4j\jcl-over-slf4j\src\main\java\org\apache\commons\logging\impl\NoOpLog.java,org.apache.commons.logging.impl.NoOpLog,class,1,1,0,1,20,1,0,0,190,1.0,0.0,0.0,20,0,20,0,0,0,20,0,6,0,1,1,0,1,0,0,1,0,0,49,6,0,0,0,0,0,1,1,0,1,0,0,0,0,54,1,0
E:\Siva_ood_projects\slf4j\integration\src\test\java\integrator\Activator.java,integrator.Activator,class,5,5,0,5,4,1,0,4,0,0.0,1.0,1.0,3,0,3,0,0,0,3,0,0,0,1,0,0,1,0,0,0,0,2,19,2,0,1,0,0,2,0,5,0,3,1,0,0,0,21,1,2
E:\Siva_ood_projects\slf4j\slf4j-api\src\main\java\org\slf4j\helpers\FormattingTuple.java,org.slf4j.helpers.FormattingTuple,class,1,7,6,1,5,1,0,0,0,0.65000004,0.5,1.0,5,0,5,0,0,0,5,0,0,0,4,1,1,3,0,0,3,0,0,23,3,0,0,0,0,0,0,4,0,4,0,0,0,0,24,1,0
E:\Siva_ood_projects\slf4j\slf4j-api\src\main\java\org\slf4j\spi\CallerBoundaryAware.java,org.slf4j.spi.CallerBoundaryAware,interface,0,3,3,0,1,1,0,0,0,0.0,NaN,NaN,1,0,0,0,0,1,1,0,0,0,0,0,0,0,0,0,0,0,0,3,0,0,0,0,0,0,0,0,0,0,0,0,0,0,37,1,0
E:\Siva_ood_projects\slf4j\slf4j-api\src\main\java\org\slf4j\event\SubstituteLoggingEvent.java,org.slf4j.event.SubstituteLoggingEvent,class,5,12,7,5,23,1,0,2,168,0.9,0.057894737,0.057894737,20,0,20,0,0,0,20,0,0,0,10,0,0,0,0,10,0,0,1,79,13,0,3,0,0,0,1,9,0,10,1,0,0,0,35,1,0
E:\Siva_ood_projects\slf4j\slf4j-api\src\main\java\org\slf4j\helpers\NOPLogger.java,org.slf4j.helpers.NOPLogger,class,4,8,4,4,62,2,0,0,1891,1.0,0.0,0.0,62,0,61,0,1,0,62,0,59,0,2,2,1,1,0,0,2,0,0,139,11,0,0,0,0,1,1,2,0,2,0,0,0,0,77,1,0
E:\Siva_ood_projects\slf4j\slf4j-api\src\main\java\org\slf4j\MDC.java,org.slf4j.MDC,class,7,19,12,7,26,1,0,13,0,0.5833334,0.6818182,0.6818182,12,10,11,1,0,0,12,0,0,0,4,4,0,1,0,3,3,0,4,98,6,0,13,0,0,8,0,6,1,5,1,0,1,0,193,1,2
E:\Siva_ood_projects\slf4j\slf4j-ext\src\test\java\org\slf4j\cal10n_dummy\PackageTest.java,org.slf4j.cal10n_dummy.PackageTest,class,4,4,0,4,0,1,0,0,0,0.0,-1.0,-1.0,0,0,0,0,0,0,0,0,0,0,0,0,0,0,0,0,0,0,0,2,0,0,0,0,0,0,0,0,0,0,0,0,0,0,2,1,0
E:\Siva_ood_projects\slf4j\log4j-over-slf4j\src\main\java\org\apache\log4j\RollingFileAppender.java,org.apache.log4j.RollingFileAppender,class,1,1,0,1,5,1,0,0,10,0.0,0.0,0.0,5,0,5,0,0,0,5,0,0,0,0,0,0,0,0,0,0,0,0,15,0,0,0,0,0,0,0,0,0,0,0,0,0,0,29,1,0
E:\Siva_ood_projects\slf4j\slf4j-jdk14\src\test\java\org\slf4j\issue\LoggerSerializationTest.java,org.slf4j.issue.LoggerSerializationTest$LoggerHolder,innerclass,3,3,0,3,2,1,0,2,1,0.75,0.0,0.0,2,0,2,0,0,0,2,0,0,0,2,1,0,2,0,0,2,0,1,10,2,0,0,0,0,1,1,2,1,2,0,0,0,0,15,8,0
E:\Siva_ood_projects\slf4j\osgi-over-slf4j\src\main\java\org\slf4j\osgi\logservice\impl\LogServiceImpl.java,org.slf4j.osgi.logservice.impl.LogServiceImpl,class,7,9,2,7,32,1,0,22,0,0.5,1.0,1.0,6,0,5,1,0,0,5,0,0,0,2,1,0,2,0,0,2,0,1,111,1,0,2,0,0,1,0,6,1,5,2,0,0,0,52,1,16
E:\Siva_ood_projects\slf4j\slf4j-api\src\test\java\org\slf4j\LoggerAccessingThread.java,org.slf4j.LoggerAccessingThread,class,2,3,1,2,4,2,0,9,0,0.1,1.0,1.0,2,0,2,0,0,0,2,0,0,0,5,1,0,1,0,4,4,0,2,29,0,1,0,1,0,3,2,8,1,8,1,0,0,0,25,1,1
E:\Siva_ood_projects\slf4j\integration\src\test\java\org\slf4j\issues\Issue324Test.java,org.slf4j.issues.Issue324Test,class,4,5,1,4,1,3,0,4,0,0.0,NaN,NaN,1,0,1,0,0,0,1,0,0,0,0,0,0,0,0,0,0,0,2,8,0,0,0,0,0,3,0,2,1,2,0,0,0,0,14,1,1
E:\Siva_ood_projects\slf4j\slf4j-migrator\src\main\java\org\slf4j\migrator\line\MultiGroupConversionRule.java,org.slf4j.migrator.line.MultiGroupConversionRule,class,2,5,3,2,9,1,0,5,11,0.77777785,0.13333334,0.13333334,6,0,6,0,0,0,6,0,0,0,3,1,0,3,0,0,3,0,0,37,4,1,2,0,0,1,3,7,0,6,2,0,0,0,55,1,0
E:\Siva_ood_projects\slf4j\slf4j-simple\src\test\java\org\slf4j\simple\LoggerTestSuite.java,org.slf4j.simple.LoggerTestSuite$ListAppendingOutputStream,innerclass,0,0,0,0,3,2,0,5,0,0.44444445,1.0,1.0,3,0,2,1,0,0,2,0,0,0,3,0,0,3,0,0,2,0,0,16,0,0,0,0,0,0,2,3,0,3,0,0,0,0,15,9,0
E:\Siva_ood_projects\slf4j\slf4j-ext\src\main\java\org\slf4j\ext\LoggerWrapper.java,org.slf4j.ext.LoggerWrapper,class,3,6,3,3,163,1,2,62,0,0.11827957,1.0,1.0,62,0,62,0,0,0,62,0,0,0,3,0,0,0,2,1,3,0,0,498,61,0,0,0,50,0,0,4,0,3,1,0,0,0,56,1,50
E:\Siva_ood_projects\slf4j\jul-to-slf4j\src\main\java\org\slf4j\bridge\SLF4JBridgeHandler.java,org.slf4j.bridge.SLF4JBridgeHandler,class,4,7,3,4,36,2,0,28,76,0.8717949,0.018181818,0.018181818,13,5,8,2,3,0,11,0,0,0,6,6,0,6,0,0,6,0,7,132,8,3,6,2,0,4,1,29,0,22,2,0,0,0,265,1,5
E:\Siva_ood_projects\slf4j\slf4j-simple\src\test\java\org\slf4j\simple\LoggerTestSuite.java,org.slf4j.simple.LoggerTestSuite,class,5,7,2,5,17,2,1,29,136,0.0,0.0,0.0,17,0,11,1,5,0,16,4,0,0,0,0,0,0,0,0,0,0,0,133,6,0,0,0,0,75,28,15,0,15,0,0,1,0,89,1025,27
E:\Siva_ood_projects\slf4j\slf4j-reload4j\src\test\java\org\slf4j\reload4j\Reload4jMDCAdapterTest.java,org.slf4j.reload4j.Reload4jMDCAdapterTest,class,4,4,0,4,3,2,0,9,3,0.0,0.0,0.0,3,0,2,0,1,0,3,0,0,0,0,0,0,0,0,0,0,0,0,18,1,0,0,0,0,4,0,2,0,2,0,0,0,0,19,1,0
E:\Siva_ood_projects\slf4j\slf4j-ext\src\test\java\org\slf4j\profiler\NestedProfilerDemo2.java,org.slf4j.profiler.NestedProfilerDemo2,class,9,10,1,9,1,1,0,10,0,0.0,NaN,NaN,1,1,1,0,0,0,1,0,0,0,1,1,0,0,0,1,0,0,2,17,0,0,0,0,0,2,2,7,1,7,0,0,0,0,49,1,0
E:\Siva_ood_projects\slf4j\jcl-over-slf4j\src\test\java\org\apache\commons\logging\test\InvokeJCLTest.java,org.apache.commons.logging.test.InvokeJCLTest$TestMessage,innerclass,0,0,0,0,2,1,0,0,0,0.25,1.0,1.0,2,0,1,0,0,1,2,0,0,0,2,0,0,1,0,1,1,0,0,11,1,0,0,0,0,0,1,2,0,2,0,0,0,0,7,8,0
E:\Siva_ood_projects\slf4j\log4j-over-slf4j\src\main\java\org\apache\log4j\Category.java,org.apache.log4j.Category,class,12,30,18,12,63,1,1,23,466,0.84864867,0.15873016,0.1920635,37,2,32,1,2,2,36,0,4,0,5,2,0,4,1,0,3,0,5,191,33,0,2,0,0,3,0,9,1,9,1,0,0,0,152,1,5
E:\Siva_ood_projects\slf4j\slf4j-api\src\main\java\org\slf4j\helpers\MessageFormatter.java,org.slf4j.helpers.MessageFormatter,class,12,21,9,12,63,1,0,43,208,0.95238096,0.022222223,0.022222223,21,21,8,11,0,2,10,0,7,0,4,4,0,1,0,3,4,0,25,235,18,10,18,1,0,15,32,35,18,31,4,0,0,0,224,17,1
E:\Siva_ood_projects\slf4j\slf4j-migrator\src\main\java\org\slf4j\migrator\helper\SpringLayoutHelper.java,org.slf4j.migrator.helper.SpringLayoutHelper,class,1,3,2,1,5,1,0,3,0,0.4,0.6,1.0,5,0,5,0,0,0,5,0,0,0,2,0,0,0,0,2,2,0,0,22,0,0,0,0,0,0,2,2,0,2,0,0,0,0,16,1,0
E:\Siva_ood_projects\slf4j\slf4j-api\src\test\java\org\slf4j\basicTests\FluentAPIUsage.java,org.slf4j.basicTests.FluentAPIUsage,class,4,4,0,4,2,1,0,7,1,0.0,0.0,0.0,2,0,2,0,0,0,2,0,0,0,0,0,0,0,0,0,0,0,2,12,0,0,0,0,0,5,0,4,0,4,0,0,0,0,13,1,1
E:\Siva_ood_projects\slf4j\slf4j-migrator\src\test\java\org\slf4j\migrator\internal\NopProgressListener.java,org.slf4j.migrator.internal.NopProgressListener,class,1,3,2,1,7,1,0,0,21,0.0,0.0,0.0,7,0,7,0,0,0,7,0,0,0,0,0,0,0,0,0,0,0,0,16,0,0,0,0,0,0,0,0,0,0,0,0,0,0,14,1,0
E:\Siva_ood_projects\slf4j\slf4j-simple\src\main\java\org\slf4j\simple\SimpleLoggerConfiguration.java,org.slf4j.simple.SimpleLoggerConfiguration,class,3,6,3,3,29,1,0,17,15,0.84615386,0.0,0.0,7,2,0,2,0,5,5,0,0,0,26,13,0,14,0,12,12,0,8,136,18,0,7,5,3,16,0,48,2,34,3,0,0,1,117,1,2
E:\Siva_ood_projects\slf4j\slf4j-reload4j\src\test\java\org\slf4j\reload4j\Reload4jMultithreadedInitializationTest.java,org.slf4j.reload4j.Reload4jMultithreadedInitializationTest,class,9,10,1,9,5,2,0,10,8,0.8,0.16666667,0.16666667,5,0,2,1,2,0,4,0,0,0,3,2,0,0,0,3,1,0,3,26,3,0,0,0,0,4,1,6,1,6,0,0,0,0,48,1,0
E:\Siva_ood_projects\slf4j\slf4j-api\src\main\java\org\slf4j\helpers\NOPMDCAdapter.java,org.slf4j.helpers.NOPMDCAdapter,class,1,5,4,1,10,1,0,0,45,0.0,0.0,0.0,10,0,10,0,0,0,10,0,0,0,0,0,0,0,0,0,0,0,0,26,4,0,0,0,0,0,0,0,0,0,0,0,0,0,52,1,0
E:\Siva_ood_projects\slf4j\slf4j-simple\src\test\java\org\slf4j\simple\DoubleInitializationPitfallTest.java,org.slf4j.simple.DoubleInitializationPitfallTest,class,5,5,0,5,4,1,0,4,1,0.0,0.0,0.0,2,0,2,0,0,0,2,0,0,0,0,0,0,0,0,0,0,0,6,18,0,0,2,0,0,5,0,4,0,4,1,0,0,0,20,1,0
E:\Siva_ood_projects\slf4j\jul-to-slf4j\src\test\java\org\slf4j\bridge\SLF4JBridgeHandlerTest.java,org.slf4j.bridge.SLF4JBridgeHandlerTest,class,11,12,1,11,11,1,0,34,0,0.5636363,0.45454547,0.5272727,11,0,10,0,0,1,11,0,0,0,5,1,0,0,0,5,0,0,18,134,0,0,0,0,0,28,20,43,0,38,0,0,0,0,87,1,4
E:\Siva_ood_projects\slf4j\log4j-over-slf4j\src\main\java\org\apache\log4j\ConsoleAppender.java,org.apache.log4j.ConsoleAppender,class,2,2,0,2,3,3,0,0,3,0.0,0.0,0.0,3,0,3,0,0,0,3,0,0,0,0,0,0,0,0,0,0,0,0,8,0,0,0,0,0,0,0,0,0,0,0,0,0,0,9,1,0
E:\Siva_ood_projects\slf4j\log4j-over-slf4j\src\main\java\org\apache\log4j\spi\LoggerFactory.java,org.apache.log4j.spi.LoggerFactory,interface,1,5,4,1,1,1,0,0,0,0.0,NaN,NaN,1,0,1,0,0,0,1,0,0,0,0,0,0,0,0,0,0,0,0,3,0,0,0,0,0,0,0,0,0,0,0,0,0,0,23,1,0
E:\Siva_ood_projects\slf4j\log4j-over-slf4j\src\main\java\org\apache\log4j\spi\Configurator.java,org.apache.log4j.spi.Configurator,interface,1,3,2,1,1,1,0,0,0,1.0,NaN,NaN,1,0,0,0,0,1,1,0,0,0,2,2,2,0,0,0,2,0,0,5,0,0,0,0,0,2,0,2,0,2,0,0,0,0,55,1,0
E:\Siva_ood_projects\slf4j\slf4j-ext\src\main\java\org\slf4j\instrumentation\LogTransformer.java,org.slf4j.instrumentation.LogTransformer$Builder,innerclass,2,2,0,2,10,1,0,3,0,0.6,0.3,0.3,5,0,5,0,0,0,5,0,0,0,5,0,0,1,0,4,0,0,0,37,5,0,0,0,0,9,0,7,1,5,2,0,0,0,67,9,0
E:\Siva_ood_projects\slf4j\jcl-over-slf4j\src\main\java\org\apache\commons\logging\impl\SLF4JLog.java,org.apache.commons.logging.impl.SLF4JLog,class,4,7,3,4,20,1,0,18,0,0.6333333,0.9052632,1.0,20,0,19,0,1,0,20,0,0,0,3,1,0,2,1,0,2,0,13,67,7,0,0,0,0,0,1,4,0,4,0,0,0,0,88,1,12
E:\Siva_ood_projects\slf4j\slf4j-reload4j\src\test\java\org\slf4j\reload4j\InvocationTest.java,org.slf4j.reload4j.InvocationTest,class,13,13,0,13,12,1,0,52,0,0.54545456,0.018181818,0.018181818,11,0,11,0,0,0,11,0,0,0,2,0,0,0,0,2,0,0,29,119,0,0,0,1,0,78,12,23,0,21,1,0,0,0,75,1,38
E:\Siva_ood_projects\slf4j\slf4j-api\src\main\java\org\slf4j\helpers\Reporter.java,org.slf4j.helpers.Reporter$TargetChoice,enum,0,0,0,0,0,1,0,0,0,0.0,-1.0,-1.0,0,0,0,0,0,0,0,0,0,0,0,0,0,0,0,0,0,0,0,1,0,0,0,0,0,0,0,0,0,0,0,0,0,0,4,2,0
E:\Siva_ood_projects\slf4j\slf4j-migrator\src\test\java\org\slf4j\migrator\helper\AbbreviatorTest.java,org.slf4j.migrator.helper.AbbreviatorTest,class,4,6,2,4,16,1,0,13,16,0.7777778,0.2777778,0.2777778,9,0,5,0,0,4,9,0,0,0,4,3,0,0,0,4,3,0,0,86,1,1,1,0,1,16,24,33,10,32,2,0,0,0,61,1,0
E:\Siva_ood_projects\slf4j\slf4j-migrator\src\main\java\org\slf4j\migrator\ConversionException.java,org.slf4j.migrator.ConversionException,class,0,1,1,0,6,3,0,2,4,0.88,0.3,0.3,5,0,5,0,0,0,5,0,0,0,5,4,3,2,0,0,4,0,0,25,1,0,1,0,0,3,1,6,0,5,1,0,0,0,36,1,0
E:\Siva_ood_projects\slf4j\slf4j-migrator\src\main\java\org\slf4j\migrator\line\ConversionRule.java,org.slf4j.migrator.line.ConversionRule,interface,0,9,9,0,3,1,0,0,3,0.0,0.0,0.0,3,0,3,0,0,0,3,0,0,0,0,0,0,0,0,0,0,0,0,5,0,0,0,0,0,0,0,0,0,0,0,0,0,0,35,1,0
E:\Siva_ood_projects\slf4j\slf4j-simple\src\test\java\org\slf4j\simple\DetectLoggerNameMismatchTest.java,org.slf4j.simple.DetectLoggerNameMismatchTest,class,8,9,1,8,9,1,0,12,30,0.8333334,0.04761905,0.04761905,9,1,7,2,0,0,7,0,0,0,4,2,0,3,0,1,3,0,16,48,0,0,0,0,0,6,0,8,3,8,0,0,0,0,94,1,0
E:\Siva_ood_projects\slf4j\slf4j-simple\src\main\java\org\slf4j\simple\SimpleLogger.java,org.slf4j.simple.SimpleLogger,class,9,13,4,9,43,3,0,40,123,0.92202747,0.075,0.15833333,19,2,6,3,6,4,16,0,0,0,27,25,13,4,7,3,23,0,11,180,17,2,7,0,4,26,6,49,17,40,2,0,0,0,308,1,0
E:\Siva_ood_projects\slf4j\osgi-over-slf4j\src\main\java\org\slf4j\osgi\logservice\impl\LogServiceFactory.java,org.slf4j.osgi.logservice.impl.LogServiceFactory,class,4,5,1,4,2,1,0,0,1,0.0,0.0,0.0,2,0,2,0,0,0,2,0,0,0,0,0,0,0,0,0,0,0,0,7,1,0,0,0,0,0,0,0,0,0,0,0,0,0,16,1,0
E:\Siva_ood_projects\slf4j\slf4j-api\src\main\java\org\slf4j\spi\MDCAdapter.java,org.slf4j.spi.MDCAdapter,interface,0,15,15,0,10,1,0,0,45,0.0,0.0,0.0,10,0,10,0,0,0,10,0,0,0,0,0,0,0,0,0,0,0,0,12,0,0,0,0,0,0,0,0,0,0,0,0,0,0,110,1,0
E:\Siva_ood_projects\slf4j\slf4j-api\src\main\java\org\slf4j\helpers\BasicMDCAdapter.java,org.slf4j.helpers.BasicMDCAdapter$Anonymous1,anonymous,0,0,0,0,2,1,0,0,0,0.0,NaN,NaN,1,0,0,0,1,0,1,0,0,0,0,0,0,0,0,0,0,0,0,8,2,0,1,0,0,0,0,0,0,0,1,0,0,0,4,-1,0
E:\Siva_ood_projects\slf4j\slf4j-migrator\src\main\java\org\slf4j\migrator\Constant.java,org.slf4j.migrator.Constant,class,0,0,0,0,0,1,0,0,0,NaN,-1.0,-1.0,0,0,0,0,0,0,0,0,0,0,5,5,5,0,0,0,5,0,0,7,0,0,0,0,0,0,5,5,0,5,0,0,0,0,20,1,0
E:\Siva_ood_projects\slf4j\slf4j-ext\src\main\java\org\slf4j\profiler\SpacePadder.java,org.slf4j.profiler.SpacePadder,class,1,3,2,1,26,1,0,6,13,0.8333334,0.06666667,0.06666667,6,6,6,0,0,0,6,0,6,0,2,2,1,0,0,1,2,0,5,74,0,4,10,0,4,7,18,14,6,8,2,0,0,0,37,1,0
E:\Siva_ood_projects\slf4j\slf4j-jdk14\src\main\java\org\slf4j\jul\JDK14LoggerAdapter.java,org.slf4j.jul.JDK14LoggerAdapter,class,12,14,2,12,34,3,0,40,46,0.875,0.62222224,0.62222224,16,2,7,6,2,1,10,0,1,0,8,7,0,1,0,7,2,0,9,139,12,3,4,0,1,4,6,39,2,31,2,0,0,0,145,17,0
E:\Siva_ood_projects\slf4j\slf4j-ext\src\main\java\org\slf4j\cal10n\LocLoggerFactory.java,org.slf4j.cal10n.LocLoggerFactory,class,4,7,3,4,3,1,0,3,1,0.33333334,0.33333334,0.33333334,3,0,3,0,0,0,3,0,0,0,1,0,0,0,0,1,1,0,1,12,2,0,0,0,0,0,0,1,0,1,0,0,0,0,56,1,0
E:\Siva_ood_projects\slf4j\slf4j-simple\src\test\java\org\slf4j\simple\InvocationTest.java,org.slf4j.simple.InvocationTest,class,9,9,0,9,8,1,0,34,26,0.75,0.035714287,0.035714287,8,0,8,0,0,0,8,0,0,0,1,0,0,0,0,1,0,0,17,72,0,0,0,0,0,50,4,14,0,14,0,0,0,0,56,1,33
E:\Siva_ood_projects\slf4j\slf4j-api\src\main\java\org\slf4j\spi\LoggingEventBuilder.java,org.slf4j.spi.LoggingEventBuilder,interface,3,15,12,3,14,1,0,0,91,0.0,0.0,0.0,14,0,0,0,0,14,14,0,0,0,0,0,0,0,0,0,0,0,0,16,0,0,0,0,0,0,0,0,0,0,0,0,0,0,99,1,0
E:\Siva_ood_projects\slf4j\slf4j-api\src\main\java\org\slf4j\Logger.java,org.slf4j.Logger,interface,7,74,67,7,80,1,0,9,2346,1.0,0.0,0.0,69,0,69,0,0,0,69,0,0,0,1,0,1,0,0,0,1,0,6,132,18,0,0,0,5,3,0,2,1,2,1,0,0,0,238,1,0
E:\Siva_ood_projects\slf4j\slf4j-ext\src\main\java\org\slf4j\profiler\StopWatch.java,org.slf4j.profiler.StopWatch,class,4,8,4,4,15,1,0,9,0,0.5909091,0.5090909,0.6545454,11,0,10,0,0,1,11,0,1,0,4,0,0,3,0,1,0,0,3,69,8,0,2,0,0,7,1,10,2,5,1,0,0,0,45,1,0
E:\Siva_ood_projects\slf4j\slf4j-api\src\main\java\org\slf4j\spi\LoggerFactoryBinder.java,org.slf4j.spi.LoggerFactoryBinder,interface,1,1,0,1,2,1,0,0,1,0.0,0.0,0.0,2,0,2,0,0,0,2,0,0,0,0,0,0,0,0,0,0,0,0,4,0,0,0,0,0,0,0,0,0,0,0,0,0,0,50,1,0
E:\Siva_ood_projects\slf4j\slf4j-migrator\src\main\java\org\slf4j\migrator\line\SingleConversionRule.java,org.slf4j.migrator.line.SingleConversionRule,class,1,5,4,1,5,1,0,0,0,0.46666667,0.6,1.0,5,0,5,0,0,0,5,0,0,0,3,0,0,3,0,0,3,0,0,22,3,0,0,0,0,0,0,3,0,3,0,0,0,0,30,1,0
E:\Siva_ood_projects\slf4j\slf4j-migrator\src\test\java\org\slf4j\migrator\line\PackageTest.java,org.slf4j.migrator.line.PackageTest,class,7,8,1,7,0,1,0,0,0,0.0,-1.0,-1.0,0,0,0,0,0,0,0,0,0,0,0,0,0,0,0,0,0,0,0,2,0,0,0,0,0,0,0,0,0,0,0,0,0,0,2,1,0
E:\Siva_ood_projects\slf4j\log4j-over-slf4j\src\test\java\org\dummy\ListHandler.java,org.dummy.ListHandler,class,0,2,2,0,3,2,0,2,3,0.6666667,0.0,0.0,3,0,3,0,0,0,3,0,0,0,1,0,0,0,0,1,0,0,0,11,0,0,0,0,0,0,0,1,0,1,0,0,0,0,11,1,0
E:\Siva_ood_projects\slf4j\slf4j-api\src\main\java\org\slf4j\helpers\SubstituteLoggerFactory.java,org.slf4j.helpers.SubstituteLoggerFactory,class,4,8,4,4,7,1,0,6,0,0.5,0.6,1.0,6,0,6,0,0,0,6,0,0,1,3,0,0,0,0,3,2,0,0,29,4,0,1,0,0,0,0,6,0,4,1,0,0,0,28,1,0
E:\Siva_ood_projects\slf4j\slf4j-simple\src\test\java\org\slf4j\simple\multiThreadedExecution\StateCheckingPrintStream.java,org.slf4j.simple.multiThreadedExecution.StateCheckingPrintStream,class,2,4,2,2,24,4,0,7,13,0.7820512,0.0,0.0,6,0,4,2,0,0,4,0,0,0,13,1,0,0,0,13,0,0,5,91,8,0,6,0,0,12,0,21,3,14,2,0,1,0,44,1,0
E:\Siva_ood_projects\slf4j\slf4j-migrator\src\main\java\org\slf4j\migrator\internal\ProgressListenerImpl.java,org.slf4j.migrator.internal.ProgressListenerImpl,class,4,6,2,4,14,1,0,16,5,0.77500004,0.2,0.2888889,10,0,8,0,0,2,10,0,0,0,8,2,0,0,0,8,3,0,1,66,6,0,0,1,0,10,7,12,4,11,1,0,0,0,67,1,0
E:\Siva_ood_projects\slf4j\log4j-over-slf4j\src\main\java\org\apache\log4j\Priority.java,org.apache.log4j.Priority,class,2,6,4,2,14,1,1,4,36,0.90000004,0.21212122,0.3181818,12,5,10,0,2,0,12,0,3,0,15,12,12,0,0,3,12,0,4,63,11,0,1,0,1,6,11,19,0,16,1,0,0,0,102,1,0
E:\Siva_ood_projects\slf4j\jul-to-slf4j\src\test\java\org\slf4j\bridge\SLF4JBridgeHandlerPerfTest.java,org.slf4j.bridge.SLF4JBridgeHandlerPerfTest,class,11,12,1,11,10,1,0,21,2,0.6888889,0.4,0.4,5,0,3,0,0,2,5,0,0,0,9,2,0,0,0,9,0,0,10,57,2,4,0,0,3,11,6,17,11,17,1,0,0,0,48,1,2
E:\Siva_ood_projects\slf4j\slf4j-api\src\main\java\org\slf4j\helpers\LegacyAbstractLogger.java,org.slf4j.helpers.LegacyAbstractLogger,class,3,7,4,3,5,2,4,5,10,1.0,0.0,0.0,5,0,5,0,0,0,5,0,0,0,1,1,0,1,0,0,1,0,0,18,5,0,0,0,0,0,1,1,0,1,0,0,0,0,25,1025,0
E:\Siva_ood_projects\slf4j\slf4j-ext\src\test\java\org\slf4j\cal10n_dummy\MyApplication.java,org.slf4j.cal10n_dummy.MyApplication,class,4,4,0,4,2,1,0,3,0,0.6666667,1.0,1.0,2,0,2,0,0,0,2,0,0,0,3,0,0,0,0,3,0,0,0,11,0,0,0,0,0,0,0,3,0,3,0,0,0,0,15,1,2
E:\Siva_ood_projects\slf4j\log4j-over-slf4j\src\main\java\org\apache\log4j\FileAppender.java,org.apache.log4j.FileAppender,class,2,3,1,2,4,3,0,0,6,0.0,0.0,0.0,4,0,4,0,0,0,4,0,0,0,0,0,0,0,0,0,0,0,0,10,0,0,0,0,0,0,0,0,0,0,0,0,0,0,8,1,0
E:\Siva_ood_projects\slf4j\osgi-over-slf4j\src\main\java\org\slf4j\osgi\logservice\impl\Activator.java,org.slf4j.osgi.logservice.impl.Activator,class,5,5,0,5,2,1,0,3,1,0.0,0.0,0.0,2,0,2,0,0,0,2,0,0,0,0,0,0,0,0,0,0,0,0,10,0,0,0,0,0,2,0,2,0,2,0,0,0,0,34,1,0
E:\Siva_ood_projects\slf4j\slf4j-ext\src\test\java\org\slf4j\dummyExt\XLoggerTest.java,org.slf4j.dummyExt.XLoggerTest,class,12,14,2,12,11,1,0,33,3,0.7,0.0,0.0,10,0,7,0,0,3,10,0,0,0,3,1,0,0,0,3,1,0,8,99,0,0,0,1,1,46,27,21,4,19,1,0,0,0,62,1,3
E:\Siva_ood_projects\slf4j\slf4j-api\src\main\java\org\slf4j\helpers\BasicMarker.java,org.slf4j.helpers.BasicMarker,class,2,5,3,2,33,1,0,19,14,0.76388884,0.37878788,0.6818182,12,0,11,0,0,1,12,0,0,0,6,4,0,6,0,0,6,0,0,103,20,3,6,0,2,7,2,10,0,10,3,0,0,0,72,1,0
E:\Siva_ood_projects\slf4j\log4j-over-slf4j\src\main\java\org\apache\log4j\LogManager.java,org.apache.log4j.LogManager,class,3,5,2,3,7,1,0,4,21,0.0,0.0,0.0,7,7,7,0,0,0,7,0,0,0,0,0,0,0,0,0,0,0,3,21,5,0,0,0,0,1,0,0,0,0,0,0,0,0,84,1,0
E:\Siva_ood_projects\slf4j\slf4j-api\src\main\java\org\slf4j\spi\NOPLoggingEventBuilder.java,org.slf4j.spi.NOPLoggingEventBuilder,class,3,5,2,3,16,1,0,1,120,0.9375,0.0,0.0,16,1,15,1,0,0,15,0,0,0,1,1,0,0,0,1,1,0,6,44,9,0,0,0,0,0,0,1,0,1,0,0,0,0,60,1,0
E:\Siva_ood_projects\slf4j\slf4j-simple\src\test\java\org\slf4j\simple\multiThreadedExecution\MultithereadedExecutionTest.java,org.slf4j.simple.multiThreadedExecution.MultithereadedExecutionTest,class,6,6,0,6,5,1,0,4,3,0.72222227,0.0,0.0,3,0,3,0,0,0,3,0,0,0,6,2,0,4,0,2,4,0,3,67,0,0,2,0,0,0,8,11,0,8,1,0,2,0,54,1,0
E:\Siva_ood_projects\slf4j\slf4j-simple\src\test\java\org\slf4j\simple\multiThreadedExecution\StateCheckingPrintStream.java,org.slf4j.simple.multiThreadedExecution.StateCheckingPrintStream$State,enum,0,0,0,0,0,1,0,0,0,0.0,-1.0,-1.0,0,0,0,0,0,0,0,0,0,0,0,0,0,0,0,0,0,0,0,1,0,0,0,0,0,0,0,0,0,0,0,0,0,0,7,0,0
E:\Siva_ood_projects\slf4j\slf4j-ext\src\main\java\org\slf4j\instrumentation\ToStringHelper.java,org.slf4j.instrumentation.ToStringHelper,class,9,11,2,9,33,1,0,28,1,0.5,NaN,NaN,2,2,1,1,0,0,1,0,0,0,4,4,0,3,0,1,4,0,6,118,5,9,3,1,0,5,18,27,2,27,4,0,0,0,142,1,0
E:\Siva_ood_projects\slf4j\integration\src\test\java\org\slf4j\CompatibilityAssertionTest.java,org.slf4j.CompatibilityAssertionTest,class,6,6,0,6,3,1,0,10,1,0.5555556,0.0,0.0,3,0,3,0,0,0,3,0,0,0,3,0,0,0,0,3,0,0,3,19,0,0,0,0,0,1,4,6,2,6,0,0,0,0,24,1,1
E:\Siva_ood_projects\slf4j\slf4j-api\src\test\java\org\slf4j\LoggerFactoryTest.java,org.slf4j.LoggerFactoryTest$TestingProvider,innerclass,4,4,0,4,5,1,0,0,10,0.0,0.0,0.0,5,0,5,0,0,0,5,0,0,0,0,0,0,0,0,0,0,0,0,16,4,0,0,0,0,0,0,0,0,0,0,0,0,0,21,9,0
E:\Siva_ood_projects\slf4j\slf4j-ext\src\test\java\org\slf4j\profiler\NestedProfilerDemo.java,org.slf4j.profiler.NestedProfilerDemo,class,6,6,0,6,1,1,0,8,0,0.0,NaN,NaN,1,1,1,0,0,0,1,0,0,0,0,0,0,0,0,0,0,0,1,15,0,0,0,0,0,2,2,6,1,6,0,0,0,0,71,1,0
E:\Siva_ood_projects\slf4j\integration\src\test\java\org\slf4j\OldAPIVersionMismatchAssertionTest.java,org.slf4j.OldAPIVersionMismatchAssertionTest,class,7,7,0,7,3,1,0,10,1,0.5555556,0.33333334,0.33333334,3,0,3,0,0,0,3,0,0,0,3,0,0,0,0,3,0,0,4,23,0,0,0,0,0,2,5,8,2,8,0,0,0,0,40,1,1
E:\Siva_ood_projects\slf4j\log4j-over-slf4j\compatibility\src\main\java\test\Log4j12Calls.java,test.Log4j12Calls,class,5,7,2,5,1,3,0,8,0,0.0,NaN,NaN,1,0,1,0,0,0,1,0,0,0,1,1,1,0,0,0,1,0,3,12,0,0,0,0,0,9,0,1,0,1,0,0,0,0,34,1,5
E:\Siva_ood_projects\slf4j\integration\src\test\java\org\slf4j\OutputVerifier.java,org.slf4j.OutputVerifier,class,3,6,3,3,4,1,0,7,1,0.0,0.0,0.0,2,2,1,0,0,1,2,0,0,0,0,0,0,0,0,0,0,0,8,36,0,1,1,0,0,7,7,7,1,7,1,0,0,0,44,1,0
E:\Siva_ood_projects\slf4j\slf4j-api\src\test\java\org\slf4j\helpers\MDCAdapterTestBase.java,org.slf4j.helpers.MDCAdapterTestBase,class,6,9,3,6,12,1,2,18,0,0.2,0.7777778,0.7777778,10,0,8,1,1,0,9,0,0,0,1,0,0,0,1,0,0,0,0,78,1,0,1,1,0,40,0,4,1,4,1,0,1,3,66,1,0
E:\Siva_ood_projects\slf4j\integration\src\test\java\org\slf4j\StringPrintStream.java,org.slf4j.StringPrintStream,class,0,6,6,0,4,4,0,6,0,0.41666666,1.0,1.0,4,0,4,0,0,0,4,0,0,0,3,1,1,0,0,2,1,0,1,21,0,0,0,0,0,1,0,3,0,3,0,0,0,0,19,1,0
E:\Siva_ood_projects\slf4j\slf4j-api\src\main\java\org\slf4j\event\EventRecordingLogger.java,org.slf4j.event.EventRecordingLogger,class,5,9,4,5,10,3,0,14,10,0.73333335,0.3611111,0.3611111,9,0,7,0,2,0,9,0,0,0,5,2,0,1,0,4,2,0,2,48,7,0,1,0,0,0,1,6,0,6,1,0,0,0,75,1,0
E:\Siva_ood_projects\slf4j\slf4j-api\src\test\java\org\slf4j\helpers\BasicMDCAdapterTest.java,org.slf4j.helpers.BasicMDCAdapterTest,class,3,3,0,3,1,2,0,6,0,0.0,NaN,NaN,1,0,1,0,0,0,1,0,0,0,0,0,0,0,0,0,0,0,0,8,0,0,0,0,0,2,0,0,0,0,0,0,0,0,12,1,0
E:\Siva_ood_projects\slf4j\slf4j-jdk14\src\test\java\org\slf4j\jul\InvocationTest.java,org.slf4j.jul.InvocationTest,class,10,11,1,10,13,1,0,48,37,0.76666665,0.035714287,0.035714287,10,0,7,2,0,1,8,0,0,0,3,0,0,0,0,3,0,0,20,105,0,1,0,1,0,64,6,17,1,17,2,0,0,0,69,1,32
E:\Siva_ood_projects\slf4j\slf4j-jdk14\src\main\java\org\slf4j\jul\JDK14LoggerFactory.java,org.slf4j.jul.JDK14LoggerFactory,class,3,6,3,3,5,1,0,4,0,0.25,1.0,1.0,2,0,2,0,0,0,2,0,0,0,2,1,0,1,0,1,0,0,2,21,2,0,2,0,0,2,0,7,0,6,2,0,0,0,42,1,0
E:\Siva_ood_projects\slf4j\slf4j-simple\src\test\java\org\slf4j\simple\SimpleLoggerMultithreadedInitializationTest.java,org.slf4j.simple.SimpleLoggerMultithreadedInitializationTest,class,5,5,0,5,4,2,0,8,4,0.75,0.0,0.0,4,0,2,0,2,0,4,0,0,0,4,1,0,1,0,3,2,0,6,23,2,0,0,0,0,2,1,4,1,4,0,0,0,0,45,1,0
E:\Siva_ood_projects\slf4j\slf4j-api\src\main\java\org\slf4j\IMarkerFactory.java,org.slf4j.IMarkerFactory,interface,1,13,12,1,4,1,0,0,6,0.0,0.0,0.0,4,0,0,0,0,4,4,0,0,0,0,0,0,0,0,0,0,0,0,6,0,0,0,0,0,0,0,0,0,0,0,0,0,0,88,1,0
E:\Siva_ood_projects\slf4j\log4j-over-slf4j\src\main\java\org\apache\log4j\NDC.java,org.apache.log4j.NDC,class,2,4,2,2,15,1,0,5,25,0.5,0.22222222,0.22222222,10,10,10,0,0,0,10,0,0,0,1,1,1,0,0,0,1,0,11,61,7,2,3,0,0,5,6,15,7,15,2,0,0,0,42,1,0
E:\Siva_ood_projects\slf4j\slf4j-api\src\test\java\org\slf4j\helpers\SubstituteLoggerFactoryTest.java,org.slf4j.helpers.SubstituteLoggerFactoryTest,class,4,4,0,4,5,1,0,9,0,0.0,1.0,1.0,3,0,3,0,0,0,3,0,0,0,1,0,0,1,0,0,1,0,2,26,0,1,1,0,0,11,0,7,0,7,1,0,0,0,25,1,0
E:\Siva_ood_projects\slf4j\slf4j-jdk14\src\test\java\org\slf4j\jul\JDK14MultithreadedInitializationTest.java,org.slf4j.jul.JDK14MultithreadedInitializationTest,class,5,6,1,5,9,2,0,9,4,0.6,0.33333334,0.33333334,5,0,2,2,1,0,3,0,0,0,2,0,0,0,0,2,0,0,2,33,3,2,1,0,0,4,0,5,1,5,2,0,0,0,44,1,0
E:\Siva_ood_projects\slf4j\slf4j-ext\src\test\java\org\slf4j\profiler\SortAndPruneComposites.java,org.slf4j.profiler.SortAndPruneComposites,class,4,7,3,4,12,1,0,11,4,0.59999996,0.16666667,0.16666667,5,0,3,1,0,1,4,0,0,0,3,1,0,0,0,3,2,0,3,53,7,3,2,0,0,3,10,17,3,15,2,0,0,0,38,1,0
E:\Siva_ood_projects\slf4j\slf4j-api\src\main\java\org\slf4j\helpers\SubstituteServiceProvider.java,org.slf4j.helpers.SubstituteServiceProvider,class,7,9,2,7,6,1,0,0,13,0.77777773,0.06666667,0.06666667,6,0,6,0,0,0,6,0,0,0,3,0,0,3,0,0,3,0,0,22,4,0,0,0,0,0,0,3,0,3,0,0,0,0,27,1,0
E:\Siva_ood_projects\slf4j\slf4j-api\src\main\java\org\slf4j\helpers\ThreadLocalMapOfStacks.java,org.slf4j.helpers.ThreadLocalMapOfStacks,class,0,2,2,0,16,1,0,7,0,0.0,1.0,1.0,4,0,4,0,0,0,4,0,0,0,1,0,0,0,0,1,1,0,0,41,12,0,12,0,0,0,0,11,0,9,1,0,0,0,37,1,0
E:\Siva_ood_projects\slf4j\slf4j-simple\src\test\java\org\slf4j\simple\multiThreadedExecution\MultithereadedExecutionTest.java,org.slf4j.simple.multiThreadedExecution.MultithereadedExecutionTest$WithException,innerclass,3,3,0,3,3,1,0,2,0,0.0,NaN,NaN,1,0,1,0,0,0,1,0,0,0,2,0,0,0,0,2,0,0,1,18,1,1,0,1,0,2,1,4,1,3,2,0,0,0,12,0,1
E:\Siva_ood_projects\slf4j\slf4j-migrator\src\main\java\org\slf4j\migrator\line\JCLRuleSet.java,org.slf4j.migrator.line.JCLRuleSet,class,3,6,3,3,2,1,0,3,0,0.0,1.0,1.0,2,0,2,0,0,0,2,0,0,0,1,0,0,1,0,0,1,0,6,21,1,0,0,0,0,12,0,7,0,7,0,0,0,0,25,1,0
E:\Siva_ood_projects\slf4j\slf4j-ext\src\main\java\org\slf4j\cal10n\LocLogger.java,org.slf4j.cal10n.LocLogger,class,8,12,4,8,17,2,0,15,0,0.11111111,1.0,1.0,6,0,6,0,0,0,6,0,0,0,3,2,0,1,0,2,2,0,1,77,5,0,1,0,5,2,0,13,0,13,1,0,0,0,81,1,5
E:\Siva_ood_projects\slf4j\slf4j-api\src\test\java\org\slf4j\helpers\MessageFormatterTest.java,org.slf4j.helpers.MessageFormatterTest,class,7,7,0,7,12,1,0,11,0,0.5833333,0.8787879,1.0,12,0,12,0,0,0,12,0,0,0,6,0,0,0,0,6,0,0,81,213,0,0,0,0,0,138,27,91,0,27,1,1,0,0,86,1,0
E:\Siva_ood_projects\slf4j\slf4j-api\src\test\java\org\slf4j\basicTests\BasicMarkerTest.java,org.slf4j.basicTests.BasicMarkerTest,class,5,5,0,5,13,1,0,14,0,0.72222215,0.6060606,1.0,12,0,12,0,0,0,12,0,0,0,15,8,0,0,0,15,14,0,1,129,0,1,0,0,0,12,2,43,15,43,1,0,0,0,67,1,0
E:\Siva_ood_projects\slf4j\slf4j-api\src\main\java\org\slf4j\spi\SLF4JServiceProvider.java,org.slf4j.spi.SLF4JServiceProvider,interface,3,14,11,3,5,1,0,0,10,0.0,0.0,0.0,5,0,5,0,0,0,5,0,0,0,0,0,0,0,0,0,0,0,0,7,0,0,0,0,0,0,0,0,0,0,0,0,0,0,63,1,0
E:\Siva_ood_projects\slf4j\slf4j-ext\src\test\java\org\slf4j\profiler\RandomIntegerArrayGenerator.java,org.slf4j.profiler.RandomIntegerArrayGenerator,class,1,3,2,1,2,1,0,1,0,0.0,NaN,NaN,1,0,0,0,0,1,1,0,0,0,1,0,0,0,0,1,0,0,0,11,1,1,0,0,0,0,2,5,0,4,1,0,0,0,10,1,0
E:\Siva_ood_projects\slf4j\integration\src\test\java\org\slf4j\IncompatibleMultiBindingAssertionTest.java,org.slf4j.IncompatibleMultiBindingAssertionTest,class,7,8,1,7,5,1,0,10,4,0.6666667,0.0,0.0,4,0,3,0,0,1,4,0,0,0,3,0,0,0,0,3,0,0,3,31,0,0,0,1,1,8,8,6,2,6,1,0,0,0,50,1,1
E:\Siva_ood_projects\slf4j\log4j-over-slf4j\src\main\java\org\apache\log4j\WriterAppender.java,org.apache.log4j.WriterAppender,class,1,3,2,1,0,2,2,0,0,0.0,-1.0,-1.0,0,0,0,0,0,0,0,0,0,0,0,0,0,0,0,0,0,0,0,2,0,0,0,0,0,0,0,0,0,0,0,0,0,0,3,1,0
E:\Siva_ood_projects\slf4j\slf4j-simple\src\main\java\org\slf4j\simple\OutputChoice.java,org.slf4j.simple.OutputChoice$OutputChoiceType,enum,0,0,0,0,0,1,0,0,0,0.0,-1.0,-1.0,0,0,0,0,0,0,0,0,0,0,0,0,0,0,0,0,0,0,0,1,0,0,0,0,0,0,0,0,0,0,0,0,0,0,8,0,0
E:\Siva_ood_projects\slf4j\jcl-over-slf4j\src\main\java\org\apache\commons\logging\LogFactory.java,org.apache.commons.logging.LogFactory,class,3,7,4,3,23,1,1,6,175,0.96590906,0.121212125,0.121212125,22,14,13,0,9,0,22,7,0,0,12,12,7,0,3,2,8,0,3,68,5,0,1,0,2,20,0,12,9,12,1,0,0,0,292,1025,0
E:\Siva_ood_projects\slf4j\slf4j-jdk-platform-logging\src\test\java\org\slf4j\jdk\platform\logging\test\SLF4JPlatformLoggingTest.java,org.slf4j.jdk.platform.logging.test.SLF4JPlatformLoggingTest,class,5,5,0,5,5,1,0,18,0,0.74285716,0.2,0.2,5,2,5,0,0,0,5,0,0,0,7,7,0,0,0,7,5,0,6,42,0,0,0,0,0,15,10,13,3,13,0,0,0,0,87,1,0
E:\Siva_ood_projects\slf4j\slf4j-api\src\main\java\org\slf4j\helpers\Util.java,org.slf4j.helpers.Util$ClassContextSecurityManager,innerclass,0,0,0,0,1,2,0,1,0,0.0,NaN,NaN,1,0,0,0,1,0,1,0,0,0,0,0,0,0,0,0,0,0,0,5,1,0,0,0,0,0,0,0,0,0,0,0,0,0,21,26,0
E:\Siva_ood_projects\slf4j\slf4j-api\src\main\java\org\slf4j\ILoggerFactory.java,org.slf4j.ILoggerFactory,interface,1,18,17,1,1,1,0,0,0,0.0,NaN,NaN,1,0,1,0,0,0,1,0,0,0,0,0,0,0,0,0,0,0,0,3,0,0,0,0,0,0,0,0,0,0,0,0,0,0,61,1,0
E:\Siva_ood_projects\slf4j\slf4j-reload4j\src\test\java\org\slf4j\reload4j\RecursiveInitializationTest.java,org.slf4j.reload4j.RecursiveInitializationTest,class,4,4,0,4,2,1,0,5,0,0.33333334,1.0,1.0,2,0,2,0,0,0,2,0,0,0,3,1,0,0,0,3,0,0,3,13,0,0,0,0,0,5,1,4,1,4,0,0,0,0,24,1,1
E:\Siva_ood_projects\slf4j\slf4j-jdk14\src\test\java\org\slf4j\jul\FluentApiInvocationTest.java,org.slf4j.jul.FluentApiInvocationTest,class,8,9,1,8,15,1,0,26,14,0.71153843,0.5272727,0.5272727,13,0,10,2,0,1,11,0,0,0,4,0,0,0,0,4,0,0,2,96,1,1,0,0,0,29,18,23,0,23,2,0,0,2,55,1,11
E:\Siva_ood_projects\slf4j\slf4j-api\src\main\java\org\slf4j\helpers\Reporter.java,org.slf4j.helpers.Reporter,class,3,12,9,3,21,1,0,9,20,0.828125,0.2,0.2,8,8,4,3,0,1,5,0,3,0,8,8,2,3,0,3,8,0,12,72,10,1,2,0,1,11,0,10,5,10,2,0,2,0,118,1,0
E:\Siva_ood_projects\slf4j\slf4j-api\src\main\java\org\slf4j\helpers\SubstituteLogger.java,org.slf4j.helpers.SubstituteLogger,class,9,20,11,9,93,1,0,76,3035,0.9674503,0.0073260074,0.014985015,79,0,78,1,0,0,78,0,0,0,7,0,1,6,0,0,3,0,0,281,32,0,7,2,0,1,0,9,0,8,2,0,0,0,99,1,50
E:\Siva_ood_projects\slf4j\slf4j-api\src\main\java\org\slf4j\MarkerFactory.java,org.slf4j.MarkerFactory,class,6,16,10,6,6,1,0,5,0,0.0,0.5,0.5,4,3,3,1,0,0,4,0,0,0,1,1,0,0,0,1,0,0,3,25,3,0,1,0,0,2,0,3,0,2,1,0,0,0,80,1,2
E:\Siva_ood_projects\slf4j\slf4j-api\src\test\java\org\slf4j\basicTests\DoubleCheckedInt.java,org.slf4j.basicTests.DoubleCheckedInt,class,3,5,2,3,24,2,0,12,5,0.61904764,0.0,0.0,6,6,2,4,0,0,2,0,0,0,7,7,0,1,0,6,6,0,9,108,3,4,8,1,0,8,19,23,10,18,4,0,1,0,82,1,0
E:\Siva_ood_projects\slf4j\slf4j-migrator\src\main\java\org\slf4j\migrator\internal\ConversionTask.java,org.slf4j.migrator.internal.ConversionTask,class,4,5,1,4,3,1,0,4,1,0.33333334,0.33333334,0.33333334,3,0,2,0,0,1,3,0,0,0,3,0,0,0,0,3,3,0,0,21,0,0,0,0,0,0,0,6,0,6,0,0,0,0,22,1,0
E:\Siva_ood_projects\slf4j\slf4j-migrator\src\test\java\org\slf4j\migrator\FileConverterTest.java,org.slf4j.migrator.FileConverterTest,class,5,5,0,5,1,1,0,1,0,0.0,NaN,NaN,1,0,1,0,0,0,1,0,0,0,0,0,0,0,0,0,0,0,0,6,0,0,0,0,0,1,0,1,0,1,0,0,0,0,17,1,0
E:\Siva_ood_projects\slf4j\slf4j-jdk-platform-logging\src\main\java\org\slf4j\jdk\platform\logging\SLF4JSystemLoggerFinder.java,org.slf4j.jdk.platform.logging.SLF4JSystemLoggerFinder,class,2,2,0,2,1,2,0,1,0,0.0,NaN,NaN,1,0,1,0,0,0,1,0,0,0,1,0,0,0,0,1,1,0,0,7,1,0,0,0,0,0,0,2,0,2,0,0,0,0,21,1,0
E:\Siva_ood_projects\slf4j\slf4j-api\src\main\java\org\slf4j\helpers\BasicMarkerFactory.java,org.slf4j.helpers.BasicMarkerFactory,class,3,12,9,3,11,1,0,4,4,0.4,0.3,0.3,5,0,5,0,0,0,5,0,0,0,1,0,0,1,0,0,1,0,0,34,6,0,6,0,1,1,0,5,0,3,2,0,0,0,67,1,0
E:\Siva_ood_projects\slf4j\slf4j-jdk14\src\test\java\org\slf4j\issue\CallerInfoTest.java,org.slf4j.issue.CallerInfoTest,class,14,15,1,14,10,1,0,32,0,0.5833333,0.035714287,0.035714287,8,0,7,0,0,1,8,0,0,0,3,0,0,0,0,3,0,0,6,86,0,1,0,0,0,12,11,26,0,26,2,0,1,0,49,1,4
E:\Siva_ood_projects\slf4j\slf4j-ext\src\main\java\org\slf4j\profiler\ProfilerRegistry.java,org.slf4j.profiler.ProfilerRegistry,class,2,7,5,2,6,1,0,7,4,0.6,0.3,0.3,5,1,5,0,0,0,5,0,0,0,2,1,0,1,0,1,1,0,0,24,2,0,1,0,0,0,0,4,0,3,1,0,0,0,23,1,0
E:\Siva_ood_projects\slf4j\slf4j-migrator\src\test\java\org\slf4j\migrator\line\TrivialMatcherTest.java,org.slf4j.migrator.line.TrivialMatcherTest,class,3,4,1,3,1,1,0,2,0,0.0,NaN,NaN,1,0,1,0,0,0,1,0,0,0,0,0,0,0,0,0,0,0,0,7,0,0,0,0,0,4,0,1,0,1,0,0,0,0,22,1,0
E:\Siva_ood_projects\slf4j\log4j-over-slf4j\src\main\java\org\apache\log4j\MDC.java,org.apache.log4j.MDC,class,2,6,4,2,8,1,0,7,15,0.0,0.0,0.0,6,6,6,0,0,0,6,0,0,0,0,0,0,0,0,0,0,0,7,31,3,0,2,0,0,2,0,1,0,1,1,0,0,0,45,1,0
E:\Siva_ood_projects\slf4j\slf4j-api\src\main\java\org\slf4j\event\LoggingEvent.java,org.slf4j.event.LoggingEvent,interface,3,12,9,3,11,1,0,0,55,0.0,0.0,0.0,11,0,0,0,0,11,11,0,0,0,0,0,0,0,0,0,0,0,0,15,1,0,0,0,0,0,0,0,0,0,0,0,0,0,54,1,0
E:\Siva_ood_projects\slf4j\slf4j-ext\src\main\java\org\slf4j\profiler\Profiler.java,org.slf4j.profiler.Profiler,class,11,18,7,11,34,1,0,31,80,0.84615386,0.2631579,0.7017544,21,1,16,2,0,3,19,0,0,0,13,8,0,0,0,13,5,0,10,155,14,2,5,0,0,22,5,30,6,29,2,0,0,0,123,1,1
E:\Siva_ood_projects\slf4j\slf4j-nop\src\test\java\org\slf4j\nop\MultithreadedInitializationTest.java,org.slf4j.nop.MultithreadedInitializationTest$LoggerAccessingThread,innerclass,2,2,0,2,3,2,0,7,0,0.16666667,1.0,1.0,2,0,1,0,0,1,2,0,0,0,3,0,0,0,0,3,1,0,1,20,0,0,0,1,0,2,0,3,1,3,1,0,0,0,11,8,1
E:\Siva_ood_projects\slf4j\slf4j-migrator\src\test\java\org\slf4j\migrator\AternativeApproach.java,org.slf4j.migrator.AternativeApproach,class,3,4,1,3,5,3,0,12,10,0.0,0.0,0.0,5,0,5,0,0,0,5,0,0,0,0,0,0,0,0,0,0,0,30,81,0,0,0,0,0,36,1,43,0,32,0,0,0,0,78,1,0
E:\Siva_ood_projects\slf4j\slf4j-api\src\main\java\org\slf4j\helpers\BasicMDCAdapter.java,org.slf4j.helpers.BasicMDCAdapter,class,2,5,3,2,20,1,0,12,1,0.5,0.4909091,0.4909091,11,0,11,0,0,0,11,0,0,0,2,0,0,2,0,0,2,0,0,82,8,0,9,0,2,1,0,11,0,9,1,1,0,0,104,1,0
E:\Siva_ood_projects\slf4j\slf4j-api\src\test\java\org\slf4j\rule\BlaTest.java,org.slf4j.rule.BlaTest,class,5,5,0,5,4,1,0,4,6,1.0,0.0,0.0,4,0,4,0,0,0,4,0,0,0,1,0,1,0,0,0,0,0,4,16,0,0,0,0,0,4,1,1,4,1,0,0,0,0,17,1,0
E:\Siva_ood_projects\slf4j\integration\src\test\java\org\slf4j\test_osgi\FrameworkErrorListener.java,org.slf4j.test_osgi.FrameworkErrorListener,class,3,6,3,3,7,1,0,9,1,0.33333334,1.0,1.0,3,0,2,1,0,0,2,0,0,0,1,0,1,0,0,0,0,0,0,24,0,1,3,0,0,4,0,4,2,3,1,0,0,0,17,1,0
E:\Siva_ood_projects\slf4j\jcl-over-slf4j\src\main\java\org\apache\commons\logging\impl\SLF4JLocationAwareLog.java,org.apache.commons.logging.impl.SLF4JLocationAwareLog,class,5,8,3,5,32,1,0,15,0,0.575,0.9052632,1.0,20,0,19,0,1,0,20,0,0,0,4,2,0,3,1,0,3,0,13,92,7,0,0,0,0,0,1,5,0,5,1,0,0,0,93,1,0
E:\Siva_ood_projects\slf4j\slf4j-jdk-platform-logging\src\main\java\org\slf4j\jdk\platform\logging\SLF4JPlatformLoggerFactory.java,org.slf4j.jdk.platform.logging.SLF4JPlatformLoggerFactory,class,3,4,1,3,3,1,0,3,0,0.0,NaN,NaN,1,0,1,0,0,0,1,0,0,0,1,0,0,0,0,1,0,0,1,15,2,0,2,0,0,0,0,5,0,5,1,0,0,0,26,1,0
E:\Siva_ood_projects\slf4j\log4j-over-slf4j\src\main\java\org\apache\log4j\spi\ErrorHandler.java,org.apache.log4j.spi.ErrorHandler,class,0,1,1,0,0,1,0,0,0,0.0,-1.0,-1.0,0,0,0,0,0,0,0,0,0,0,0,0,0,0,0,0,0,0,0,2,0,0,0,0,0,0,0,0,0,0,0,0,0,0,13,1,0
E:\Siva_ood_projects\slf4j\slf4j-ext\src\main\java\org\slf4j\profiler\DurationUnit.java,org.slf4j.profiler.DurationUnit,enum,0,2,2,0,0,1,0,0,0,0.0,-1.0,-1.0,0,0,0,0,0,0,0,0,0,0,0,0,0,0,0,0,0,0,0,1,0,0,0,0,0,0,0,0,0,0,0,0,0,0,14,1,0
E:\Siva_ood_projects\slf4j\slf4j-migrator\src\main\java\org\slf4j\migrator\InplaceFileConverter.java,org.slf4j.migrator.InplaceFileConverter,class,5,8,3,5,11,1,0,18,7,0.6666667,1.0,1.0,6,0,0,4,0,2,2,0,0,0,4,1,0,0,0,4,4,0,1,61,2,3,2,0,1,1,5,18,1,17,2,0,0,0,54,1,0
E:\Siva_ood_projects\slf4j\slf4j-api\src\main\java\org\slf4j\event\DefaultLoggingEvent.java,org.slf4j.event.DefaultLoggingEvent,class,6,9,3,6,26,1,0,9,209,0.9090909,0.042105265,0.047368422,22,0,20,2,0,0,20,0,0,0,10,0,0,0,0,10,0,0,1,89,14,0,4,0,0,0,3,9,0,10,1,0,0,0,53,1,0
E:\Siva_ood_projects\slf4j\slf4j-migrator\src\test\java\org\slf4j\migrator\AllTest.java,org.slf4j.migrator.AllTest,class,6,6,0,6,0,1,0,0,0,0.0,-1.0,-1.0,0,0,0,0,0,0,0,0,0,0,0,0,0,0,0,0,0,0,0,2,0,0,0,0,0,0,0,0,0,0,0,0,0,0,2,1,0
E:\Siva_ood_projects\slf4j\slf4j-migrator\src\main\java\org\slf4j\migrator\line\RuleSet.java,org.slf4j.migrator.line.RuleSet,interface,1,10,9,1,1,1,0,0,0,0.0,NaN,NaN,1,0,0,0,0,1,1,0,0,0,0,0,0,0,0,0,0,0,0,3,0,0,0,0,0,0,0,0,0,0,0,0,0,0,3,1,0
E:\Siva_ood_projects\slf4j\slf4j-api\src\main\java\org\slf4j\Marker.java,org.slf4j.Marker,interface,1,35,34,1,10,1,0,0,45,1.0,0.0,0.0,10,0,10,0,0,0,10,0,0,0,2,0,2,0,0,0,2,0,0,14,0,0,0,0,0,2,0,2,0,2,0,0,0,0,145,1,0
E:\Siva_ood_projects\slf4j\slf4j-simple\src\test\java\org\slf4j\simple\multiThreadedExecution\MultithereadedExecutionTest.java,org.slf4j.simple.multiThreadedExecution.MultithereadedExecutionTest$Other,innerclass,3,3,0,3,3,1,0,2,0,0.0,NaN,NaN,1,0,1,0,0,0,1,0,0,0,2,0,0,0,0,2,0,0,1,17,1,1,0,1,0,1,1,4,0,3,2,0,0,0,11,0,1
E:\Siva_ood_projects\slf4j\slf4j-ext\src\test\java\org\slf4j\dummyExt\ListAppender.java,org.slf4j.dummyExt.ListAppender,class,2,4,2,2,4,2,0,2,3,0.6666667,0.0,0.0,3,0,2,0,1,0,3,0,0,0,2,0,2,0,0,0,1,0,0,15,1,0,0,0,0,0,0,2,0,2,1,0,0,0,15,1,0
E:\Siva_ood_projects\slf4j\slf4j-migrator\src\main\java\org\slf4j\migrator\helper\Abbreviator.java,org.slf4j.migrator.helper.Abbreviator,class,1,4,3,1,10,1,0,8,0,0.16666667,1.0,1.0,3,0,2,0,0,1,3,0,0,0,4,1,0,0,0,4,4,0,0,59,8,1,4,0,0,1,10,12,6,11,3,0,0,0,28,1,0
E:\Siva_ood_projects\slf4j\slf4j-api\src\main\java\org\slf4j\helpers\AbstractLogger.java,org.slf4j.helpers.AbstractLogger,class,6,12,6,6,110,1,1,19,1653,0.9913793,0.0,0.0,58,0,51,4,3,0,54,2,0,0,2,1,0,1,1,0,1,0,3,286,2,0,1,0,0,0,1,3,0,4,1,0,0,0,138,1025,0
E:\Siva_ood_projects\slf4j\jcl-over-slf4j\src\main\java\org\apache\commons\logging\LogConfigurationException.java,org.apache.commons.logging.LogConfigurationException,class,0,1,1,0,6,4,0,1,8,0.8,0.3,0.3,5,0,5,0,0,0,5,0,0,0,2,1,0,1,1,0,1,0,0,20,1,0,1,0,2,2,1,3,1,2,0,0,0,0,70,1,0
E:\Siva_ood_projects\slf4j\jul-to-slf4j\src\test\java\org\slf4j\bridge\ListAppender.java,org.slf4j.bridge.ListAppender,class,2,3,1,2,4,2,0,2,3,0.6666667,0.0,0.0,3,0,2,0,1,0,3,0,0,0,2,0,2,0,0,0,0,0,0,15,1,0,0,0,0,0,0,2,0,2,1,0,0,0,15,1,0
E:\Siva_ood_projects\slf4j\slf4j-api\src\main\java\org\slf4j\LoggerFactory.java,org.slf4j.LoggerFactory,class,11,59,48,11,74,1,0,81,311,0.9451853,0.083333336,0.083333336,27,26,3,18,0,6,9,0,3,0,25,25,1,2,0,22,22,0,69,305,18,8,12,5,0,57,12,69,22,61,3,0,0,1,316,17,30
E:\Siva_ood_projects\slf4j\log4j-over-slf4j\src\main\java\org\apache\log4j\BasicConfigurator.java,org.apache.log4j.BasicConfigurator,class,1,1,0,1,3,1,0,0,3,0.0,0.0,0.0,3,3,3,0,0,0,3,0,0,0,0,0,0,0,0,0,0,0,0,8,0,0,0,0,0,0,0,0,0,0,0,0,0,0,12,1,0
E:\Siva_ood_projects\slf4j\slf4j-ext\src\test\java\org\slf4j\cal10n_dummy\Production.java,org.slf4j.cal10n_dummy.Production,enum,3,3,0,3,0,1,0,0,0,0.0,-1.0,-1.0,0,0,0,0,0,0,0,0,0,0,0,0,0,0,0,0,0,0,0,1,0,0,0,0,0,3,0,0,0,0,0,0,0,0,16,1,0
E:\Siva_ood_projects\slf4j\slf4j-jdk14\src\test\java\org\slf4j\jul\JDK14AdapterLoggerNameTest.java,org.slf4j.jul.JDK14AdapterLoggerNameTest,class,7,8,1,7,8,2,0,15,0,0.71428573,0.5,0.5,7,0,4,3,0,0,4,0,0,0,5,1,0,1,0,4,0,0,4,50,0,1,0,0,0,5,1,9,1,9,1,0,1,0,37,1,2
E:\Siva_ood_projects\slf4j\slf4j-api\src\test\java\org\slf4j\basicTests\DoubleCheckedInt.java,org.slf4j.basicTests.DoubleCheckedInt$StateAccessingThread,innerclass,1,1,0,1,3,2,0,3,0,0.25,1.0,1.0,2,0,1,0,0,1,2,0,0,0,2,0,1,0,0,1,1,0,1,16,0,0,0,1,0,0,1,3,0,2,1,0,0,0,10,8,0
E:\Siva_ood_projects\slf4j\slf4j-jdk14\src\test\java\org\slf4j\jul\ListHandler.java,org.slf4j.jul.ListHandler,class,0,3,3,0,3,2,0,1,3,0.6666667,0.0,0.0,3,0,3,0,0,0,3,0,0,0,1,0,1,0,0,0,0,0,0,10,0,0,0,0,0,0,0,1,0,1,0,0,0,0,10,1,0
E:\Siva_ood_projects\slf4j\slf4j-migrator\src\main\java\org\slf4j\migrator\Main.java,org.slf4j.migrator.Main,class,1,1,0,1,1,1,0,4,0,0.0,NaN,NaN,1,1,1,0,0,0,1,0,0,0,0,0,0,0,0,0,0,0,1,11,0,0,0,0,0,1,0,1,0,1,1,0,0,1,20,1,0
E:\Siva_ood_projects\slf4j\log4j-over-slf4j\src\main\java\org\apache\log4j\Logger.java,org.apache.log4j.Logger,class,5,25,20,5,8,2,0,7,26,0.75,0.035714287,0.035714287,8,4,7,0,1,0,8,0,0,0,1,1,0,1,0,0,1,0,4,27,5,0,0,0,0,1,0,1,0,1,0,0,0,0,58,1,0
E:\Siva_ood_projects\slf4j\slf4j-ext\src\main\java\org\slf4j\profiler\TimeInstrumentStatus.java,org.slf4j.profiler.TimeInstrumentStatus,enum,0,3,3,0,0,1,0,0,0,0.0,-1.0,-1.0,0,0,0,0,0,0,0,0,0,0,0,0,0,0,0,0,0,0,0,1,0,0,0,0,0,0,0,0,0,0,0,0,0,0,22,0,0
E:\Siva_ood_projects\slf4j\slf4j-ext\src\test\java\org\slf4j\profiler\ProfilerTest.java,org.slf4j.profiler.ProfilerTest,class,7,9,2,7,10,1,0,18,28,0.875,0.0,0.0,8,0,4,3,0,1,5,0,0,0,1,0,0,0,0,1,0,0,2,72,0,1,0,1,0,14,12,9,0,9,1,0,0,0,31,1,0
E:\Siva_ood_projects\slf4j\slf4j-migrator\src\main\java\org\slf4j\migrator\FileSelector.java,org.slf4j.migrator.FileSelector,class,2,4,2,2,8,1,0,8,0,0.33333334,0.0,0.0,3,0,1,1,0,1,2,0,0,0,2,0,0,1,0,1,1,0,0,33,1,1,1,0,0,3,0,3,1,3,3,0,0,0,23,1,0
E:\Siva_ood_projects\slf4j\slf4j-reload4j\src\main\java\org\slf4j\reload4j\Reload4jServiceProvider.java,org.slf4j.reload4j.Reload4jServiceProvider,class,9,9,0,9,7,1,0,1,9,0.7083334,0.2,0.4,6,0,6,0,0,0,6,0,0,0,4,1,1,3,0,0,0,0,1,31,4,0,0,1,0,3,0,5,0,5,1,0,0,0,61,1,1
E:\Siva_ood_projects\slf4j\slf4j-jdk14\src\test\java\org\slf4j\issue\CallerInfoTest.java,org.slf4j.issue.CallerInfoTest$LoggingWrapper,innerclass,4,4,0,4,3,1,0,4,0,0.0,1.0,1.0,2,0,1,0,0,1,2,0,0,0,1,0,0,0,0,1,0,0,0,13,0,0,0,0,1,0,0,2,0,2,1,0,0,0,14,8,0
E:\Siva_ood_projects\slf4j\log4j-over-slf4j\src\main\java\org\apache\log4j\helpers\LogLog.java,org.apache.log4j.helpers.LogLog,class,0,0,0,0,20,1,0,3,0,0.71428573,0.6388889,0.7777778,8,8,8,0,0,0,9,0,0,0,7,7,2,4,1,0,5,0,0,50,4,0,3,0,0,5,0,9,6,7,2,0,0,0,112,1,0
E:\Siva_ood_projects\slf4j\slf4j-migrator\src\test\java\org\slf4j\migrator\helper\PackageTest.java,org.slf4j.migrator.helper.PackageTest,class,4,5,1,4,0,1,0,0,0,0.0,-1.0,-1.0,0,0,0,0,0,0,0,0,0,0,0,0,0,0,0,0,0,0,0,2,0,0,0,0,0,0,0,0,0,0,0,0,0,0,2,1,0
E:\Siva_ood_projects\slf4j\slf4j-simple\src\test\java\org\slf4j\simple\AcceptanceTest.java,org.slf4j.simple.AcceptanceTest,class,8,8,0,8,6,2,0,3,6,0.0,0.0,0.0,4,0,4,0,0,0,4,0,0,0,0,0,0,0,0,0,0,0,1,27,6,0,0,0,0,7,8,7,0,5,1,0,0,0,26,1,0
E:\Siva_ood_projects\slf4j\slf4j-jdk14\src\test\java\org\slf4j\issue\LoggerSerializationTest.java,org.slf4j.issue.LoggerSerializationTest,class,4,4,0,4,1,1,0,7,0,0.0,NaN,NaN,1,0,1,0,0,0,1,0,0,0,0,0,0,0,0,0,0,0,0,27,0,0,0,0,0,1,0,8,0,7,0,0,1,0,43,1,1
E:\Siva_ood_projects\slf4j\slf4j-simple\src\test\java\org\slf4j\simple\SimpleLoggerTest.java,org.slf4j.simple.SimpleLoggerTest,class,6,7,1,6,13,1,0,22,64,0.78846157,0.07575758,0.15151516,13,0,12,1,0,0,12,0,0,0,4,0,0,0,0,4,0,0,20,83,0,0,0,0,0,23,0,16,3,16,0,0,0,0,60,1,3
E:\Siva_ood_projects\slf4j\slf4j-reload4j\src\test\java\org\slf4j\reload4j\testHarness\RecursiveAppender.java,org.slf4j.reload4j.testHarness.RecursiveAppender,class,4,5,1,4,9,2,0,9,13,0.78571427,0.1904762,0.2857143,7,0,6,0,1,0,7,0,0,0,4,0,1,0,0,3,0,0,3,42,2,0,0,1,0,8,2,7,1,6,2,0,0,0,33,1,3
E:\Siva_ood_projects\slf4j\slf4j-api\src\test\java\org\slf4j\LoggerFactoryTest.java,org.slf4j.LoggerFactoryTest,class,6,6,0,6,6,1,0,10,0,0.44444445,0.6666667,1.0,6,0,6,0,0,0,6,0,0,0,3,0,0,2,0,1,1,0,10,51,0,0,0,0,0,7,0,5,0,5,0,0,1,0,50,1,0
E:\Siva_ood_projects\slf4j\log4j-over-slf4j\compatibility\src\main\java\test\DummyObject.java,test.DummyObject,class,0,1,1,0,1,1,0,0,0,0.0,NaN,NaN,1,0,1,0,0,0,1,0,0,0,0,0,0,0,0,0,0,0,0,5,1,0,0,0,0,1,0,0,0,0,0,0,0,0,4,1,0
E:\Siva_ood_projects\slf4j\slf4j-api\src\test\java\org\slf4j\basicTests\NoBindingMultithreadedInitializationTest.java,org.slf4j.basicTests.NoBindingMultithreadedInitializationTest,class,4,4,0,4,3,2,0,4,3,1.0,0.0,0.0,3,0,2,0,1,0,3,0,0,0,1,0,0,0,0,1,1,0,2,12,1,0,0,0,0,0,0,1,0,1,0,0,0,0,33,1,0
E:\Siva_ood_projects\slf4j\slf4j-simple\src\test\java\org\slf4j\simple\DetectLoggerNameMismatchTest.java,org.slf4j.simple.ShapeBase,class,2,3,1,2,0,1,1,2,0,NaN,-1.0,-1.0,0,0,0,0,0,0,0,0,0,0,1,0,1,0,0,0,0,0,1,3,0,0,0,0,0,0,0,1,0,1,0,0,0,0,6,0,0
E:\Siva_ood_projects\slf4j\integration\src\test\java\org\slf4j\test_osgi\CheckingBundleListener.java,org.slf4j.test_osgi.CheckingBundleListener,class,4,7,3,4,7,1,0,8,0,0.25,1.0,1.0,4,0,2,1,0,1,3,0,0,0,1,0,0,0,0,1,0,0,0,24,2,2,0,0,0,6,0,2,3,2,2,0,0,0,19,1,0
E:\Siva_ood_projects\slf4j\slf4j-migrator\src\main\java\org\slf4j\migrator\line\JULRuleSet.java,org.slf4j.migrator.line.JULRuleSet,class,3,4,1,3,2,1,0,3,0,0.0,1.0,1.0,2,0,2,0,0,0,2,0,0,0,1,0,0,1,0,0,1,0,7,23,1,0,0,0,0,16,0,8,0,8,0,0,0,0,29,1,0
E:\Siva_ood_projects\slf4j\integration\src\test\java\org\slf4j\test_osgi\BundleTest.java,org.slf4j.test_osgi.BundleTest,class,5,5,0,5,4,3,0,12,1,0.5555556,0.33333334,0.33333334,3,0,1,0,2,0,3,0,0,0,3,0,0,0,0,3,0,0,2,22,0,0,1,0,0,3,2,3,1,3,1,0,0,0,23,1,0
E:\Siva_ood_projects\slf4j\slf4j-jdk14\src\main\java\org\slf4j\jul\JULServiceProvider.java,org.slf4j.jul.JULServiceProvider,class,7,7,0,7,5,1,0,0,4,0.65,0.3,0.6,5,0,5,0,0,0,5,0,0,0,4,1,1,3,0,0,0,0,0,23,4,0,0,0,0,1,0,4,0,4,0,0,0,0,49,1,0
E:\Siva_ood_projects\slf4j\slf4j-migrator\src\main\java\org\slf4j\migrator\internal\MigratorFrame.java,org.slf4j.migrator.internal.MigratorFrame,class,3,8,5,3,45,6,0,66,162,0.8847999,0.2857143,0.2857143,25,0,3,18,0,4,7,0,0,0,25,8,0,19,0,6,10,0,1,256,4,1,4,1,2,40,31,38,11,36,3,0,0,0,173,1,0
E:\Siva_ood_projects\slf4j\slf4j-api\src\main\java\org\slf4j\helpers\MarkerIgnoringBase.java,org.slf4j.helpers.MarkerIgnoringBase,class,3,3,0,3,31,2,0,33,465,1.0,0.0,0.0,31,0,31,0,0,0,31,0,0,0,1,1,0,1,0,0,1,0,0,96,6,0,0,0,0,2,1,1,1,1,0,0,0,0,62,1025,0
E:\Siva_ood_projects\slf4j\slf4j-api\src\test\java\org\slf4j\rule\RunInNewThreadStatement.java,org.slf4j.rule.RunInNewThreadStatement,class,1,2,1,1,5,2,0,4,0,0.33333334,1.0,1.0,3,0,2,0,0,1,3,0,0,0,3,0,0,0,0,3,2,0,0,26,0,0,1,1,0,1,0,4,1,4,1,0,0,0,16,1,0
E:\Siva_ood_projects\slf4j\slf4j-ext\src\main\java\org\slf4j\NDC.java,org.slf4j.NDC,class,2,4,2,2,6,1,0,4,0,0.0,1.0,1.0,3,3,2,1,0,0,2,0,0,0,1,1,1,0,0,0,1,0,6,31,3,1,2,0,0,2,3,8,4,8,2,0,0,0,19,1,0
E:\Siva_ood_projects\slf4j\slf4j-api\src\test\java\org\slf4j\helpers\MDCAdapterTestBase.java,org.slf4j.helpers.MDCAdapterTestBase$RecordingExceptionHandler,innerclass,0,0,0,0,5,1,0,1,0,0.0,1.0,1.0,3,0,1,0,0,2,3,0,0,0,1,0,0,1,0,0,0,0,0,12,2,0,2,0,0,1,0,1,0,1,0,0,0,0,21,10,0
E:\Siva_ood_projects\slf4j\slf4j-migrator\src\main\java\org\slf4j\migrator\RuleSetFactory.java,org.slf4j.migrator.RuleSetFactory,class,5,6,1,5,5,1,0,0,0,0.0,NaN,NaN,1,1,1,0,0,0,1,0,0,0,0,0,0,0,0,0,0,0,0,16,5,0,0,0,0,0,0,0,0,0,1,0,0,0,36,1025,0
E:\Siva_ood_projects\slf4j\log4j-over-slf4j\src\main\java\org\apache\log4j\Log4jLoggerFactory.java,org.apache.log4j.Log4jLoggerFactory,class,2,5,3,2,6,1,0,3,0,0.0,1.0,1.0,2,2,2,0,0,0,2,0,0,0,1,1,0,1,0,0,1,0,0,25,4,0,4,0,0,0,0,7,0,7,1,0,0,0,39,0,0
E:\Siva_ood_projects\slf4j\slf4j-ext\src\main\java\org\slf4j\agent\AgentPremain.java,org.slf4j.agent.AgentPremain,class,2,3,1,2,9,1,0,18,3,0.0,NaN,NaN,3,3,1,2,0,0,1,0,0,0,0,0,0,0,0,0,0,0,5,45,1,0,1,1,0,8,0,13,3,9,2,0,0,1,111,1,0
E:\Siva_ood_projects\slf4j\slf4j-simple\src\test\java\org\slf4j\simple\DetectLoggerNameMismatchTest.java,org.slf4j.simple.Square,class,1,2,1,1,0,2,0,0,0,0.0,-1.0,-1.0,0,0,0,0,0,0,0,0,0,0,0,0,0,0,0,0,0,0,0,2,0,0,0,0,0,0,0,0,0,0,0,0,0,0,3,0,0
E:\Siva_ood_projects\slf4j\log4j-over-slf4j\src\test\java\org\apache\log4j\test\Trivial.java,org.apache.log4j.test.Trivial,class,3,3,0,3,1,3,0,13,0,0.0,NaN,NaN,1,0,1,0,0,0,1,0,0,0,0,0,0,0,0,0,0,0,1,18,0,0,0,0,0,14,0,2,0,2,0,0,0,0,9,1,10
E:\Siva_ood_projects\slf4j\slf4j-api\src\main\java\org\slf4j\event\KeyValuePair.java,org.slf4j.event.KeyValuePair,class,1,6,5,1,7,1,0,4,0,0.0,1.0,1.0,4,0,4,0,0,0,4,0,0,0,2,0,2,0,0,0,2,0,5,20,5,0,3,0,0,2,0,3,1,3,1,0,0,0,18,1,0
E:\Siva_ood_projects\slf4j\slf4j-ext\src\test\java\org\slf4j\NDCTest.java,org.slf4j.NDCTest,class,4,4,0,4,4,1,0,4,6,0.0,0.0,0.0,4,0,4,0,0,0,4,0,0,0,0,0,0,0,0,0,0,0,8,21,0,0,0,0,0,7,0,3,0,3,0,0,0,0,16,1,0
E:\Siva_ood_projects\slf4j\log4j-over-slf4j\src\main\java\org\apache\log4j\PropertyConfigurator.java,org.apache.log4j.PropertyConfigurator,class,2,2,0,2,8,1,0,0,28,0.0,0.0,0.0,8,5,8,0,0,0,8,0,0,0,0,0,0,0,0,0,0,0,0,18,0,0,0,0,0,0,0,0,0,0,0,0,0,0,23,1,0
E:\Siva_ood_projects\slf4j\slf4j-migrator\src\test\java\org\slf4j\migrator\line\JCLRuleSetTest.java,org.slf4j.migrator.line.JCLRuleSetTest,class,3,4,1,3,5,1,0,2,0,0.0,1.0,1.0,5,0,5,0,0,0,5,0,0,0,1,0,0,0,0,1,0,0,0,38,0,0,0,0,0,50,0,1,0,1,0,0,0,0,28,1,0
E:\Siva_ood_projects\slf4j\slf4j-api\src\main\java\org\slf4j\spi\MarkerFactoryBinder.java,org.slf4j.spi.MarkerFactoryBinder,interface,1,1,0,1,2,1,0,0,1,0.0,0.0,0.0,2,0,2,0,0,0,2,0,0,0,0,0,0,0,0,0,0,0,0,4,0,0,0,0,0,0,0,0,0,0,0,0,0,0,51,1,0
E:\Siva_ood_projects\slf4j\slf4j-migrator\src\test\java\org\slf4j\migrator\ProjectConverterTest.java,org.slf4j.migrator.ProjectConverterTest,class,4,4,0,4,2,1,0,1,1,0.0,0.0,0.0,2,0,2,0,0,0,2,0,0,0,0,0,0,0,0,0,0,0,0,9,0,0,0,0,0,1,0,2,0,2,0,0,0,0,16,1,0
E:\Siva_ood_projects\slf4j\slf4j-simple\src\main\java\org\slf4j\simple\OutputChoice.java,org.slf4j.simple.OutputChoice,class,1,4,3,1,11,1,0,0,0,0.0,1.0,1.0,3,0,0,0,0,3,3,0,0,0,2,0,0,0,0,2,2,0,0,38,3,0,3,0,0,0,0,6,0,2,1,0,1,0,28,0,0
E:\Siva_ood_projects\slf4j\slf4j-api\src\main\java\org\slf4j\spi\LocationAwareLogger.java,org.slf4j.spi.LocationAwareLogger,interface,2,13,11,2,1,1,0,0,0,1.0,NaN,NaN,1,0,1,0,0,0,1,0,0,0,5,0,5,0,0,0,5,0,0,8,0,0,0,0,0,0,5,5,0,5,0,0,0,0,93,1,0
E:\Siva_ood_projects\slf4j\slf4j-nop\src\test\java\org\slf4j\nop\MultithreadedInitializationTest.java,org.slf4j.nop.MultithreadedInitializationTest,class,9,10,1,9,7,5,0,15,2,0.6785714,0.0,0.0,4,1,3,1,0,0,3,0,0,0,7,2,0,2,0,5,4,0,7,83,1,3,0,0,0,5,9,14,6,13,1,0,2,0,47,1,2
E:\Siva_ood_projects\slf4j\slf4j-ext\src\test\java\org\slf4j\instrumentation\ToStringHelperTest.java,org.slf4j.instrumentation.ToStringHelperTest,class,9,9,0,9,1,1,0,2,0,0.0,NaN,NaN,1,0,1,0,0,0,1,0,0,0,0,0,0,0,0,0,0,0,17,21,0,0,0,0,0,48,24,0,0,0,0,0,0,0,9,1,0
E:\Siva_ood_projects\slf4j\slf4j-migrator\src\main\java\org\slf4j\migrator\line\EmptyRuleSet.java,org.slf4j.migrator.line.EmptyRuleSet,class,2,4,2,2,1,1,0,1,0,0.0,NaN,NaN,1,0,1,0,0,0,1,0,0,0,1,0,0,0,0,1,0,0,0,6,1,0,0,0,0,0,0,1,0,1,0,0,0,0,5,1,0
E:\Siva_ood_projects\slf4j\log4j-over-slf4j\src\main\java\org\apache\log4j\xml\DOMConfigurator.java,org.apache.log4j.xml.DOMConfigurator,class,3,3,0,3,11,1,0,0,55,0.0,0.0,0.0,11,6,11,0,0,0,11,0,0,0,0,0,0,0,0,0,0,0,0,25,1,0,0,0,0,0,0,0,0,0,0,0,0,0,32,1,0
E:\Siva_ood_projects\slf4j\slf4j-api\src\main\java\org\slf4j\MDC.java,org.slf4j.MDC$MDCCloseable,innerclass,1,1,0,1,2,1,0,1,0,0.0,NaN,NaN,2,0,1,1,0,0,1,0,0,0,1,0,0,1,0,0,1,0,1,9,0,0,0,0,0,0,0,1,0,1,0,0,0,0,12,9,0
E:\Siva_ood_projects\slf4j\slf4j-api\src\main\java\org\slf4j\spi\LoggingEventAware.java,org.slf4j.spi.LoggingEventAware,interface,1,3,2,1,1,1,0,0,0,0.0,NaN,NaN,1,0,0,0,0,1,1,0,0,0,0,0,0,0,0,0,0,0,0,3,0,0,0,0,0,0,0,0,0,0,0,0,0,0,54,1,0
E:\Siva_ood_projects\slf4j\log4j-over-slf4j\src\main\java\org\apache\log4j\Appender.java,org.apache.log4j.Appender,interface,4,8,4,4,12,1,0,0,66,0.0,0.0,0.0,12,0,11,0,0,1,12,0,0,0,0,0,0,0,0,0,0,0,0,14,0,0,0,0,0,0,0,0,0,0,0,0,0,0,126,1,0
E:\Siva_ood_projects\slf4j\slf4j-migrator\src\test\java\org\slf4j\migrator\line\TrivialMatcher.java,org.slf4j.migrator.line.TrivialMatcher,class,4,5,1,4,2,1,0,4,0,0.0,1.0,1.0,2,0,2,0,0,0,2,0,0,0,1,0,0,1,0,0,1,0,2,15,1,0,0,0,0,5,2,3,0,3,0,0,0,0,23,0,0
E:\Siva_ood_projects\slf4j\slf4j-ext\src\main\java\org\slf4j\ext\XLogger.java,org.slf4j.ext.XLogger$Level,enum,0,0,0,0,3,1,0,0,0,0.33333334,0.0,0.0,3,0,2,1,0,0,2,0,0,0,2,0,0,2,0,0,2,0,0,13,2,0,0,0,0,5,0,2,0,2,0,0,0,0,22,1,0
E:\Siva_ood_projects\slf4j\jcl-over-slf4j\src\test\java\org\apache\commons\logging\test\InvokeJCLTest.java,org.apache.commons.logging.test.InvokeJCLTest,class,5,6,1,5,3,1,0,22,3,0.0,0.0,0.0,3,0,3,0,0,0,3,0,0,0,0,0,0,0,0,0,0,0,3,78,0,0,0,0,0,20,6,11,0,11,0,0,1,0,34,1,30
E:\Siva_ood_projects\slf4j\log4j-over-slf4j\src\main\java\org\apache\log4j\spi\HierarchyEventListener.java,org.apache.log4j.spi.HierarchyEventListener,interface,2,3,1,2,2,1,0,0,1,0.0,0.0,0.0,2,0,2,0,0,0,2,0,0,0,0,0,0,0,0,0,0,0,0,4,0,0,0,0,0,0,0,0,0,0,0,0,0,0,18,1,0
E:\Siva_ood_projects\slf4j\log4j-over-slf4j\compatibility\src\main\java\test\LoggerTest.java,test.LoggerTest,class,13,14,1,13,6,3,0,37,0,0.375,1.0,1.0,6,0,6,0,0,0,6,0,0,0,4,0,0,0,0,4,0,0,29,116,0,0,0,0,0,24,22,14,0,8,0,0,0,0,52,1,20
E:\Siva_ood_projects\slf4j\slf4j-migrator\src\main\java\org\slf4j\migrator\ProjectConverter.java,org.slf4j.migrator.ProjectConverter,class,8,11,3,8,13,1,0,15,7,0.61904764,0.2,0.2,7,1,5,2,0,0,5,0,0,0,3,0,0,2,0,1,1,0,2,56,0,2,3,1,0,0,0,8,0,7,2,0,0,1,70,1,0
E:\Siva_ood_projects\slf4j\slf4j-migrator\src\main\java\org\slf4j\migrator\line\LineConverter.java,org.slf4j.migrator.line.LineConverter,class,3,9,6,3,9,1,0,11,2,0.5,0.33333334,0.5,4,0,4,0,0,0,4,0,0,0,2,0,0,0,0,2,1,0,1,45,4,1,3,0,0,1,2,12,1,9,3,0,0,0,53,1,0
E:\Siva_ood_projects\slf4j\integration\src\test\java\org\slf4j\NoProviderAssertionTest.java,org.slf4j.NoProviderAssertionTest,class,7,7,0,7,3,1,0,6,1,0.5555556,0.33333334,0.33333334,3,0,3,0,0,0,3,0,0,0,3,0,0,0,0,3,0,0,4,17,0,0,0,0,0,1,2,5,2,5,0,0,0,0,21,1,1
E:\Siva_ood_projects\slf4j\log4j-over-slf4j\src\main\java\org\apache\log4j\spi\LoggingEvent.java,org.apache.log4j.spi.LoggingEvent,class,0,12,12,0,0,1,0,0,0,0.0,-1.0,-1.0,0,0,0,0,0,0,0,0,0,0,0,0,0,0,0,0,0,0,0,2,0,0,0,0,0,0,0,0,0,0,0,0,0,0,2,1,0
E:\Siva_ood_projects\slf4j\jcl-over-slf4j\src\main\java\org\apache\commons\logging\impl\SLF4JLogFactory.java,org.apache.commons.logging.impl.SLF4JLogFactory,class,8,10,2,8,14,2,0,16,6,0.6666667,0.25,0.25,8,0,8,0,0,0,8,0,0,0,3,1,1,0,1,1,1,0,1,60,5,2,3,0,3,7,1,13,1,11,2,0,0,0,173,1,0
E:\Siva_ood_projects\slf4j\integration\src\test\java\org\slf4j\MultiBindingAssertionTest.java,org.slf4j.MultiBindingAssertionTest,class,7,8,1,7,4,1,0,9,4,0.6666667,0.0,0.0,4,0,3,0,0,1,4,0,0,0,3,0,0,0,0,3,0,0,3,25,0,0,0,0,1,6,7,6,2,6,0,0,0,0,39,1,1
E:\Siva_ood_projects\slf4j\slf4j-api\src\test\java\org\slf4j\testHarness\MultithreadedInitializationTest.java,org.slf4j.testHarness.MultithreadedInitializationTest,class,7,12,5,7,12,1,4,20,6,0.70000005,0.0,0.0,5,0,1,2,2,0,3,1,0,0,4,1,0,2,2,0,4,0,3,42,2,3,0,0,0,7,8,14,8,13,3,0,0,0,62,1025,1
E:\Siva_ood_projects\slf4j\slf4j-api\src\main\java\org\slf4j\LoggerFactoryFriend.java,org.slf4j.LoggerFactoryFriend,class,1,5,4,1,2,1,0,1,1,0.0,0.0,0.0,2,2,2,0,0,0,2,0,0,0,0,0,0,0,0,0,0,0,1,8,0,0,0,0,0,0,0,1,0,0,0,0,0,0,38,1,0
E:\Siva_ood_projects\slf4j\slf4j-reload4j\src\test\java\org\slf4j\reload4j\ListAppender.java,org.slf4j.reload4j.ListAppender,class,2,4,2,2,4,2,0,2,3,0.6666667,0.0,0.0,3,0,2,0,1,0,3,0,0,0,2,0,2,0,0,0,0,0,0,15,1,0,0,0,0,0,0,2,0,2,1,0,0,0,15,1,0
E:\Siva_ood_projects\slf4j\jcl-over-slf4j\src\main\java\org\apache\commons\logging\Log.java,org.apache.commons.logging.Log,interface,0,8,8,0,18,1,0,0,153,0.0,0.0,0.0,18,0,18,0,0,0,18,0,0,0,0,0,0,0,0,0,0,0,0,20,0,0,0,0,0,0,0,0,0,0,0,0,0,0,128,1,0
E:\Siva_ood_projects\slf4j\log4j-over-slf4j\src\main\java\org\apache\log4j\PatternLayout.java,org.apache.log4j.PatternLayout,class,1,2,1,1,2,2,0,0,1,0.0,0.0,0.0,2,0,2,0,0,0,2,0,0,0,0,0,0,0,0,0,0,0,0,8,0,0,0,0,0,0,0,0,0,0,0,0,0,0,15,1,0
E:\Siva_ood_projects\slf4j\log4j-over-slf4j\src\main\java\org\apache\log4j\spi\LoggerRepository.java,org.apache.log4j.spi.LoggerRepository,interface,6,9,3,6,15,1,0,0,105,0.0,0.0,0.0,15,0,14,0,0,1,15,4,0,0,0,0,0,0,0,0,0,0,0,17,0,0,0,0,0,2,0,0,0,0,0,0,0,0,106,1,0
E:\Siva_ood_projects\slf4j\slf4j-ext\src\main\java\org\slf4j\instrumentation\JavassistHelper.java,org.slf4j.instrumentation.JavassistHelper,class,7,9,2,7,17,1,0,22,6,0.0,0.0,0.0,4,4,2,1,0,1,3,0,0,0,0,0,0,0,0,0,0,0,3,77,6,2,5,1,1,13,6,23,4,20,3,0,0,0,99,1,0
E:\Siva_ood_projects\slf4j\slf4j-ext\src\test\java\org\slf4j\cal10n_dummy\LocLoggerTest.java,org.slf4j.cal10n_dummy.LocLoggerTest,class,11,13,2,11,3,1,0,12,1,0.6666667,0.0,0.0,3,0,2,0,0,1,3,0,0,0,5,1,0,0,0,5,1,0,1,23,0,0,0,0,0,2,1,7,0,6,0,0,0,0,41,1,1
E:\Siva_ood_projects\slf4j\slf4j-migrator\src\test\java\org\slf4j\migrator\PackageTest.java,org.slf4j.migrator.PackageTest,class,4,5,1,4,0,1,0,0,0,0.0,-1.0,-1.0,0,0,0,0,0,0,0,0,0,0,0,0,0,0,0,0,0,0,0,2,0,0,0,0,0,0,0,0,0,0,0,0,0,0,2,1,0
