file,class,method,variable,usage
E:\Siva_ood_projects\spring-boot-examples\spring-boot-jpa\spring-boot-multi-Jpa\src\main\java\com\neo\config\PrimaryConfig.java,com.neo.config.PrimaryConfig,entityManagerFactoryPrimary/1[com.neo.config.EntityManagerFactoryBuilder],primaryDataSource,1
E:\Siva_ood_projects\spring-boot-examples\spring-boot-jpa\spring-boot-multi-Jpa\src\main\java\com\neo\config\PrimaryConfig.java,com.neo.config.PrimaryConfig,entityManagerFactoryPrimary/1[com.neo.config.EntityManagerFactoryBuilder],vendorProperties,1
E:\Siva_ood_projects\spring-boot-examples\spring-boot-rabbitmq\src\main\java\com\neo\rabbit\many\NeoSender2.java,com.neo.rabbit.many.NeoSender2,send/1[int],rabbitTemplate,1
E:\Siva_ood_projects\spring-boot-examples\spring-boot-mail\src\main\java\com\neo\service\impl\MailServiceImpl.java,com.neo.service.impl.MailServiceImpl,"sendSimpleMail/3[java.lang.String,java.lang.String,java.lang.String]",logger,2
E:\Siva_ood_projects\spring-boot-examples\spring-boot-mail\src\main\java\com\neo\service\impl\MailServiceImpl.java,com.neo.service.impl.MailServiceImpl,"sendSimpleMail/3[java.lang.String,java.lang.String,java.lang.String]",mailSender,1
E:\Siva_ood_projects\spring-boot-examples\spring-boot-mail\src\main\java\com\neo\service\impl\MailServiceImpl.java,com.neo.service.impl.MailServiceImpl,"sendSimpleMail/3[java.lang.String,java.lang.String,java.lang.String]",from,1
E:\Siva_ood_projects\spring-boot-examples\spring-boot-mail\src\main\java\com\neo\service\impl\MailServiceImpl.java,com.neo.service.impl.MailServiceImpl,"sendInlineResourceMail/5[java.lang.String,java.lang.String,java.lang.String,java.lang.String,java.lang.String]",logger,2
E:\Siva_ood_projects\spring-boot-examples\spring-boot-mail\src\main\java\com\neo\service\impl\MailServiceImpl.java,com.neo.service.impl.MailServiceImpl,"sendInlineResourceMail/5[java.lang.String,java.lang.String,java.lang.String,java.lang.String,java.lang.String]",mailSender,2
E:\Siva_ood_projects\spring-boot-examples\spring-boot-mail\src\main\java\com\neo\service\impl\MailServiceImpl.java,com.neo.service.impl.MailServiceImpl,"sendInlineResourceMail/5[java.lang.String,java.lang.String,java.lang.String,java.lang.String,java.lang.String]",from,1
E:\Siva_ood_projects\spring-boot-examples\spring-boot-mail\src\main\java\com\neo\service\impl\MailServiceImpl.java,com.neo.service.impl.MailServiceImpl,"sendHtmlMail/3[java.lang.String,java.lang.String,java.lang.String]",logger,2
E:\Siva_ood_projects\spring-boot-examples\spring-boot-mail\src\main\java\com\neo\service\impl\MailServiceImpl.java,com.neo.service.impl.MailServiceImpl,"sendHtmlMail/3[java.lang.String,java.lang.String,java.lang.String]",mailSender,2
E:\Siva_ood_projects\spring-boot-examples\spring-boot-mail\src\main\java\com\neo\service\impl\MailServiceImpl.java,com.neo.service.impl.MailServiceImpl,"sendHtmlMail/3[java.lang.String,java.lang.String,java.lang.String]",from,1
E:\Siva_ood_projects\spring-boot-examples\spring-boot-mail\src\main\java\com\neo\service\impl\MailServiceImpl.java,com.neo.service.impl.MailServiceImpl,"sendAttachmentsMail/4[java.lang.String,java.lang.String,java.lang.String,java.lang.String]",logger,2
E:\Siva_ood_projects\spring-boot-examples\spring-boot-mail\src\main\java\com\neo\service\impl\MailServiceImpl.java,com.neo.service.impl.MailServiceImpl,"sendAttachmentsMail/4[java.lang.String,java.lang.String,java.lang.String,java.lang.String]",mailSender,2
E:\Siva_ood_projects\spring-boot-examples\spring-boot-mail\src\main\java\com\neo\service\impl\MailServiceImpl.java,com.neo.service.impl.MailServiceImpl,"sendAttachmentsMail/4[java.lang.String,java.lang.String,java.lang.String,java.lang.String]",from,1
E:\Siva_ood_projects\spring-boot-examples\1.x\spring-boot-web\src\test\java\com\neo\web\HelloControlerTests.java,com.neo.web.HelloControlerTests,setUp/0,mvc,1
E:\Siva_ood_projects\spring-boot-examples\1.x\spring-boot-web\src\test\java\com\neo\web\HelloControlerTests.java,com.neo.web.HelloControlerTests,getHello/0,mvc,1
E:\Siva_ood_projects\spring-boot-examples\1.x\spring-boot-web\src\test\java\com\neo\web\HelloControlerTests.java,com.neo.web.HelloControlerTests,testHello/0,mvc,1
E:\Siva_ood_projects\spring-boot-examples\spring-boot-mongodb\spring-boot-multi-mongodb\src\test\java\com\neo\repository\MuliDatabaseTest.java,com.neo.repository.MuliDatabaseTest,TestSave/0,primaryRepository,2
E:\Siva_ood_projects\spring-boot-examples\spring-boot-mongodb\spring-boot-multi-mongodb\src\test\java\com\neo\repository\MuliDatabaseTest.java,com.neo.repository.MuliDatabaseTest,TestSave/0,secondaryRepository,2
E:\Siva_ood_projects\spring-boot-examples\spring-boot-webflux\src\test\java\com\neo\HelloTests.java,com.neo.HelloTests,getHello/0,client,1
E:\Siva_ood_projects\spring-boot-examples\spring-boot-jpa\spring-boot-multi-Jpa\src\main\java\com\neo\config\DataSourceConfig.java,com.neo.config.DataSourceConfig,getVendorProperties/0,hibernateProperties,1
E:\Siva_ood_projects\spring-boot-examples\spring-boot-jpa\spring-boot-multi-Jpa\src\main\java\com\neo\config\DataSourceConfig.java,com.neo.config.DataSourceConfig,getVendorProperties/0,jpaProperties,1
E:\Siva_ood_projects\spring-boot-examples\1.x\spring-boot-shiro\src\main\java\com\neo\entity\UserInfo.java,com.neo.entity.UserInfo,setPassword/1[java.lang.String],password,3
E:\Siva_ood_projects\spring-boot-examples\1.x\spring-boot-shiro\src\main\java\com\neo\entity\UserInfo.java,com.neo.entity.UserInfo,getCredentialsSalt/0,salt,1
E:\Siva_ood_projects\spring-boot-examples\1.x\spring-boot-shiro\src\main\java\com\neo\entity\UserInfo.java,com.neo.entity.UserInfo,getCredentialsSalt/0,username,1
E:\Siva_ood_projects\spring-boot-examples\1.x\spring-boot-shiro\src\main\java\com\neo\entity\UserInfo.java,com.neo.entity.UserInfo,getState/0,state,1
E:\Siva_ood_projects\spring-boot-examples\1.x\spring-boot-shiro\src\main\java\com\neo\entity\UserInfo.java,com.neo.entity.UserInfo,getName/0,name,1
E:\Siva_ood_projects\spring-boot-examples\1.x\spring-boot-shiro\src\main\java\com\neo\entity\UserInfo.java,com.neo.entity.UserInfo,setName/1[java.lang.String],name,3
E:\Siva_ood_projects\spring-boot-examples\1.x\spring-boot-shiro\src\main\java\com\neo\entity\UserInfo.java,com.neo.entity.UserInfo,setState/1[byte],state,3
E:\Siva_ood_projects\spring-boot-examples\1.x\spring-boot-shiro\src\main\java\com\neo\entity\UserInfo.java,com.neo.entity.UserInfo,getSalt/0,salt,1
E:\Siva_ood_projects\spring-boot-examples\1.x\spring-boot-shiro\src\main\java\com\neo\entity\UserInfo.java,com.neo.entity.UserInfo,getUid/0,uid,1
E:\Siva_ood_projects\spring-boot-examples\1.x\spring-boot-shiro\src\main\java\com\neo\entity\UserInfo.java,com.neo.entity.UserInfo,setSalt/1[java.lang.String],salt,3
E:\Siva_ood_projects\spring-boot-examples\1.x\spring-boot-shiro\src\main\java\com\neo\entity\UserInfo.java,com.neo.entity.UserInfo,getUsername/0,username,1
E:\Siva_ood_projects\spring-boot-examples\1.x\spring-boot-shiro\src\main\java\com\neo\entity\UserInfo.java,com.neo.entity.UserInfo,setRoleList/1[java.util.List<com.neo.entity.SysRole>],roleList,3
E:\Siva_ood_projects\spring-boot-examples\1.x\spring-boot-shiro\src\main\java\com\neo\entity\UserInfo.java,com.neo.entity.UserInfo,getRoleList/0,roleList,1
E:\Siva_ood_projects\spring-boot-examples\1.x\spring-boot-shiro\src\main\java\com\neo\entity\UserInfo.java,com.neo.entity.UserInfo,setUsername/1[java.lang.String],username,3
E:\Siva_ood_projects\spring-boot-examples\1.x\spring-boot-shiro\src\main\java\com\neo\entity\UserInfo.java,com.neo.entity.UserInfo,getPassword/0,password,1
E:\Siva_ood_projects\spring-boot-examples\1.x\spring-boot-shiro\src\main\java\com\neo\entity\UserInfo.java,com.neo.entity.UserInfo,setUid/1[java.lang.Integer],uid,3
E:\Siva_ood_projects\spring-boot-examples\spring-boot-memcache-spymemcached\src\main\java\com\neo\config\MemcachedRunner.java,com.neo.config.MemcachedRunner,getClient/0,client,1
E:\Siva_ood_projects\spring-boot-examples\spring-boot-memcache-spymemcached\src\main\java\com\neo\config\MemcachedRunner.java,com.neo.config.MemcachedRunner,run/1[java.lang.String[]],logger,1
E:\Siva_ood_projects\spring-boot-examples\spring-boot-memcache-spymemcached\src\main\java\com\neo\config\MemcachedRunner.java,com.neo.config.MemcachedRunner,run/1[java.lang.String[]],client,1
E:\Siva_ood_projects\spring-boot-examples\spring-boot-memcache-spymemcached\src\main\java\com\neo\config\MemcachedRunner.java,com.neo.config.MemcachedRunner,run/1[java.lang.String[]],memcacheSource,2
E:\Siva_ood_projects\spring-boot-examples\spring-boot-web-thymeleaf\src\test\java\com\neo\MessageControllerWebTests.java,com.neo.MessageControllerWebTests$RegexMatcher,describeTo/1[com.neo.Description],regex,1
E:\Siva_ood_projects\spring-boot-examples\spring-boot-web-thymeleaf\src\test\java\com\neo\MessageControllerWebTests.java,com.neo.MessageControllerWebTests$RegexMatcher,matchesSafely/1[java.lang.String],regex,1
E:\Siva_ood_projects\spring-boot-examples\spring-boot-web-thymeleaf\src\test\java\com\neo\MessageControllerWebTests.java,com.neo.MessageControllerWebTests$RegexMatcher,RegexMatcher/1[java.lang.String],regex,3
E:\Siva_ood_projects\spring-boot-examples\spring-boot-mongodb\spring-boot-multi-mongodb\src\main\java\com\neo\config\props\MultipleMongoProperties.java,com.neo.config.props.MultipleMongoProperties,getPrimary/0,primary,1
E:\Siva_ood_projects\spring-boot-examples\spring-boot-mongodb\spring-boot-multi-mongodb\src\main\java\com\neo\config\props\MultipleMongoProperties.java,com.neo.config.props.MultipleMongoProperties,getSecondary/0,secondary,1
E:\Siva_ood_projects\spring-boot-examples\spring-boot-mongodb\spring-boot-multi-mongodb\src\main\java\com\neo\config\props\MultipleMongoProperties.java,com.neo.config.props.MultipleMongoProperties,setPrimary/1[com.neo.config.props.MongoProperties],primary,3
E:\Siva_ood_projects\spring-boot-examples\spring-boot-mongodb\spring-boot-multi-mongodb\src\main\java\com\neo\config\props\MultipleMongoProperties.java,com.neo.config.props.MultipleMongoProperties,setSecondary/1[com.neo.config.props.MongoProperties],secondary,3
E:\Siva_ood_projects\spring-boot-examples\spring-boot-rabbitmq\src\main\java\com\neo\rabbit\many\NeoSender.java,com.neo.rabbit.many.NeoSender,send/1[int],rabbitTemplate,1
E:\Siva_ood_projects\spring-boot-examples\spring-boot-web-thymeleaf\src\main\java\com\neo\model\Message.java,com.neo.model.Message,setSummary/1[java.lang.String],summary,3
E:\Siva_ood_projects\spring-boot-examples\spring-boot-web-thymeleaf\src\main\java\com\neo\model\Message.java,com.neo.model.Message,getId/0,id,1
E:\Siva_ood_projects\spring-boot-examples\spring-boot-web-thymeleaf\src\main\java\com\neo\model\Message.java,com.neo.model.Message,setId/1[java.lang.Long],id,3
E:\Siva_ood_projects\spring-boot-examples\spring-boot-web-thymeleaf\src\main\java\com\neo\model\Message.java,com.neo.model.Message,getCreated/0,created,1
E:\Siva_ood_projects\spring-boot-examples\spring-boot-web-thymeleaf\src\main\java\com\neo\model\Message.java,com.neo.model.Message,getText/0,text,1
E:\Siva_ood_projects\spring-boot-examples\spring-boot-web-thymeleaf\src\main\java\com\neo\model\Message.java,com.neo.model.Message,getSummary/0,summary,1
E:\Siva_ood_projects\spring-boot-examples\spring-boot-web-thymeleaf\src\main\java\com\neo\model\Message.java,com.neo.model.Message,setCreated/1[java.util.Calendar],created,3
E:\Siva_ood_projects\spring-boot-examples\spring-boot-web-thymeleaf\src\main\java\com\neo\model\Message.java,com.neo.model.Message,setText/1[java.lang.String],text,3
E:\Siva_ood_projects\spring-boot-examples\1.x\spring-boot-web\src\test\java\com\neo\util\TestRedis.java,com.neo.util.TestRedis,test/0,stringRedisTemplate,2
E:\Siva_ood_projects\spring-boot-examples\1.x\spring-boot-web\src\test\java\com\neo\util\TestRedis.java,com.neo.util.TestRedis,testObj/0,redisTemplate,2
E:\Siva_ood_projects\spring-boot-examples\2.x\spring-boot-elasticsearch\src\test\java\com\neo\repository\CustomerRepositoryTest.java,com.neo.repository.CustomerRepositoryTest,fetchAllCustomers/0,repository,1
E:\Siva_ood_projects\spring-boot-examples\2.x\spring-boot-elasticsearch\src\test\java\com\neo\repository\CustomerRepositoryTest.java,com.neo.repository.CustomerRepositoryTest,deleteCustomers/0,repository,1
E:\Siva_ood_projects\spring-boot-examples\2.x\spring-boot-elasticsearch\src\test\java\com\neo\repository\CustomerRepositoryTest.java,com.neo.repository.CustomerRepositoryTest,fetchAggregation/0,elasticsearchTemplate,1
E:\Siva_ood_projects\spring-boot-examples\2.x\spring-boot-elasticsearch\src\test\java\com\neo\repository\CustomerRepositoryTest.java,com.neo.repository.CustomerRepositoryTest,fetchIndividualCustomers/0,repository,2
E:\Siva_ood_projects\spring-boot-examples\2.x\spring-boot-elasticsearch\src\test\java\com\neo\repository\CustomerRepositoryTest.java,com.neo.repository.CustomerRepositoryTest,saveCustomers/0,repository,4
E:\Siva_ood_projects\spring-boot-examples\2.x\spring-boot-elasticsearch\src\test\java\com\neo\repository\CustomerRepositoryTest.java,com.neo.repository.CustomerRepositoryTest,fetchPage2Customers/0,repository,2
E:\Siva_ood_projects\spring-boot-examples\2.x\spring-boot-elasticsearch\src\test\java\com\neo\repository\CustomerRepositoryTest.java,com.neo.repository.CustomerRepositoryTest,fetchPageCustomers/0,repository,1
E:\Siva_ood_projects\spring-boot-examples\2.x\spring-boot-elasticsearch\src\test\java\com\neo\repository\CustomerRepositoryTest.java,com.neo.repository.CustomerRepositoryTest,updateCustomers/0,repository,3
E:\Siva_ood_projects\spring-boot-examples\spring-boot-rabbitmq\src\main\java\com\neo\rabbit\fanout\FanoutSender.java,com.neo.rabbit.fanout.FanoutSender,send/0,rabbitTemplate,1
E:\Siva_ood_projects\spring-boot-examples\2.x\spring-boot-swagger\src\test\java\com\neo\web\MessageControllerTest.java,com.neo.web.MessageControllerTest,saveMessages/0,mockMvc,1
E:\Siva_ood_projects\spring-boot-examples\2.x\spring-boot-swagger\src\test\java\com\neo\web\MessageControllerTest.java,com.neo.web.MessageControllerTest,setup/0,mockMvc,1
E:\Siva_ood_projects\spring-boot-examples\2.x\spring-boot-swagger\src\test\java\com\neo\web\MessageControllerTest.java,com.neo.web.MessageControllerTest,setup/0,wac,1
E:\Siva_ood_projects\spring-boot-examples\2.x\spring-boot-swagger\src\test\java\com\neo\web\MessageControllerTest.java,com.neo.web.MessageControllerTest,patchMessage/0,mockMvc,1
E:\Siva_ood_projects\spring-boot-examples\2.x\spring-boot-swagger\src\test\java\com\neo\web\MessageControllerTest.java,com.neo.web.MessageControllerTest,deleteMessage/0,mockMvc,2
E:\Siva_ood_projects\spring-boot-examples\2.x\spring-boot-swagger\src\test\java\com\neo\web\MessageControllerTest.java,com.neo.web.MessageControllerTest,saveMessage/0,mockMvc,1
E:\Siva_ood_projects\spring-boot-examples\2.x\spring-boot-swagger\src\test\java\com\neo\web\MessageControllerTest.java,com.neo.web.MessageControllerTest,modifyMessage/0,mockMvc,1
E:\Siva_ood_projects\spring-boot-examples\2.x\spring-boot-swagger\src\test\java\com\neo\web\MessageControllerTest.java,com.neo.web.MessageControllerTest,getMessage/0,mockMvc,1
E:\Siva_ood_projects\spring-boot-examples\2.x\spring-boot-swagger\src\test\java\com\neo\web\MessageControllerTest.java,com.neo.web.MessageControllerTest,getAllMessages/0,mockMvc,1
E:\Siva_ood_projects\spring-boot-examples\spring-boot-web\src\test\java\com\neo\web\ProPertiesTest.java,com.neo.web.ProPertiesTest,getHello/0,neoProperties,3
E:\Siva_ood_projects\spring-boot-examples\spring-boot-mongodb\spring-boot-mongodb\src\test\java\com\neo\repository\UserRepositoryTest.java,com.neo.repository.UserRepositoryTest,deleteUserById/0,userDao,1
E:\Siva_ood_projects\spring-boot-examples\spring-boot-mongodb\spring-boot-mongodb\src\test\java\com\neo\repository\UserRepositoryTest.java,com.neo.repository.UserRepositoryTest,testSaveUser/0,userDao,1
E:\Siva_ood_projects\spring-boot-examples\spring-boot-mongodb\spring-boot-mongodb\src\test\java\com\neo\repository\UserRepositoryTest.java,com.neo.repository.UserRepositoryTest,findUserByUserName/0,userDao,1
E:\Siva_ood_projects\spring-boot-examples\spring-boot-mongodb\spring-boot-mongodb\src\test\java\com\neo\repository\UserRepositoryTest.java,com.neo.repository.UserRepositoryTest,updateUser/0,userDao,1
E:\Siva_ood_projects\spring-boot-examples\spring-boot-jpa\spring-boot-jpa\src\test\java\com\neo\repository\JpaSpecificationTests.java,com.neo.repository.JpaSpecificationTests,testFindByCondition/0,userDetailService,1
E:\Siva_ood_projects\spring-boot-examples\spring-boot-rabbitmq\src\test\java\com\neo\rabbitmq\ObjectTest.java,com.neo.rabbitmq.ObjectTest,sendOject/0,sender,1
E:\Siva_ood_projects\spring-boot-examples\spring-boot-mybatis\spring-boot-mybatis-annotation-mulidatasource\src\test\java\com\neo\mapper\User1MapperTest.java,com.neo.mapper.User1MapperTest,testInsert/0,userMapper,3
E:\Siva_ood_projects\spring-boot-examples\spring-boot-mybatis\spring-boot-mybatis-annotation-mulidatasource\src\test\java\com\neo\mapper\User1MapperTest.java,com.neo.mapper.User1MapperTest,testQuery/0,userMapper,1
E:\Siva_ood_projects\spring-boot-examples\spring-boot-mybatis\spring-boot-mybatis-annotation-mulidatasource\src\test\java\com\neo\mapper\User1MapperTest.java,com.neo.mapper.User1MapperTest,testUpdate/0,userMapper,3
E:\Siva_ood_projects\spring-boot-examples\spring-boot-scheduler\src\main\java\com\neo\task\SchedulerTask.java,com.neo.task.SchedulerTask,process/0,count,1
E:\Siva_ood_projects\spring-boot-examples\1.x\spring-boot-shiro\src\main\java\com\neo\config\MyShiroRealm.java,com.neo.config.MyShiroRealm,doGetAuthenticationInfo/1[com.neo.config.AuthenticationToken],userInfoService,1
E:\Siva_ood_projects\spring-boot-examples\1.x\spring-boot-shiro\src\main\java\com\neo\entity\SysPermission.java,com.neo.entity.SysPermission,getUrl/0,url,1
E:\Siva_ood_projects\spring-boot-examples\1.x\spring-boot-shiro\src\main\java\com\neo\entity\SysPermission.java,com.neo.entity.SysPermission,setPermission/1[java.lang.String],permission,3
E:\Siva_ood_projects\spring-boot-examples\1.x\spring-boot-shiro\src\main\java\com\neo\entity\SysPermission.java,com.neo.entity.SysPermission,getResourceType/0,resourceType,1
E:\Siva_ood_projects\spring-boot-examples\1.x\spring-boot-shiro\src\main\java\com\neo\entity\SysPermission.java,com.neo.entity.SysPermission,setResourceType/1[java.lang.String],resourceType,3
E:\Siva_ood_projects\spring-boot-examples\1.x\spring-boot-shiro\src\main\java\com\neo\entity\SysPermission.java,com.neo.entity.SysPermission,setName/1[java.lang.String],name,3
E:\Siva_ood_projects\spring-boot-examples\1.x\spring-boot-shiro\src\main\java\com\neo\entity\SysPermission.java,com.neo.entity.SysPermission,getParentIds/0,parentIds,1
E:\Siva_ood_projects\spring-boot-examples\1.x\spring-boot-shiro\src\main\java\com\neo\entity\SysPermission.java,com.neo.entity.SysPermission,setParentIds/1[java.lang.String],parentIds,3
E:\Siva_ood_projects\spring-boot-examples\1.x\spring-boot-shiro\src\main\java\com\neo\entity\SysPermission.java,com.neo.entity.SysPermission,getName/0,name,1
E:\Siva_ood_projects\spring-boot-examples\1.x\spring-boot-shiro\src\main\java\com\neo\entity\SysPermission.java,com.neo.entity.SysPermission,setUrl/1[java.lang.String],url,3
E:\Siva_ood_projects\spring-boot-examples\1.x\spring-boot-shiro\src\main\java\com\neo\entity\SysPermission.java,com.neo.entity.SysPermission,getRoles/0,roles,1
E:\Siva_ood_projects\spring-boot-examples\1.x\spring-boot-shiro\src\main\java\com\neo\entity\SysPermission.java,com.neo.entity.SysPermission,setRoles/1[java.util.List<com.neo.entity.SysRole>],roles,3
E:\Siva_ood_projects\spring-boot-examples\1.x\spring-boot-shiro\src\main\java\com\neo\entity\SysPermission.java,com.neo.entity.SysPermission,getPermission/0,permission,1
E:\Siva_ood_projects\spring-boot-examples\1.x\spring-boot-shiro\src\main\java\com\neo\entity\SysPermission.java,com.neo.entity.SysPermission,getAvailable/0,available,1
E:\Siva_ood_projects\spring-boot-examples\1.x\spring-boot-shiro\src\main\java\com\neo\entity\SysPermission.java,com.neo.entity.SysPermission,getId/0,id,1
E:\Siva_ood_projects\spring-boot-examples\1.x\spring-boot-shiro\src\main\java\com\neo\entity\SysPermission.java,com.neo.entity.SysPermission,setId/1[java.lang.Integer],id,3
E:\Siva_ood_projects\spring-boot-examples\1.x\spring-boot-shiro\src\main\java\com\neo\entity\SysPermission.java,com.neo.entity.SysPermission,setParentId/1[java.lang.Long],parentId,3
E:\Siva_ood_projects\spring-boot-examples\1.x\spring-boot-shiro\src\main\java\com\neo\entity\SysPermission.java,com.neo.entity.SysPermission,getParentId/0,parentId,1
E:\Siva_ood_projects\spring-boot-examples\1.x\spring-boot-shiro\src\main\java\com\neo\entity\SysPermission.java,com.neo.entity.SysPermission,setAvailable/1[java.lang.Boolean],available,3
E:\Siva_ood_projects\spring-boot-examples\1.x\spring-boot-jpa-thymeleaf-curd\src\main\java\com\neo\entity\User.java,com.neo.entity.User,getId/0,id,1
E:\Siva_ood_projects\spring-boot-examples\1.x\spring-boot-jpa-thymeleaf-curd\src\main\java\com\neo\entity\User.java,com.neo.entity.User,setId/1[long],id,3
E:\Siva_ood_projects\spring-boot-examples\1.x\spring-boot-jpa-thymeleaf-curd\src\main\java\com\neo\entity\User.java,com.neo.entity.User,setUserName/1[java.lang.String],userName,3
E:\Siva_ood_projects\spring-boot-examples\1.x\spring-boot-jpa-thymeleaf-curd\src\main\java\com\neo\entity\User.java,com.neo.entity.User,getAge/0,age,1
E:\Siva_ood_projects\spring-boot-examples\1.x\spring-boot-jpa-thymeleaf-curd\src\main\java\com\neo\entity\User.java,com.neo.entity.User,getPassword/0,password,1
E:\Siva_ood_projects\spring-boot-examples\1.x\spring-boot-jpa-thymeleaf-curd\src\main\java\com\neo\entity\User.java,com.neo.entity.User,setAge/1[int],age,3
E:\Siva_ood_projects\spring-boot-examples\1.x\spring-boot-jpa-thymeleaf-curd\src\main\java\com\neo\entity\User.java,com.neo.entity.User,setPassword/1[java.lang.String],password,3
E:\Siva_ood_projects\spring-boot-examples\1.x\spring-boot-jpa-thymeleaf-curd\src\main\java\com\neo\entity\User.java,com.neo.entity.User,getUserName/0,userName,1
E:\Siva_ood_projects\spring-boot-examples\2.x\spring-boot-swagger\src\main\java\com\neo\config\BaseResult.java,com.neo.config.BaseResult,setData/1[T],data,3
E:\Siva_ood_projects\spring-boot-examples\2.x\spring-boot-swagger\src\main\java\com\neo\config\BaseResult.java,com.neo.config.BaseResult,BaseResult/0,SUCCESS_MESSAGE,1
E:\Siva_ood_projects\spring-boot-examples\2.x\spring-boot-swagger\src\main\java\com\neo\config\BaseResult.java,com.neo.config.BaseResult,BaseResult/0,SUCCESS_CODE,1
E:\Siva_ood_projects\spring-boot-examples\2.x\spring-boot-swagger\src\main\java\com\neo\config\BaseResult.java,com.neo.config.BaseResult,BaseResult/1[T],SUCCESS_MESSAGE,1
E:\Siva_ood_projects\spring-boot-examples\2.x\spring-boot-swagger\src\main\java\com\neo\config\BaseResult.java,com.neo.config.BaseResult,BaseResult/1[T],data,2
E:\Siva_ood_projects\spring-boot-examples\2.x\spring-boot-swagger\src\main\java\com\neo\config\BaseResult.java,com.neo.config.BaseResult,BaseResult/1[T],SUCCESS_CODE,1
E:\Siva_ood_projects\spring-boot-examples\2.x\spring-boot-swagger\src\main\java\com\neo\config\BaseResult.java,com.neo.config.BaseResult,setMsg/1[java.lang.String],msg,3
E:\Siva_ood_projects\spring-boot-examples\2.x\spring-boot-swagger\src\main\java\com\neo\config\BaseResult.java,com.neo.config.BaseResult,getMsg/0,msg,1
E:\Siva_ood_projects\spring-boot-examples\2.x\spring-boot-swagger\src\main\java\com\neo\config\BaseResult.java,com.neo.config.BaseResult,setCode/1[int],code,3
E:\Siva_ood_projects\spring-boot-examples\2.x\spring-boot-swagger\src\main\java\com\neo\config\BaseResult.java,com.neo.config.BaseResult,"failWithCodeAndMsg/2[int,java.lang.String]",msg,2
E:\Siva_ood_projects\spring-boot-examples\2.x\spring-boot-swagger\src\main\java\com\neo\config\BaseResult.java,com.neo.config.BaseResult,"failWithCodeAndMsg/2[int,java.lang.String]",code,2
E:\Siva_ood_projects\spring-boot-examples\2.x\spring-boot-swagger\src\main\java\com\neo\config\BaseResult.java,com.neo.config.BaseResult,getData/0,data,1
E:\Siva_ood_projects\spring-boot-examples\2.x\spring-boot-swagger\src\main\java\com\neo\config\BaseResult.java,com.neo.config.BaseResult,getCode/0,code,1
E:\Siva_ood_projects\spring-boot-examples\2.x\spring-boot-swagger\src\main\java\com\neo\config\BaseResult.java,com.neo.config.BaseResult,successWithData/1[T],data,2
E:\Siva_ood_projects\spring-boot-examples\2.x\spring-boot-swagger\src\main\java\com\neo\config\BaseResult.java,com.neo.config.BaseResult,"BaseResult/3[int,java.lang.String,T]",msg,3
E:\Siva_ood_projects\spring-boot-examples\2.x\spring-boot-swagger\src\main\java\com\neo\config\BaseResult.java,com.neo.config.BaseResult,"BaseResult/3[int,java.lang.String,T]",code,3
E:\Siva_ood_projects\spring-boot-examples\2.x\spring-boot-swagger\src\main\java\com\neo\config\BaseResult.java,com.neo.config.BaseResult,"BaseResult/3[int,java.lang.String,T]",data,3
E:\Siva_ood_projects\spring-boot-examples\2.x\spring-boot-swagger\src\main\java\com\neo\config\BaseResult.java,com.neo.config.BaseResult,"BaseResult/2[int,java.lang.String]",msg,2
E:\Siva_ood_projects\spring-boot-examples\2.x\spring-boot-swagger\src\main\java\com\neo\config\BaseResult.java,com.neo.config.BaseResult,"BaseResult/2[int,java.lang.String]",code,2
E:\Siva_ood_projects\spring-boot-examples\spring-boot-mongodb\spring-boot-mongodb\src\main\java\com\neo\repository\impl\UserRepositoryImpl.java,com.neo.repository.impl.UserRepositoryImpl,deleteUserById/1[java.lang.Long],mongoTemplate,1
E:\Siva_ood_projects\spring-boot-examples\spring-boot-mongodb\spring-boot-mongodb\src\main\java\com\neo\repository\impl\UserRepositoryImpl.java,com.neo.repository.impl.UserRepositoryImpl,findUserByUserName/1[java.lang.String],mongoTemplate,1
E:\Siva_ood_projects\spring-boot-examples\spring-boot-mongodb\spring-boot-mongodb\src\main\java\com\neo\repository\impl\UserRepositoryImpl.java,com.neo.repository.impl.UserRepositoryImpl,saveUser/1[com.neo.model.User],mongoTemplate,1
E:\Siva_ood_projects\spring-boot-examples\spring-boot-mongodb\spring-boot-mongodb\src\main\java\com\neo\repository\impl\UserRepositoryImpl.java,com.neo.repository.impl.UserRepositoryImpl,updateUser/1[com.neo.model.User],mongoTemplate,1
E:\Siva_ood_projects\spring-boot-examples\spring-boot-package\spring-boot-package\src\test\java\com\neo\controller\HelloWorldControlerTests.java,com.neo.controller.HelloWorldControlerTests,getHello/0,mvc,1
E:\Siva_ood_projects\spring-boot-examples\spring-boot-package\spring-boot-package\src\test\java\com\neo\controller\HelloWorldControlerTests.java,com.neo.controller.HelloWorldControlerTests,setUp/0,mvc,1
E:\Siva_ood_projects\spring-boot-examples\1.x\spring-boot-fastDFS\src\main\java\com\neo\fastdfs\FastDFSFile.java,com.neo.fastdfs.FastDFSFile,getContent/0,content,1
E:\Siva_ood_projects\spring-boot-examples\1.x\spring-boot-fastDFS\src\main\java\com\neo\fastdfs\FastDFSFile.java,com.neo.fastdfs.FastDFSFile,getName/0,name,1
E:\Siva_ood_projects\spring-boot-examples\1.x\spring-boot-fastDFS\src\main\java\com\neo\fastdfs\FastDFSFile.java,com.neo.fastdfs.FastDFSFile,"FastDFSFile/3[java.lang.String,byte[],java.lang.String]",ext,3
E:\Siva_ood_projects\spring-boot-examples\1.x\spring-boot-fastDFS\src\main\java\com\neo\fastdfs\FastDFSFile.java,com.neo.fastdfs.FastDFSFile,"FastDFSFile/3[java.lang.String,byte[],java.lang.String]",name,3
E:\Siva_ood_projects\spring-boot-examples\1.x\spring-boot-fastDFS\src\main\java\com\neo\fastdfs\FastDFSFile.java,com.neo.fastdfs.FastDFSFile,"FastDFSFile/3[java.lang.String,byte[],java.lang.String]",content,3
E:\Siva_ood_projects\spring-boot-examples\1.x\spring-boot-fastDFS\src\main\java\com\neo\fastdfs\FastDFSFile.java,com.neo.fastdfs.FastDFSFile,setContent/1[byte[]],content,3
E:\Siva_ood_projects\spring-boot-examples\1.x\spring-boot-fastDFS\src\main\java\com\neo\fastdfs\FastDFSFile.java,com.neo.fastdfs.FastDFSFile,getExt/0,ext,1
E:\Siva_ood_projects\spring-boot-examples\1.x\spring-boot-fastDFS\src\main\java\com\neo\fastdfs\FastDFSFile.java,com.neo.fastdfs.FastDFSFile,"FastDFSFile/6[java.lang.String,byte[],java.lang.String,java.lang.String,java.lang.String,java.lang.String]",ext,3
E:\Siva_ood_projects\spring-boot-examples\1.x\spring-boot-fastDFS\src\main\java\com\neo\fastdfs\FastDFSFile.java,com.neo.fastdfs.FastDFSFile,"FastDFSFile/6[java.lang.String,byte[],java.lang.String,java.lang.String,java.lang.String,java.lang.String]",author,3
E:\Siva_ood_projects\spring-boot-examples\1.x\spring-boot-fastDFS\src\main\java\com\neo\fastdfs\FastDFSFile.java,com.neo.fastdfs.FastDFSFile,"FastDFSFile/6[java.lang.String,byte[],java.lang.String,java.lang.String,java.lang.String,java.lang.String]",name,3
E:\Siva_ood_projects\spring-boot-examples\1.x\spring-boot-fastDFS\src\main\java\com\neo\fastdfs\FastDFSFile.java,com.neo.fastdfs.FastDFSFile,"FastDFSFile/6[java.lang.String,byte[],java.lang.String,java.lang.String,java.lang.String,java.lang.String]",content,3
E:\Siva_ood_projects\spring-boot-examples\1.x\spring-boot-fastDFS\src\main\java\com\neo\fastdfs\FastDFSFile.java,com.neo.fastdfs.FastDFSFile,setAuthor/1[java.lang.String],author,3
E:\Siva_ood_projects\spring-boot-examples\1.x\spring-boot-fastDFS\src\main\java\com\neo\fastdfs\FastDFSFile.java,com.neo.fastdfs.FastDFSFile,setName/1[java.lang.String],name,3
E:\Siva_ood_projects\spring-boot-examples\1.x\spring-boot-fastDFS\src\main\java\com\neo\fastdfs\FastDFSFile.java,com.neo.fastdfs.FastDFSFile,setMd5/1[java.lang.String],md5,3
E:\Siva_ood_projects\spring-boot-examples\1.x\spring-boot-fastDFS\src\main\java\com\neo\fastdfs\FastDFSFile.java,com.neo.fastdfs.FastDFSFile,getMd5/0,md5,1
E:\Siva_ood_projects\spring-boot-examples\1.x\spring-boot-fastDFS\src\main\java\com\neo\fastdfs\FastDFSFile.java,com.neo.fastdfs.FastDFSFile,getAuthor/0,author,1
E:\Siva_ood_projects\spring-boot-examples\1.x\spring-boot-fastDFS\src\main\java\com\neo\fastdfs\FastDFSFile.java,com.neo.fastdfs.FastDFSFile,setExt/1[java.lang.String],ext,3
E:\Siva_ood_projects\spring-boot-examples\spring-boot-jpa-thymeleaf-curd\src\main\java\com\neo\web\UserController.java,com.neo.web.UserController,delete/1[java.lang.Long],userService,1
E:\Siva_ood_projects\spring-boot-examples\spring-boot-jpa-thymeleaf-curd\src\main\java\com\neo\web\UserController.java,com.neo.web.UserController,edit/1[com.neo.model.User],userService,1
E:\Siva_ood_projects\spring-boot-examples\spring-boot-jpa-thymeleaf-curd\src\main\java\com\neo\web\UserController.java,com.neo.web.UserController,add/1[com.neo.model.User],userService,1
E:\Siva_ood_projects\spring-boot-examples\spring-boot-jpa-thymeleaf-curd\src\main\java\com\neo\web\UserController.java,com.neo.web.UserController,list/1[com.neo.web.Model],userService,1
E:\Siva_ood_projects\spring-boot-examples\spring-boot-jpa-thymeleaf-curd\src\main\java\com\neo\web\UserController.java,com.neo.web.UserController,"toEdit/2[com.neo.web.Model,java.lang.Long]",userService,1
E:\Siva_ood_projects\spring-boot-examples\spring-boot-web-thymeleaf\src\test\java\com\neo\MessageControllerWebTests.java,com.neo.MessageControllerWebTests,testHome/0,mockMvc,1
E:\Siva_ood_projects\spring-boot-examples\spring-boot-web-thymeleaf\src\test\java\com\neo\MessageControllerWebTests.java,com.neo.MessageControllerWebTests,testCreate/0,mockMvc,1
E:\Siva_ood_projects\spring-boot-examples\spring-boot-web-thymeleaf\src\test\java\com\neo\MessageControllerWebTests.java,com.neo.MessageControllerWebTests,testCreateValidation/0,mockMvc,1
E:\Siva_ood_projects\spring-boot-examples\spring-boot-web-thymeleaf\src\test\java\com\neo\MessageControllerWebTests.java,com.neo.MessageControllerWebTests,setup/0,mockMvc,1
E:\Siva_ood_projects\spring-boot-examples\spring-boot-web-thymeleaf\src\test\java\com\neo\MessageControllerWebTests.java,com.neo.MessageControllerWebTests,setup/0,wac,1
E:\Siva_ood_projects\spring-boot-examples\1.x\spring-boot-mongodb\src\test\java\com\neo\dao\UserDaoTest.java,com.neo.dao.UserDaoTest,deleteUserById/0,userDao,1
E:\Siva_ood_projects\spring-boot-examples\1.x\spring-boot-mongodb\src\test\java\com\neo\dao\UserDaoTest.java,com.neo.dao.UserDaoTest,testSaveUser/0,userDao,1
E:\Siva_ood_projects\spring-boot-examples\1.x\spring-boot-mongodb\src\test\java\com\neo\dao\UserDaoTest.java,com.neo.dao.UserDaoTest,findUserByUserName/0,userDao,1
E:\Siva_ood_projects\spring-boot-examples\1.x\spring-boot-mongodb\src\test\java\com\neo\dao\UserDaoTest.java,com.neo.dao.UserDaoTest,updateUser/0,userDao,1
E:\Siva_ood_projects\spring-boot-examples\spring-boot-mybatis\spring-boot-mybatis-xml\src\test\java\com\neo\web\UserControllerTest.java,com.neo.web.UserControllerTest,getUsers/0,mockMvc,1
E:\Siva_ood_projects\spring-boot-examples\spring-boot-mybatis\spring-boot-mybatis-xml\src\test\java\com\neo\web\UserControllerTest.java,com.neo.web.UserControllerTest,setUp/0,mockMvc,1
E:\Siva_ood_projects\spring-boot-examples\spring-boot-mybatis\spring-boot-mybatis-xml\src\test\java\com\neo\web\UserControllerTest.java,com.neo.web.UserControllerTest,setUp/0,wac,1
E:\Siva_ood_projects\spring-boot-examples\spring-boot-scheduler\src\main\java\com\neo\task\Scheduler2Task.java,com.neo.task.Scheduler2Task,reportCurrentTime/0,dateFormat,1
E:\Siva_ood_projects\spring-boot-examples\spring-boot-jpa\spring-boot-jpa\src\main\java\com\neo\service\UserDetailServiceImpl.java,com.neo.service.UserDetailServiceImpl,"findByCondition/2[com.neo.param.UserDetailParam,com.neo.service.Pageable]",userDetailRepository,1
E:\Siva_ood_projects\spring-boot-examples\2.x\spring-boot-swagger\src\main\java\com\neo\config\BaseResult.java,com.neo.config.BaseResult$ResponseParam,getCode/0,code,1
E:\Siva_ood_projects\spring-boot-examples\2.x\spring-boot-swagger\src\main\java\com\neo\config\BaseResult.java,com.neo.config.BaseResult$ResponseParam,"ResponseParam/2[int,java.lang.String]",msg,3
E:\Siva_ood_projects\spring-boot-examples\2.x\spring-boot-swagger\src\main\java\com\neo\config\BaseResult.java,com.neo.config.BaseResult$ResponseParam,"ResponseParam/2[int,java.lang.String]",code,3
E:\Siva_ood_projects\spring-boot-examples\2.x\spring-boot-swagger\src\main\java\com\neo\config\BaseResult.java,com.neo.config.BaseResult$ResponseParam,getMsg/0,msg,1
E:\Siva_ood_projects\spring-boot-examples\2.x\spring-boot-swagger\src\main\java\com\neo\config\BaseResult.java,com.neo.config.BaseResult$ResponseParam,"buildParam/2[int,java.lang.String]",msg,2
E:\Siva_ood_projects\spring-boot-examples\2.x\spring-boot-swagger\src\main\java\com\neo\config\BaseResult.java,com.neo.config.BaseResult$ResponseParam,"buildParam/2[int,java.lang.String]",code,2
E:\Siva_ood_projects\spring-boot-examples\2.x\spring-boot-swagger\src\main\java\com\neo\config\BaseResult.java,com.neo.config.BaseResult$ResponseParam,setCode/1[int],code,3
E:\Siva_ood_projects\spring-boot-examples\2.x\spring-boot-swagger\src\main\java\com\neo\config\BaseResult.java,com.neo.config.BaseResult$ResponseParam,setMsg/1[java.lang.String],msg,3
E:\Siva_ood_projects\spring-boot-examples\1.x\spring-boot-multi-mongodb\src\main\java\com\neo\model\repository\secondary\SecondaryMongoObject.java,com.neo.model.repository.secondary.SecondaryMongoObject,toString/0,id,1
E:\Siva_ood_projects\spring-boot-examples\1.x\spring-boot-multi-mongodb\src\main\java\com\neo\model\repository\secondary\SecondaryMongoObject.java,com.neo.model.repository.secondary.SecondaryMongoObject,toString/0,value,1
E:\Siva_ood_projects\spring-boot-examples\spring-boot-web-thymeleaf\src\main\java\com\neo\controller\MessageController.java,com.neo.controller.MessageController,delete/1[java.lang.Long],messageRepository,2
E:\Siva_ood_projects\spring-boot-examples\spring-boot-web-thymeleaf\src\main\java\com\neo\controller\MessageController.java,com.neo.controller.MessageController,MessageController/1[com.neo.repository.MessageRepository],messageRepository,3
E:\Siva_ood_projects\spring-boot-examples\spring-boot-web-thymeleaf\src\main\java\com\neo\controller\MessageController.java,com.neo.controller.MessageController,list/0,messageRepository,1
E:\Siva_ood_projects\spring-boot-examples\spring-boot-web-thymeleaf\src\main\java\com\neo\controller\MessageController.java,com.neo.controller.MessageController,"create/3[com.neo.model.Message,com.neo.controller.BindingResult,com.neo.controller.RedirectAttributes]",messageRepository,1
E:\Siva_ood_projects\spring-boot-examples\2.x\spring-boot-mybatis-plus\src\test\java\com\neo\MyBatisPlusTest.java,com.neo.MyBatisPlusTest,testUpdate/0,userMapper,3
E:\Siva_ood_projects\spring-boot-examples\2.x\spring-boot-mybatis-plus\src\test\java\com\neo\MyBatisPlusTest.java,com.neo.MyBatisPlusTest,testPage/0,userMapper,1
E:\Siva_ood_projects\spring-boot-examples\2.x\spring-boot-mybatis-plus\src\test\java\com\neo\MyBatisPlusTest.java,com.neo.MyBatisPlusTest,testInsert/0,userMapper,1
E:\Siva_ood_projects\spring-boot-examples\2.x\spring-boot-mybatis-plus\src\test\java\com\neo\MyBatisPlusTest.java,com.neo.MyBatisPlusTest,testSelect/0,userMapper,1
E:\Siva_ood_projects\spring-boot-examples\2.x\spring-boot-mybatis-plus\src\test\java\com\neo\MyBatisPlusTest.java,com.neo.MyBatisPlusTest,testSelectCondition/0,userMapper,1
E:\Siva_ood_projects\spring-boot-examples\2.x\spring-boot-mybatis-plus\src\test\java\com\neo\MyBatisPlusTest.java,com.neo.MyBatisPlusTest,testDelete/0,userMapper,2
E:\Siva_ood_projects\spring-boot-examples\2.x\spring-boot-mybatis-plus\src\test\java\com\neo\MyBatisPlusTest.java,com.neo.MyBatisPlusTest,testSelectOne/0,userMapper,1
E:\Siva_ood_projects\spring-boot-examples\1.x\spring-boot-web\src\main\java\com\neo\domain\User.java,com.neo.domain.User,getEmail/0,email,1
E:\Siva_ood_projects\spring-boot-examples\1.x\spring-boot-web\src\main\java\com\neo\domain\User.java,com.neo.domain.User,getId/0,id,1
E:\Siva_ood_projects\spring-boot-examples\1.x\spring-boot-web\src\main\java\com\neo\domain\User.java,com.neo.domain.User,setRegTime/1[java.lang.String],regTime,3
E:\Siva_ood_projects\spring-boot-examples\1.x\spring-boot-web\src\main\java\com\neo\domain\User.java,com.neo.domain.User,setNickName/1[java.lang.String],nickName,3
E:\Siva_ood_projects\spring-boot-examples\1.x\spring-boot-web\src\main\java\com\neo\domain\User.java,com.neo.domain.User,getRegTime/0,regTime,1
E:\Siva_ood_projects\spring-boot-examples\1.x\spring-boot-web\src\main\java\com\neo\domain\User.java,com.neo.domain.User,setUserName/1[java.lang.String],userName,3
E:\Siva_ood_projects\spring-boot-examples\1.x\spring-boot-web\src\main\java\com\neo\domain\User.java,com.neo.domain.User,setPassWord/1[java.lang.String],passWord,3
E:\Siva_ood_projects\spring-boot-examples\1.x\spring-boot-web\src\main\java\com\neo\domain\User.java,com.neo.domain.User,getNickName/0,nickName,1
E:\Siva_ood_projects\spring-boot-examples\1.x\spring-boot-web\src\main\java\com\neo\domain\User.java,com.neo.domain.User,"User/5[java.lang.String,java.lang.String,java.lang.String,java.lang.String,java.lang.String]",passWord,3
E:\Siva_ood_projects\spring-boot-examples\1.x\spring-boot-web\src\main\java\com\neo\domain\User.java,com.neo.domain.User,"User/5[java.lang.String,java.lang.String,java.lang.String,java.lang.String,java.lang.String]",regTime,3
E:\Siva_ood_projects\spring-boot-examples\1.x\spring-boot-web\src\main\java\com\neo\domain\User.java,com.neo.domain.User,"User/5[java.lang.String,java.lang.String,java.lang.String,java.lang.String,java.lang.String]",nickName,3
E:\Siva_ood_projects\spring-boot-examples\1.x\spring-boot-web\src\main\java\com\neo\domain\User.java,com.neo.domain.User,"User/5[java.lang.String,java.lang.String,java.lang.String,java.lang.String,java.lang.String]",userName,3
E:\Siva_ood_projects\spring-boot-examples\1.x\spring-boot-web\src\main\java\com\neo\domain\User.java,com.neo.domain.User,"User/5[java.lang.String,java.lang.String,java.lang.String,java.lang.String,java.lang.String]",email,3
E:\Siva_ood_projects\spring-boot-examples\1.x\spring-boot-web\src\main\java\com\neo\domain\User.java,com.neo.domain.User,setId/1[java.lang.Long],id,3
E:\Siva_ood_projects\spring-boot-examples\1.x\spring-boot-web\src\main\java\com\neo\domain\User.java,com.neo.domain.User,getPassWord/0,passWord,1
E:\Siva_ood_projects\spring-boot-examples\1.x\spring-boot-web\src\main\java\com\neo\domain\User.java,com.neo.domain.User,getUserName/0,userName,1
E:\Siva_ood_projects\spring-boot-examples\1.x\spring-boot-web\src\main\java\com\neo\domain\User.java,com.neo.domain.User,setEmail/1[java.lang.String],email,3
E:\Siva_ood_projects\spring-boot-examples\spring-boot-jpa\spring-boot-jpa\src\test\java\com\neo\repository\UserRepositoryTests.java,com.neo.repository.UserRepositoryTests,testSave/0,userRepository,3
E:\Siva_ood_projects\spring-boot-examples\spring-boot-jpa\spring-boot-jpa\src\test\java\com\neo\repository\UserRepositoryTests.java,com.neo.repository.UserRepositoryTests,testBaseQuery/0,userRepository,6
E:\Siva_ood_projects\spring-boot-examples\spring-boot-jpa\spring-boot-jpa\src\test\java\com\neo\repository\UserRepositoryTests.java,com.neo.repository.UserRepositoryTests,testCustomSql/0,userRepository,3
E:\Siva_ood_projects\spring-boot-examples\spring-boot-jpa\spring-boot-jpa\src\test\java\com\neo\repository\UserRepositoryTests.java,com.neo.repository.UserRepositoryTests,testPageQuery/0,userRepository,2
E:\Siva_ood_projects\spring-boot-examples\spring-boot-web\src\test\java\com\neo\model\UserRepositoryTests.java,com.neo.model.UserRepositoryTests,test/0,userRepository,6
E:\Siva_ood_projects\spring-boot-examples\spring-boot-web\src\main\java\com\neo\util\NeoProperties.java,com.neo.util.NeoProperties,getTitle/0,title,1
E:\Siva_ood_projects\spring-boot-examples\spring-boot-web\src\main\java\com\neo\util\NeoProperties.java,com.neo.util.NeoProperties,setTitle/1[java.lang.String],title,3
E:\Siva_ood_projects\spring-boot-examples\spring-boot-web\src\main\java\com\neo\util\NeoProperties.java,com.neo.util.NeoProperties,setDescription/1[java.lang.String],description,3
E:\Siva_ood_projects\spring-boot-examples\spring-boot-web\src\main\java\com\neo\util\NeoProperties.java,com.neo.util.NeoProperties,getDescription/0,description,1
E:\Siva_ood_projects\spring-boot-examples\2.x\spring-boot-elasticsearch\src\main\java\com\neo\model\Customer.java,com.neo.model.Customer,getUserName/0,userName,1
E:\Siva_ood_projects\spring-boot-examples\2.x\spring-boot-elasticsearch\src\main\java\com\neo\model\Customer.java,com.neo.model.Customer,setAge/1[int],age,3
E:\Siva_ood_projects\spring-boot-examples\2.x\spring-boot-elasticsearch\src\main\java\com\neo\model\Customer.java,com.neo.model.Customer,setAddress/1[java.lang.String],address,3
E:\Siva_ood_projects\spring-boot-examples\2.x\spring-boot-elasticsearch\src\main\java\com\neo\model\Customer.java,com.neo.model.Customer,toString/0,address,1
E:\Siva_ood_projects\spring-boot-examples\2.x\spring-boot-elasticsearch\src\main\java\com\neo\model\Customer.java,com.neo.model.Customer,toString/0,id,1
E:\Siva_ood_projects\spring-boot-examples\2.x\spring-boot-elasticsearch\src\main\java\com\neo\model\Customer.java,com.neo.model.Customer,toString/0,userName,1
E:\Siva_ood_projects\spring-boot-examples\2.x\spring-boot-elasticsearch\src\main\java\com\neo\model\Customer.java,com.neo.model.Customer,toString/0,age,1
E:\Siva_ood_projects\spring-boot-examples\2.x\spring-boot-elasticsearch\src\main\java\com\neo\model\Customer.java,com.neo.model.Customer,"Customer/3[java.lang.String,java.lang.String,int]",address,3
E:\Siva_ood_projects\spring-boot-examples\2.x\spring-boot-elasticsearch\src\main\java\com\neo\model\Customer.java,com.neo.model.Customer,"Customer/3[java.lang.String,java.lang.String,int]",userName,3
E:\Siva_ood_projects\spring-boot-examples\2.x\spring-boot-elasticsearch\src\main\java\com\neo\model\Customer.java,com.neo.model.Customer,"Customer/3[java.lang.String,java.lang.String,int]",age,3
E:\Siva_ood_projects\spring-boot-examples\2.x\spring-boot-elasticsearch\src\main\java\com\neo\model\Customer.java,com.neo.model.Customer,setId/1[java.lang.String],id,3
E:\Siva_ood_projects\spring-boot-examples\2.x\spring-boot-elasticsearch\src\main\java\com\neo\model\Customer.java,com.neo.model.Customer,getId/0,id,1
E:\Siva_ood_projects\spring-boot-examples\2.x\spring-boot-elasticsearch\src\main\java\com\neo\model\Customer.java,com.neo.model.Customer,setUserName/1[java.lang.String],userName,3
E:\Siva_ood_projects\spring-boot-examples\2.x\spring-boot-elasticsearch\src\main\java\com\neo\model\Customer.java,com.neo.model.Customer,getAddress/0,address,1
E:\Siva_ood_projects\spring-boot-examples\2.x\spring-boot-elasticsearch\src\main\java\com\neo\model\Customer.java,com.neo.model.Customer,getAge/0,age,1
E:\Siva_ood_projects\spring-boot-examples\1.x\spring-boot-mongodb\src\main\java\com\neo\dao\impl\UserDaoImpl.java,com.neo.dao.impl.UserDaoImpl,findUserByUserName/1[java.lang.String],mongoTemplate,1
E:\Siva_ood_projects\spring-boot-examples\1.x\spring-boot-mongodb\src\main\java\com\neo\dao\impl\UserDaoImpl.java,com.neo.dao.impl.UserDaoImpl,updateUser/1[com.neo.entity.UserEntity],mongoTemplate,1
E:\Siva_ood_projects\spring-boot-examples\1.x\spring-boot-mongodb\src\main\java\com\neo\dao\impl\UserDaoImpl.java,com.neo.dao.impl.UserDaoImpl,saveUser/1[com.neo.entity.UserEntity],mongoTemplate,1
E:\Siva_ood_projects\spring-boot-examples\1.x\spring-boot-mongodb\src\main\java\com\neo\dao\impl\UserDaoImpl.java,com.neo.dao.impl.UserDaoImpl,deleteUserById/1[java.lang.Long],mongoTemplate,1
E:\Siva_ood_projects\spring-boot-examples\spring-boot-mybatis\spring-boot-mybatis-annotation-mulidatasource\src\test\java\com\neo\mapper\User2MapperTest.java,com.neo.mapper.User2MapperTest,testQuery/0,userMapper,1
E:\Siva_ood_projects\spring-boot-examples\spring-boot-mybatis\spring-boot-mybatis-annotation-mulidatasource\src\test\java\com\neo\mapper\User2MapperTest.java,com.neo.mapper.User2MapperTest,testInsert/0,userMapper,4
E:\Siva_ood_projects\spring-boot-examples\spring-boot-mybatis\spring-boot-mybatis-annotation-mulidatasource\src\test\java\com\neo\mapper\User2MapperTest.java,com.neo.mapper.User2MapperTest,testUpdate/0,userMapper,3
E:\Siva_ood_projects\spring-boot-examples\spring-boot-jpa\spring-boot-jpa\src\main\java\com\neo\model\User.java,com.neo.model.User,getId/0,id,1
E:\Siva_ood_projects\spring-boot-examples\spring-boot-jpa\spring-boot-jpa\src\main\java\com\neo\model\User.java,com.neo.model.User,getEmail/0,email,1
E:\Siva_ood_projects\spring-boot-examples\spring-boot-jpa\spring-boot-jpa\src\main\java\com\neo\model\User.java,com.neo.model.User,setNickName/1[java.lang.String],nickName,3
E:\Siva_ood_projects\spring-boot-examples\spring-boot-jpa\spring-boot-jpa\src\main\java\com\neo\model\User.java,com.neo.model.User,"User/5[java.lang.String,java.lang.String,java.lang.String,java.lang.String,java.lang.String]",passWord,3
E:\Siva_ood_projects\spring-boot-examples\spring-boot-jpa\spring-boot-jpa\src\main\java\com\neo\model\User.java,com.neo.model.User,"User/5[java.lang.String,java.lang.String,java.lang.String,java.lang.String,java.lang.String]",regTime,3
E:\Siva_ood_projects\spring-boot-examples\spring-boot-jpa\spring-boot-jpa\src\main\java\com\neo\model\User.java,com.neo.model.User,"User/5[java.lang.String,java.lang.String,java.lang.String,java.lang.String,java.lang.String]",nickName,3
E:\Siva_ood_projects\spring-boot-examples\spring-boot-jpa\spring-boot-jpa\src\main\java\com\neo\model\User.java,com.neo.model.User,"User/5[java.lang.String,java.lang.String,java.lang.String,java.lang.String,java.lang.String]",userName,3
E:\Siva_ood_projects\spring-boot-examples\spring-boot-jpa\spring-boot-jpa\src\main\java\com\neo\model\User.java,com.neo.model.User,"User/5[java.lang.String,java.lang.String,java.lang.String,java.lang.String,java.lang.String]",email,3
E:\Siva_ood_projects\spring-boot-examples\spring-boot-jpa\spring-boot-jpa\src\main\java\com\neo\model\User.java,com.neo.model.User,getNickName/0,nickName,1
E:\Siva_ood_projects\spring-boot-examples\spring-boot-jpa\spring-boot-jpa\src\main\java\com\neo\model\User.java,com.neo.model.User,setUserName/1[java.lang.String],userName,3
E:\Siva_ood_projects\spring-boot-examples\spring-boot-jpa\spring-boot-jpa\src\main\java\com\neo\model\User.java,com.neo.model.User,setId/1[java.lang.Long],id,3
E:\Siva_ood_projects\spring-boot-examples\spring-boot-jpa\spring-boot-jpa\src\main\java\com\neo\model\User.java,com.neo.model.User,getRegTime/0,regTime,1
E:\Siva_ood_projects\spring-boot-examples\spring-boot-jpa\spring-boot-jpa\src\main\java\com\neo\model\User.java,com.neo.model.User,setPassWord/1[java.lang.String],passWord,3
E:\Siva_ood_projects\spring-boot-examples\spring-boot-jpa\spring-boot-jpa\src\main\java\com\neo\model\User.java,com.neo.model.User,setEmail/1[java.lang.String],email,3
E:\Siva_ood_projects\spring-boot-examples\spring-boot-jpa\spring-boot-jpa\src\main\java\com\neo\model\User.java,com.neo.model.User,getPassWord/0,passWord,1
E:\Siva_ood_projects\spring-boot-examples\spring-boot-jpa\spring-boot-jpa\src\main\java\com\neo\model\User.java,com.neo.model.User,getUserName/0,userName,1
E:\Siva_ood_projects\spring-boot-examples\spring-boot-jpa\spring-boot-jpa\src\main\java\com\neo\model\User.java,com.neo.model.User,setRegTime/1[java.lang.String],regTime,3
E:\Siva_ood_projects\spring-boot-examples\1.x\spring-boot-shiro\src\main\java\com\neo\entity\SysRole.java,com.neo.entity.SysRole,getDescription/0,description,1
E:\Siva_ood_projects\spring-boot-examples\1.x\spring-boot-shiro\src\main\java\com\neo\entity\SysRole.java,com.neo.entity.SysRole,setDescription/1[java.lang.String],description,3
E:\Siva_ood_projects\spring-boot-examples\1.x\spring-boot-shiro\src\main\java\com\neo\entity\SysRole.java,com.neo.entity.SysRole,getId/0,id,1
E:\Siva_ood_projects\spring-boot-examples\1.x\spring-boot-shiro\src\main\java\com\neo\entity\SysRole.java,com.neo.entity.SysRole,setRole/1[java.lang.String],role,3
E:\Siva_ood_projects\spring-boot-examples\1.x\spring-boot-shiro\src\main\java\com\neo\entity\SysRole.java,com.neo.entity.SysRole,getAvailable/0,available,1
E:\Siva_ood_projects\spring-boot-examples\1.x\spring-boot-shiro\src\main\java\com\neo\entity\SysRole.java,com.neo.entity.SysRole,setId/1[java.lang.Integer],id,3
E:\Siva_ood_projects\spring-boot-examples\1.x\spring-boot-shiro\src\main\java\com\neo\entity\SysRole.java,com.neo.entity.SysRole,getPermissions/0,permissions,1
E:\Siva_ood_projects\spring-boot-examples\1.x\spring-boot-shiro\src\main\java\com\neo\entity\SysRole.java,com.neo.entity.SysRole,setUserInfos/1[java.util.List<com.neo.entity.UserInfo>],userInfos,3
E:\Siva_ood_projects\spring-boot-examples\1.x\spring-boot-shiro\src\main\java\com\neo\entity\SysRole.java,com.neo.entity.SysRole,getUserInfos/0,userInfos,1
E:\Siva_ood_projects\spring-boot-examples\1.x\spring-boot-shiro\src\main\java\com\neo\entity\SysRole.java,com.neo.entity.SysRole,getRole/0,role,1
E:\Siva_ood_projects\spring-boot-examples\1.x\spring-boot-shiro\src\main\java\com\neo\entity\SysRole.java,com.neo.entity.SysRole,setAvailable/1[java.lang.Boolean],available,3
E:\Siva_ood_projects\spring-boot-examples\1.x\spring-boot-shiro\src\main\java\com\neo\entity\SysRole.java,com.neo.entity.SysRole,setPermissions/1[java.util.List<com.neo.entity.SysPermission>],permissions,3
E:\Siva_ood_projects\spring-boot-examples\spring-boot-rabbitmq\src\test\java\com\neo\rabbitmq\FanoutTest.java,com.neo.rabbitmq.FanoutTest,fanoutSender/0,sender,1
E:\Siva_ood_projects\spring-boot-examples\spring-boot-memcache-spymemcached\src\test\java\com\neo\RepositoryTests.java,com.neo.RepositoryTests,testSetGet/0,memcachedRunner,1
E:\Siva_ood_projects\spring-boot-examples\spring-boot-memcache-spymemcached\src\main\java\com\neo\config\MemcacheSource.java,com.neo.config.MemcacheSource,getPort/0,port,1
E:\Siva_ood_projects\spring-boot-examples\spring-boot-memcache-spymemcached\src\main\java\com\neo\config\MemcacheSource.java,com.neo.config.MemcacheSource,setPort/1[int],port,3
E:\Siva_ood_projects\spring-boot-examples\spring-boot-memcache-spymemcached\src\main\java\com\neo\config\MemcacheSource.java,com.neo.config.MemcacheSource,setIp/1[java.lang.String],ip,3
E:\Siva_ood_projects\spring-boot-examples\spring-boot-memcache-spymemcached\src\main\java\com\neo\config\MemcacheSource.java,com.neo.config.MemcacheSource,getIp/0,ip,1
E:\Siva_ood_projects\spring-boot-examples\spring-boot-jpa\spring-boot-jpa\src\main\java\com\neo\model\Address.java,com.neo.model.Address,getId/0,id,1
E:\Siva_ood_projects\spring-boot-examples\spring-boot-jpa\spring-boot-jpa\src\main\java\com\neo\model\Address.java,com.neo.model.Address,setUserId/1[java.lang.Long],userId,3
E:\Siva_ood_projects\spring-boot-examples\spring-boot-jpa\spring-boot-jpa\src\main\java\com\neo\model\Address.java,com.neo.model.Address,getStreet/0,street,1
E:\Siva_ood_projects\spring-boot-examples\spring-boot-jpa\spring-boot-jpa\src\main\java\com\neo\model\Address.java,com.neo.model.Address,setId/1[java.lang.Long],id,3
E:\Siva_ood_projects\spring-boot-examples\spring-boot-jpa\spring-boot-jpa\src\main\java\com\neo\model\Address.java,com.neo.model.Address,getCity/0,city,1
E:\Siva_ood_projects\spring-boot-examples\spring-boot-jpa\spring-boot-jpa\src\main\java\com\neo\model\Address.java,com.neo.model.Address,setStreet/1[java.lang.String],street,3
E:\Siva_ood_projects\spring-boot-examples\spring-boot-jpa\spring-boot-jpa\src\main\java\com\neo\model\Address.java,com.neo.model.Address,setCity/1[java.lang.String],city,3
E:\Siva_ood_projects\spring-boot-examples\spring-boot-jpa\spring-boot-jpa\src\main\java\com\neo\model\Address.java,com.neo.model.Address,getProvince/0,province,1
E:\Siva_ood_projects\spring-boot-examples\spring-boot-jpa\spring-boot-jpa\src\main\java\com\neo\model\Address.java,com.neo.model.Address,getUserId/0,userId,1
E:\Siva_ood_projects\spring-boot-examples\spring-boot-jpa\spring-boot-jpa\src\main\java\com\neo\model\Address.java,com.neo.model.Address,setProvince/1[java.lang.String],province,3
E:\Siva_ood_projects\spring-boot-examples\spring-boot-jpa\spring-boot-jpa\src\main\java\com\neo\param\UserDetailParam.java,com.neo.param.UserDetailParam,getMaxAge/0,maxAge,1
E:\Siva_ood_projects\spring-boot-examples\spring-boot-jpa\spring-boot-jpa\src\main\java\com\neo\param\UserDetailParam.java,com.neo.param.UserDetailParam,setMaxAge/1[java.lang.Integer],maxAge,3
E:\Siva_ood_projects\spring-boot-examples\spring-boot-jpa\spring-boot-jpa\src\main\java\com\neo\param\UserDetailParam.java,com.neo.param.UserDetailParam,setUserId/1[java.lang.String],userId,3
E:\Siva_ood_projects\spring-boot-examples\spring-boot-jpa\spring-boot-jpa\src\main\java\com\neo\param\UserDetailParam.java,com.neo.param.UserDetailParam,setMinAge/1[java.lang.Integer],minAge,3
E:\Siva_ood_projects\spring-boot-examples\spring-boot-jpa\spring-boot-jpa\src\main\java\com\neo\param\UserDetailParam.java,com.neo.param.UserDetailParam,getRealName/0,realName,1
E:\Siva_ood_projects\spring-boot-examples\spring-boot-jpa\spring-boot-jpa\src\main\java\com\neo\param\UserDetailParam.java,com.neo.param.UserDetailParam,getCity/0,city,1
E:\Siva_ood_projects\spring-boot-examples\spring-boot-jpa\spring-boot-jpa\src\main\java\com\neo\param\UserDetailParam.java,com.neo.param.UserDetailParam,setRealName/1[java.lang.String],realName,3
E:\Siva_ood_projects\spring-boot-examples\spring-boot-jpa\spring-boot-jpa\src\main\java\com\neo\param\UserDetailParam.java,com.neo.param.UserDetailParam,setIntroduction/1[java.lang.String],introduction,3
E:\Siva_ood_projects\spring-boot-examples\spring-boot-jpa\spring-boot-jpa\src\main\java\com\neo\param\UserDetailParam.java,com.neo.param.UserDetailParam,getMinAge/0,minAge,1
E:\Siva_ood_projects\spring-boot-examples\spring-boot-jpa\spring-boot-jpa\src\main\java\com\neo\param\UserDetailParam.java,com.neo.param.UserDetailParam,getIntroduction/0,introduction,1
E:\Siva_ood_projects\spring-boot-examples\spring-boot-jpa\spring-boot-jpa\src\main\java\com\neo\param\UserDetailParam.java,com.neo.param.UserDetailParam,getUserId/0,userId,1
E:\Siva_ood_projects\spring-boot-examples\spring-boot-jpa\spring-boot-jpa\src\main\java\com\neo\param\UserDetailParam.java,com.neo.param.UserDetailParam,setCity/1[java.lang.String],city,3
E:\Siva_ood_projects\spring-boot-examples\spring-boot-rabbitmq\src\main\java\com\neo\rabbit\object\ObjectSender.java,com.neo.rabbit.object.ObjectSender,send/1[com.neo.model.User],rabbitTemplate,1
E:\Siva_ood_projects\spring-boot-examples\spring-boot-jpa\spring-boot-jpa\src\test\java\com\neo\repository\UserDetailRepositoryTests.java,com.neo.repository.UserDetailRepositoryTests,testUserInfo/0,userDetailRepository,1
E:\Siva_ood_projects\spring-boot-examples\spring-boot-jpa\spring-boot-jpa\src\test\java\com\neo\repository\UserDetailRepositoryTests.java,com.neo.repository.UserDetailRepositoryTests,testSaveUserDetail/0,userDetailRepository,1
E:\Siva_ood_projects\spring-boot-examples\spring-boot-jpa\spring-boot-jpa\src\test\java\com\neo\repository\UserDetailRepositoryTests.java,com.neo.repository.UserDetailRepositoryTests,testSaveAddress/0,addressRepository,1
E:\Siva_ood_projects\spring-boot-examples\1.x\spring-boot-web\src\test\java\com\neo\domain\UserRepositoryTests.java,com.neo.domain.UserRepositoryTests,test/0,userRepository,7
E:\Siva_ood_projects\spring-boot-examples\spring-boot-rabbitmq\src\test\java\com\neo\rabbitmq\ManyTest.java,com.neo.rabbitmq.ManyTest,oneToMany/0,neoSender,1
E:\Siva_ood_projects\spring-boot-examples\spring-boot-rabbitmq\src\test\java\com\neo\rabbitmq\ManyTest.java,com.neo.rabbitmq.ManyTest,manyToMany/0,neoSender2,1
E:\Siva_ood_projects\spring-boot-examples\spring-boot-rabbitmq\src\test\java\com\neo\rabbitmq\ManyTest.java,com.neo.rabbitmq.ManyTest,manyToMany/0,neoSender,1
E:\Siva_ood_projects\spring-boot-examples\1.x\spring-boot-multi-mongodb\src\main\java\com\neo\model\repository\primary\PrimaryMongoObject.java,com.neo.model.repository.primary.PrimaryMongoObject,toString/0,id,1
E:\Siva_ood_projects\spring-boot-examples\1.x\spring-boot-multi-mongodb\src\main\java\com\neo\model\repository\primary\PrimaryMongoObject.java,com.neo.model.repository.primary.PrimaryMongoObject,toString/0,value,1
E:\Siva_ood_projects\spring-boot-examples\spring-boot-jpa\spring-boot-jpa\src\main\java\com\neo\model\UserDetail.java,com.neo.model.UserDetail,setId/1[java.lang.Long],id,3
E:\Siva_ood_projects\spring-boot-examples\spring-boot-jpa\spring-boot-jpa\src\main\java\com\neo\model\UserDetail.java,com.neo.model.UserDetail,getLastLoginIp/0,lastLoginIp,1
E:\Siva_ood_projects\spring-boot-examples\spring-boot-jpa\spring-boot-jpa\src\main\java\com\neo\model\UserDetail.java,com.neo.model.UserDetail,getUserId/0,userId,1
E:\Siva_ood_projects\spring-boot-examples\spring-boot-jpa\spring-boot-jpa\src\main\java\com\neo\model\UserDetail.java,com.neo.model.UserDetail,setIntroduction/1[java.lang.String],introduction,3
E:\Siva_ood_projects\spring-boot-examples\spring-boot-jpa\spring-boot-jpa\src\main\java\com\neo\model\UserDetail.java,com.neo.model.UserDetail,setHobby/1[java.lang.String],hobby,3
E:\Siva_ood_projects\spring-boot-examples\spring-boot-jpa\spring-boot-jpa\src\main\java\com\neo\model\UserDetail.java,com.neo.model.UserDetail,setUserId/1[java.lang.Long],userId,3
E:\Siva_ood_projects\spring-boot-examples\spring-boot-jpa\spring-boot-jpa\src\main\java\com\neo\model\UserDetail.java,com.neo.model.UserDetail,toString/0,realName,1
E:\Siva_ood_projects\spring-boot-examples\spring-boot-jpa\spring-boot-jpa\src\main\java\com\neo\model\UserDetail.java,com.neo.model.UserDetail,toString/0,id,1
E:\Siva_ood_projects\spring-boot-examples\spring-boot-jpa\spring-boot-jpa\src\main\java\com\neo\model\UserDetail.java,com.neo.model.UserDetail,toString/0,userId,1
E:\Siva_ood_projects\spring-boot-examples\spring-boot-jpa\spring-boot-jpa\src\main\java\com\neo\model\UserDetail.java,com.neo.model.UserDetail,toString/0,age,1
E:\Siva_ood_projects\spring-boot-examples\spring-boot-jpa\spring-boot-jpa\src\main\java\com\neo\model\UserDetail.java,com.neo.model.UserDetail,toString/0,introduction,1
E:\Siva_ood_projects\spring-boot-examples\spring-boot-jpa\spring-boot-jpa\src\main\java\com\neo\model\UserDetail.java,com.neo.model.UserDetail,toString/0,status,1
E:\Siva_ood_projects\spring-boot-examples\spring-boot-jpa\spring-boot-jpa\src\main\java\com\neo\model\UserDetail.java,com.neo.model.UserDetail,toString/0,hobby,1
E:\Siva_ood_projects\spring-boot-examples\spring-boot-jpa\spring-boot-jpa\src\main\java\com\neo\model\UserDetail.java,com.neo.model.UserDetail,toString/0,lastLoginIp,1
E:\Siva_ood_projects\spring-boot-examples\spring-boot-jpa\spring-boot-jpa\src\main\java\com\neo\model\UserDetail.java,com.neo.model.UserDetail,setStatus/1[java.lang.String],status,3
E:\Siva_ood_projects\spring-boot-examples\spring-boot-jpa\spring-boot-jpa\src\main\java\com\neo\model\UserDetail.java,com.neo.model.UserDetail,getIntroduction/0,introduction,1
E:\Siva_ood_projects\spring-boot-examples\spring-boot-jpa\spring-boot-jpa\src\main\java\com\neo\model\UserDetail.java,com.neo.model.UserDetail,setAge/1[java.lang.Integer],age,3
E:\Siva_ood_projects\spring-boot-examples\spring-boot-jpa\spring-boot-jpa\src\main\java\com\neo\model\UserDetail.java,com.neo.model.UserDetail,getStatus/0,status,1
E:\Siva_ood_projects\spring-boot-examples\spring-boot-jpa\spring-boot-jpa\src\main\java\com\neo\model\UserDetail.java,com.neo.model.UserDetail,getAge/0,age,1
E:\Siva_ood_projects\spring-boot-examples\spring-boot-jpa\spring-boot-jpa\src\main\java\com\neo\model\UserDetail.java,com.neo.model.UserDetail,getHobby/0,hobby,1
E:\Siva_ood_projects\spring-boot-examples\spring-boot-jpa\spring-boot-jpa\src\main\java\com\neo\model\UserDetail.java,com.neo.model.UserDetail,getId/0,id,1
E:\Siva_ood_projects\spring-boot-examples\spring-boot-jpa\spring-boot-jpa\src\main\java\com\neo\model\UserDetail.java,com.neo.model.UserDetail,setRealName/1[java.lang.String],realName,3
E:\Siva_ood_projects\spring-boot-examples\spring-boot-jpa\spring-boot-jpa\src\main\java\com\neo\model\UserDetail.java,com.neo.model.UserDetail,setLastLoginIp/1[java.lang.String],lastLoginIp,3
E:\Siva_ood_projects\spring-boot-examples\spring-boot-jpa\spring-boot-jpa\src\main\java\com\neo\model\UserDetail.java,com.neo.model.UserDetail,getRealName/0,realName,1
E:\Siva_ood_projects\spring-boot-examples\spring-boot-redis\src\test\java\com\neo\TestRedis.java,com.neo.TestRedis,testObj/0,redisTemplate,2
E:\Siva_ood_projects\spring-boot-examples\spring-boot-redis\src\test\java\com\neo\TestRedis.java,com.neo.TestRedis,test/0,stringRedisTemplate,2
E:\Siva_ood_projects\spring-boot-examples\1.x\spring-boot-mongodb\src\main\java\com\neo\entity\UserEntity.java,com.neo.entity.UserEntity,getUserName/0,userName,1
E:\Siva_ood_projects\spring-boot-examples\1.x\spring-boot-mongodb\src\main\java\com\neo\entity\UserEntity.java,com.neo.entity.UserEntity,getPassWord/0,passWord,1
E:\Siva_ood_projects\spring-boot-examples\1.x\spring-boot-mongodb\src\main\java\com\neo\entity\UserEntity.java,com.neo.entity.UserEntity,toString/0,passWord,1
E:\Siva_ood_projects\spring-boot-examples\1.x\spring-boot-mongodb\src\main\java\com\neo\entity\UserEntity.java,com.neo.entity.UserEntity,toString/0,id,1
E:\Siva_ood_projects\spring-boot-examples\1.x\spring-boot-mongodb\src\main\java\com\neo\entity\UserEntity.java,com.neo.entity.UserEntity,toString/0,userName,1
E:\Siva_ood_projects\spring-boot-examples\1.x\spring-boot-mongodb\src\main\java\com\neo\entity\UserEntity.java,com.neo.entity.UserEntity,setPassWord/1[java.lang.String],passWord,3
E:\Siva_ood_projects\spring-boot-examples\1.x\spring-boot-mongodb\src\main\java\com\neo\entity\UserEntity.java,com.neo.entity.UserEntity,getId/0,id,1
E:\Siva_ood_projects\spring-boot-examples\1.x\spring-boot-mongodb\src\main\java\com\neo\entity\UserEntity.java,com.neo.entity.UserEntity,setUserName/1[java.lang.String],userName,3
E:\Siva_ood_projects\spring-boot-examples\1.x\spring-boot-mongodb\src\main\java\com\neo\entity\UserEntity.java,com.neo.entity.UserEntity,setId/1[java.lang.Long],id,3
E:\Siva_ood_projects\spring-boot-examples\dockercompose-springboot-mysql-nginx\app\src\main\java\com\neo\controller\VisitorController.java,com.neo.controller.VisitorController,index/1[com.neo.controller.HttpServletRequest],repository,2
E:\Siva_ood_projects\spring-boot-examples\spring-boot-mongodb\spring-boot-multi-mongodb\src\main\java\com\neo\config\MultipleMongoConfig.java,com.neo.config.MultipleMongoConfig,primaryFactory/1[com.neo.config.MongoProperties],mongoProperties,1
E:\Siva_ood_projects\spring-boot-examples\spring-boot-mongodb\spring-boot-multi-mongodb\src\main\java\com\neo\config\MultipleMongoConfig.java,com.neo.config.MultipleMongoConfig,primaryMongoTemplate/0,mongoProperties,1
E:\Siva_ood_projects\spring-boot-examples\spring-boot-mongodb\spring-boot-multi-mongodb\src\main\java\com\neo\config\MultipleMongoConfig.java,com.neo.config.MultipleMongoConfig,secondaryFactory/1[com.neo.config.MongoProperties],mongoProperties,1
E:\Siva_ood_projects\spring-boot-examples\spring-boot-mongodb\spring-boot-multi-mongodb\src\main\java\com\neo\config\MultipleMongoConfig.java,com.neo.config.MultipleMongoConfig,secondaryMongoTemplate/0,mongoProperties,1
E:\Siva_ood_projects\spring-boot-examples\2.x\spring-boot-shiro\src\main\java\com\neo\model\SysRole.java,com.neo.model.SysRole,getDescription/0,description,1
E:\Siva_ood_projects\spring-boot-examples\2.x\spring-boot-shiro\src\main\java\com\neo\model\SysRole.java,com.neo.model.SysRole,setPermissions/1[java.util.List<com.neo.model.SysPermission>],permissions,3
E:\Siva_ood_projects\spring-boot-examples\2.x\spring-boot-shiro\src\main\java\com\neo\model\SysRole.java,com.neo.model.SysRole,setDescription/1[java.lang.String],description,3
E:\Siva_ood_projects\spring-boot-examples\2.x\spring-boot-shiro\src\main\java\com\neo\model\SysRole.java,com.neo.model.SysRole,setUserInfos/1[java.util.List<com.neo.model.UserInfo>],userInfos,3
E:\Siva_ood_projects\spring-boot-examples\2.x\spring-boot-shiro\src\main\java\com\neo\model\SysRole.java,com.neo.model.SysRole,getId/0,id,1
E:\Siva_ood_projects\spring-boot-examples\2.x\spring-boot-shiro\src\main\java\com\neo\model\SysRole.java,com.neo.model.SysRole,setRole/1[java.lang.String],role,3
E:\Siva_ood_projects\spring-boot-examples\2.x\spring-boot-shiro\src\main\java\com\neo\model\SysRole.java,com.neo.model.SysRole,getAvailable/0,available,1
E:\Siva_ood_projects\spring-boot-examples\2.x\spring-boot-shiro\src\main\java\com\neo\model\SysRole.java,com.neo.model.SysRole,setId/1[java.lang.Integer],id,3
E:\Siva_ood_projects\spring-boot-examples\2.x\spring-boot-shiro\src\main\java\com\neo\model\SysRole.java,com.neo.model.SysRole,getPermissions/0,permissions,1
E:\Siva_ood_projects\spring-boot-examples\2.x\spring-boot-shiro\src\main\java\com\neo\model\SysRole.java,com.neo.model.SysRole,getUserInfos/0,userInfos,1
E:\Siva_ood_projects\spring-boot-examples\2.x\spring-boot-shiro\src\main\java\com\neo\model\SysRole.java,com.neo.model.SysRole,getRole/0,role,1
E:\Siva_ood_projects\spring-boot-examples\2.x\spring-boot-shiro\src\main\java\com\neo\model\SysRole.java,com.neo.model.SysRole,setAvailable/1[java.lang.Boolean],available,3
E:\Siva_ood_projects\spring-boot-examples\spring-boot-rabbitmq\src\main\java\com\neo\rabbit\topic\TopicSender.java,com.neo.rabbit.topic.TopicSender,send/0,rabbitTemplate,1
E:\Siva_ood_projects\spring-boot-examples\spring-boot-rabbitmq\src\main\java\com\neo\rabbit\topic\TopicSender.java,com.neo.rabbit.topic.TopicSender,send1/0,rabbitTemplate,1
E:\Siva_ood_projects\spring-boot-examples\spring-boot-rabbitmq\src\main\java\com\neo\rabbit\topic\TopicSender.java,com.neo.rabbit.topic.TopicSender,send2/0,rabbitTemplate,1
E:\Siva_ood_projects\spring-boot-examples\spring-boot-jpa-thymeleaf-curd\src\main\java\com\neo\service\impl\UserServiceImpl.java,com.neo.service.impl.UserServiceImpl,save/1[com.neo.model.User],userRepository,1
E:\Siva_ood_projects\spring-boot-examples\spring-boot-jpa-thymeleaf-curd\src\main\java\com\neo\service\impl\UserServiceImpl.java,com.neo.service.impl.UserServiceImpl,getUserList/0,userRepository,1
E:\Siva_ood_projects\spring-boot-examples\spring-boot-jpa-thymeleaf-curd\src\main\java\com\neo\service\impl\UserServiceImpl.java,com.neo.service.impl.UserServiceImpl,findUserById/1[long],userRepository,1
E:\Siva_ood_projects\spring-boot-examples\spring-boot-jpa-thymeleaf-curd\src\main\java\com\neo\service\impl\UserServiceImpl.java,com.neo.service.impl.UserServiceImpl,edit/1[com.neo.model.User],userRepository,1
E:\Siva_ood_projects\spring-boot-examples\spring-boot-jpa-thymeleaf-curd\src\main\java\com\neo\service\impl\UserServiceImpl.java,com.neo.service.impl.UserServiceImpl,delete/1[long],userRepository,1
E:\Siva_ood_projects\spring-boot-examples\spring-boot-web-thymeleaf\src\main\java\com\neo\repository\InMemoryMessageRepository.java,com.neo.repository.InMemoryMessageRepository,findAll/0,messages,1
E:\Siva_ood_projects\spring-boot-examples\spring-boot-web-thymeleaf\src\main\java\com\neo\repository\InMemoryMessageRepository.java,com.neo.repository.InMemoryMessageRepository,save/1[com.neo.model.Message],messages,1
E:\Siva_ood_projects\spring-boot-examples\spring-boot-web-thymeleaf\src\main\java\com\neo\repository\InMemoryMessageRepository.java,com.neo.repository.InMemoryMessageRepository,save/1[com.neo.model.Message],counter,1
E:\Siva_ood_projects\spring-boot-examples\spring-boot-web-thymeleaf\src\main\java\com\neo\repository\InMemoryMessageRepository.java,com.neo.repository.InMemoryMessageRepository,deleteMessage/1[java.lang.Long],messages,1
E:\Siva_ood_projects\spring-boot-examples\spring-boot-web-thymeleaf\src\main\java\com\neo\repository\InMemoryMessageRepository.java,com.neo.repository.InMemoryMessageRepository,findMessage/1[java.lang.Long],messages,1
E:\Siva_ood_projects\spring-boot-examples\1.x\spring-boot-multi-mongodb\src\test\java\com\neo\model\repository\MuliDatabaseTest.java,com.neo.model.repository.MuliDatabaseTest,TestSave/0,primaryRepository,2
E:\Siva_ood_projects\spring-boot-examples\1.x\spring-boot-multi-mongodb\src\test\java\com\neo\model\repository\MuliDatabaseTest.java,com.neo.model.repository.MuliDatabaseTest,TestSave/0,secondaryRepository,2
E:\Siva_ood_projects\spring-boot-examples\spring-boot-rabbitmq\src\main\java\com\neo\rabbit\hello\HelloSender.java,com.neo.rabbit.hello.HelloSender,send/0,rabbitTemplate,1
E:\Siva_ood_projects\spring-boot-examples\spring-boot-jpa\spring-boot-multi-Jpa\src\main\java\com\neo\config\SecondaryConfig.java,com.neo.config.SecondaryConfig,entityManagerFactorySecondary/1[com.neo.config.EntityManagerFactoryBuilder],vendorProperties,1
E:\Siva_ood_projects\spring-boot-examples\spring-boot-jpa\spring-boot-multi-Jpa\src\main\java\com\neo\config\SecondaryConfig.java,com.neo.config.SecondaryConfig,entityManagerFactorySecondary/1[com.neo.config.EntityManagerFactoryBuilder],secondaryDataSource,1
E:\Siva_ood_projects\spring-boot-examples\spring-boot-helloWorld\src\test\java\com\neo\controller\HelloTests.java,com.neo.controller.HelloTests,getHello/0,mvc,1
E:\Siva_ood_projects\spring-boot-examples\spring-boot-mybatis\spring-boot-mybatis-annotation\src\test\java\com\neo\mapper\UserMapperTest.java,com.neo.mapper.UserMapperTest,testInsert/0,userMapper,4
E:\Siva_ood_projects\spring-boot-examples\spring-boot-mybatis\spring-boot-mybatis-annotation\src\test\java\com\neo\mapper\UserMapperTest.java,com.neo.mapper.UserMapperTest,testQuery/0,userMapper,1
E:\Siva_ood_projects\spring-boot-examples\spring-boot-mybatis\spring-boot-mybatis-annotation\src\test\java\com\neo\mapper\UserMapperTest.java,com.neo.mapper.UserMapperTest,testUpdate/0,userMapper,3
E:\Siva_ood_projects\spring-boot-examples\spring-boot-mail\src\test\java\com\neo\service\MailServiceTest.java,com.neo.service.MailServiceTest,sendInlineResourceMail/0,mailService,1
E:\Siva_ood_projects\spring-boot-examples\spring-boot-mail\src\test\java\com\neo\service\MailServiceTest.java,com.neo.service.MailServiceTest,testHtmlMail/0,mailService,1
E:\Siva_ood_projects\spring-boot-examples\spring-boot-mail\src\test\java\com\neo\service\MailServiceTest.java,com.neo.service.MailServiceTest,sendTemplateMail/0,templateEngine,1
E:\Siva_ood_projects\spring-boot-examples\spring-boot-mail\src\test\java\com\neo\service\MailServiceTest.java,com.neo.service.MailServiceTest,sendTemplateMail/0,mailService,1
E:\Siva_ood_projects\spring-boot-examples\spring-boot-mail\src\test\java\com\neo\service\MailServiceTest.java,com.neo.service.MailServiceTest,testSimpleMail/0,mailService,1
E:\Siva_ood_projects\spring-boot-examples\spring-boot-mail\src\test\java\com\neo\service\MailServiceTest.java,com.neo.service.MailServiceTest,sendAttachmentsMail/0,mailService,1
E:\Siva_ood_projects\spring-boot-examples\1.x\spring-boot-fastDFS\src\main\java\com\neo\fastdfs\FastDFSClient.java,com.neo.fastdfs.FastDFSClient,"downFile/2[java.lang.String,java.lang.String]",storageServer,1
E:\Siva_ood_projects\spring-boot-examples\1.x\spring-boot-fastDFS\src\main\java\com\neo\fastdfs\FastDFSClient.java,com.neo.fastdfs.FastDFSClient,"downFile/2[java.lang.String,java.lang.String]",logger,2
E:\Siva_ood_projects\spring-boot-examples\1.x\spring-boot-fastDFS\src\main\java\com\neo\fastdfs\FastDFSClient.java,com.neo.fastdfs.FastDFSClient,"downFile/2[java.lang.String,java.lang.String]",storageClient,2
E:\Siva_ood_projects\spring-boot-examples\1.x\spring-boot-fastDFS\src\main\java\com\neo\fastdfs\FastDFSClient.java,com.neo.fastdfs.FastDFSClient,"downFile/2[java.lang.String,java.lang.String]",trackerServer,1
E:\Siva_ood_projects\spring-boot-examples\1.x\spring-boot-fastDFS\src\main\java\com\neo\fastdfs\FastDFSClient.java,com.neo.fastdfs.FastDFSClient,"getFetchStorages/2[java.lang.String,java.lang.String]",trackerClient,1
E:\Siva_ood_projects\spring-boot-examples\1.x\spring-boot-fastDFS\src\main\java\com\neo\fastdfs\FastDFSClient.java,com.neo.fastdfs.FastDFSClient,"getFetchStorages/2[java.lang.String,java.lang.String]",trackerServer,1
E:\Siva_ood_projects\spring-boot-examples\1.x\spring-boot-fastDFS\src\main\java\com\neo\fastdfs\FastDFSClient.java,com.neo.fastdfs.FastDFSClient,getStoreStorages/1[java.lang.String],trackerClient,1
E:\Siva_ood_projects\spring-boot-examples\1.x\spring-boot-fastDFS\src\main\java\com\neo\fastdfs\FastDFSClient.java,com.neo.fastdfs.FastDFSClient,getStoreStorages/1[java.lang.String],trackerServer,1
E:\Siva_ood_projects\spring-boot-examples\1.x\spring-boot-fastDFS\src\main\java\com\neo\fastdfs\FastDFSClient.java,com.neo.fastdfs.FastDFSClient,"getFile/2[java.lang.String,java.lang.String]",storageServer,1
E:\Siva_ood_projects\spring-boot-examples\1.x\spring-boot-fastDFS\src\main\java\com\neo\fastdfs\FastDFSClient.java,com.neo.fastdfs.FastDFSClient,"getFile/2[java.lang.String,java.lang.String]",logger,2
E:\Siva_ood_projects\spring-boot-examples\1.x\spring-boot-fastDFS\src\main\java\com\neo\fastdfs\FastDFSClient.java,com.neo.fastdfs.FastDFSClient,"getFile/2[java.lang.String,java.lang.String]",storageClient,2
E:\Siva_ood_projects\spring-boot-examples\1.x\spring-boot-fastDFS\src\main\java\com\neo\fastdfs\FastDFSClient.java,com.neo.fastdfs.FastDFSClient,"getFile/2[java.lang.String,java.lang.String]",trackerServer,1
E:\Siva_ood_projects\spring-boot-examples\1.x\spring-boot-fastDFS\src\main\java\com\neo\fastdfs\FastDFSClient.java,com.neo.fastdfs.FastDFSClient,upload/1[com.neo.fastdfs.FastDFSFile],storageServer,1
E:\Siva_ood_projects\spring-boot-examples\1.x\spring-boot-fastDFS\src\main\java\com\neo\fastdfs\FastDFSClient.java,com.neo.fastdfs.FastDFSClient,upload/1[com.neo.fastdfs.FastDFSFile],logger,6
E:\Siva_ood_projects\spring-boot-examples\1.x\spring-boot-fastDFS\src\main\java\com\neo\fastdfs\FastDFSClient.java,com.neo.fastdfs.FastDFSClient,upload/1[com.neo.fastdfs.FastDFSFile],storageClient,3
E:\Siva_ood_projects\spring-boot-examples\1.x\spring-boot-fastDFS\src\main\java\com\neo\fastdfs\FastDFSClient.java,com.neo.fastdfs.FastDFSClient,upload/1[com.neo.fastdfs.FastDFSFile],trackerServer,1
E:\Siva_ood_projects\spring-boot-examples\1.x\spring-boot-fastDFS\src\main\java\com\neo\fastdfs\FastDFSClient.java,com.neo.fastdfs.FastDFSClient,"deleteFile/2[java.lang.String,java.lang.String]",storageServer,1
E:\Siva_ood_projects\spring-boot-examples\1.x\spring-boot-fastDFS\src\main\java\com\neo\fastdfs\FastDFSClient.java,com.neo.fastdfs.FastDFSClient,"deleteFile/2[java.lang.String,java.lang.String]",logger,1
E:\Siva_ood_projects\spring-boot-examples\1.x\spring-boot-fastDFS\src\main\java\com\neo\fastdfs\FastDFSClient.java,com.neo.fastdfs.FastDFSClient,"deleteFile/2[java.lang.String,java.lang.String]",storageClient,2
E:\Siva_ood_projects\spring-boot-examples\1.x\spring-boot-fastDFS\src\main\java\com\neo\fastdfs\FastDFSClient.java,com.neo.fastdfs.FastDFSClient,"deleteFile/2[java.lang.String,java.lang.String]",trackerServer,1
E:\Siva_ood_projects\spring-boot-examples\1.x\spring-boot-fastDFS\src\main\java\com\neo\fastdfs\FastDFSClient.java,com.neo.fastdfs.FastDFSClient,getTrackerUrl/0,trackerServer,1
E:\Siva_ood_projects\spring-boot-examples\spring-boot-file-upload\src\main\java\com\neo\controller\UploadController.java,com.neo.controller.UploadController,"singleFileUpload/2[com.neo.controller.MultipartFile,com.neo.controller.RedirectAttributes]",UPLOADED_FOLDER,2
E:\Siva_ood_projects\spring-boot-examples\1.x\spring-boot-shiro\src\main\java\com\neo\sevice\impl\UserInfoServiceImpl.java,com.neo.sevice.impl.UserInfoServiceImpl,findByUsername/1[java.lang.String],userInfoDao,1
E:\Siva_ood_projects\spring-boot-examples\spring-boot-rabbitmq\src\test\java\com\neo\rabbitmq\TopicTest.java,com.neo.rabbitmq.TopicTest,topic1/0,sender,1
E:\Siva_ood_projects\spring-boot-examples\spring-boot-rabbitmq\src\test\java\com\neo\rabbitmq\TopicTest.java,com.neo.rabbitmq.TopicTest,topic/0,sender,1
E:\Siva_ood_projects\spring-boot-examples\spring-boot-rabbitmq\src\test\java\com\neo\rabbitmq\TopicTest.java,com.neo.rabbitmq.TopicTest,topic2/0,sender,1
E:\Siva_ood_projects\spring-boot-examples\2.x\spring-boot-shiro\src\main\java\com\neo\model\SysPermission.java,com.neo.model.SysPermission,getUrl/0,url,1
E:\Siva_ood_projects\spring-boot-examples\2.x\spring-boot-shiro\src\main\java\com\neo\model\SysPermission.java,com.neo.model.SysPermission,setPermission/1[java.lang.String],permission,3
E:\Siva_ood_projects\spring-boot-examples\2.x\spring-boot-shiro\src\main\java\com\neo\model\SysPermission.java,com.neo.model.SysPermission,getResourceType/0,resourceType,1
E:\Siva_ood_projects\spring-boot-examples\2.x\spring-boot-shiro\src\main\java\com\neo\model\SysPermission.java,com.neo.model.SysPermission,setResourceType/1[java.lang.String],resourceType,3
E:\Siva_ood_projects\spring-boot-examples\2.x\spring-boot-shiro\src\main\java\com\neo\model\SysPermission.java,com.neo.model.SysPermission,setName/1[java.lang.String],name,3
E:\Siva_ood_projects\spring-boot-examples\2.x\spring-boot-shiro\src\main\java\com\neo\model\SysPermission.java,com.neo.model.SysPermission,getParentIds/0,parentIds,1
E:\Siva_ood_projects\spring-boot-examples\2.x\spring-boot-shiro\src\main\java\com\neo\model\SysPermission.java,com.neo.model.SysPermission,setParentIds/1[java.lang.String],parentIds,3
E:\Siva_ood_projects\spring-boot-examples\2.x\spring-boot-shiro\src\main\java\com\neo\model\SysPermission.java,com.neo.model.SysPermission,getName/0,name,1
E:\Siva_ood_projects\spring-boot-examples\2.x\spring-boot-shiro\src\main\java\com\neo\model\SysPermission.java,com.neo.model.SysPermission,setUrl/1[java.lang.String],url,3
E:\Siva_ood_projects\spring-boot-examples\2.x\spring-boot-shiro\src\main\java\com\neo\model\SysPermission.java,com.neo.model.SysPermission,getRoles/0,roles,1
E:\Siva_ood_projects\spring-boot-examples\2.x\spring-boot-shiro\src\main\java\com\neo\model\SysPermission.java,com.neo.model.SysPermission,getPermission/0,permission,1
E:\Siva_ood_projects\spring-boot-examples\2.x\spring-boot-shiro\src\main\java\com\neo\model\SysPermission.java,com.neo.model.SysPermission,getAvailable/0,available,1
E:\Siva_ood_projects\spring-boot-examples\2.x\spring-boot-shiro\src\main\java\com\neo\model\SysPermission.java,com.neo.model.SysPermission,getId/0,id,1
E:\Siva_ood_projects\spring-boot-examples\2.x\spring-boot-shiro\src\main\java\com\neo\model\SysPermission.java,com.neo.model.SysPermission,setId/1[java.lang.Integer],id,3
E:\Siva_ood_projects\spring-boot-examples\2.x\spring-boot-shiro\src\main\java\com\neo\model\SysPermission.java,com.neo.model.SysPermission,setParentId/1[java.lang.Long],parentId,3
E:\Siva_ood_projects\spring-boot-examples\2.x\spring-boot-shiro\src\main\java\com\neo\model\SysPermission.java,com.neo.model.SysPermission,setRoles/1[java.util.List<com.neo.model.SysRole>],roles,3
E:\Siva_ood_projects\spring-boot-examples\2.x\spring-boot-shiro\src\main\java\com\neo\model\SysPermission.java,com.neo.model.SysPermission,getParentId/0,parentId,1
E:\Siva_ood_projects\spring-boot-examples\2.x\spring-boot-shiro\src\main\java\com\neo\model\SysPermission.java,com.neo.model.SysPermission,setAvailable/1[java.lang.Boolean],available,3
E:\Siva_ood_projects\spring-boot-examples\dockercompose-springboot-mysql-nginx\app\src\main\java\com\neo\entity\Visitor.java,com.neo.entity.Visitor,setTimes/1[long],times,3
E:\Siva_ood_projects\spring-boot-examples\dockercompose-springboot-mysql-nginx\app\src\main\java\com\neo\entity\Visitor.java,com.neo.entity.Visitor,getId/0,id,1
E:\Siva_ood_projects\spring-boot-examples\dockercompose-springboot-mysql-nginx\app\src\main\java\com\neo\entity\Visitor.java,com.neo.entity.Visitor,setId/1[long],id,3
E:\Siva_ood_projects\spring-boot-examples\dockercompose-springboot-mysql-nginx\app\src\main\java\com\neo\entity\Visitor.java,com.neo.entity.Visitor,setIp/1[java.lang.String],ip,3
E:\Siva_ood_projects\spring-boot-examples\dockercompose-springboot-mysql-nginx\app\src\main\java\com\neo\entity\Visitor.java,com.neo.entity.Visitor,getIp/0,ip,1
E:\Siva_ood_projects\spring-boot-examples\dockercompose-springboot-mysql-nginx\app\src\main\java\com\neo\entity\Visitor.java,com.neo.entity.Visitor,getTimes/0,times,1
E:\Siva_ood_projects\spring-boot-examples\spring-boot-rabbitmq\src\test\java\com\neo\rabbitmq\HelloTest.java,com.neo.rabbitmq.HelloTest,hello/0,helloSender,1
E:\Siva_ood_projects\spring-boot-examples\2.x\spring-boot-swagger\src\main\java\com\neo\controller\UserController.java,com.neo.controller.UserController,deleteUser/1[java.lang.Long],users,1
E:\Siva_ood_projects\spring-boot-examples\2.x\spring-boot-swagger\src\main\java\com\neo\controller\UserController.java,com.neo.controller.UserController,ignoreMe/1[java.lang.Long],users,1
E:\Siva_ood_projects\spring-boot-examples\2.x\spring-boot-swagger\src\main\java\com\neo\controller\UserController.java,com.neo.controller.UserController,getUser/1[java.lang.Long],users,1
E:\Siva_ood_projects\spring-boot-examples\2.x\spring-boot-swagger\src\main\java\com\neo\controller\UserController.java,com.neo.controller.UserController,getUserList/0,users,1
E:\Siva_ood_projects\spring-boot-examples\2.x\spring-boot-swagger\src\main\java\com\neo\controller\UserController.java,com.neo.controller.UserController,postUser/1[com.neo.model.User],users,1
E:\Siva_ood_projects\spring-boot-examples\2.x\spring-boot-swagger\src\main\java\com\neo\controller\UserController.java,com.neo.controller.UserController,"putUser/2[java.lang.Long,com.neo.model.User]",users,2
