file,class,type,cbo,cboModified,fanin,fanout,wmc,dit,noc,rfc,lcom,lcom*,tcc,lcc,totalMethodsQty,staticMethodsQty,publicMethodsQty,privateMethodsQty,protectedMethodsQty,defaultMethodsQty,visibleMethodsQty,abstractMethodsQty,finalMethodsQty,synchronizedMethodsQty,totalFieldsQty,staticFieldsQty,publicFieldsQty,privateFieldsQty,protectedFieldsQty,defaultFieldsQty,finalFieldsQty,synchronizedFieldsQty,nosi,loc,returnQty,loopQty,comparisonsQty,tryCatchQty,parenthesizedExpsQty,stringLiteralsQty,numbersQty,assignmentsQty,mathOperationsQty,variablesQty,maxNestedBlocksQty,anonymousClassesQty,innerClassesQty,lambdasQty,uniqueWordsQty,modifiers,logStatementsQty
E:\Siva_ood_projects\spring-boot-examples\spring-boot-jpa\spring-boot-multi-Jpa\src\main\java\com\neo\config\PrimaryConfig.java,com.neo.config.PrimaryConfig,class,13,14,1,13,3,1,0,8,3,0.6666667,0.0,0.0,3,0,2,0,0,1,3,0,0,0,2,0,0,2,0,0,0,0,0,13,3,0,0,0,0,10,0,0,0,2,0,0,0,0,22,1,0
E:\Siva_ood_projects\spring-boot-examples\spring-boot-rabbitmq\src\main\java\com\neo\rabbit\many\NeoSender2.java,com.neo.rabbit.many.NeoSender2,class,3,4,1,3,1,1,0,2,0,0.0,NaN,NaN,1,0,1,0,0,0,1,0,0,0,1,0,0,1,0,0,0,0,0,8,0,0,0,0,0,4,0,1,2,2,0,0,0,0,10,1,0
E:\Siva_ood_projects\spring-boot-examples\spring-boot-mail\src\main\java\com\neo\service\impl\MailServiceImpl.java,com.neo.service.impl.MailServiceImpl,class,10,10,0,10,8,1,0,14,0,0.0,1.0,1.0,4,0,4,0,0,0,4,0,0,0,3,0,0,3,0,0,1,0,0,69,0,0,0,4,0,9,0,11,0,13,1,0,0,0,38,1,8
E:\Siva_ood_projects\spring-boot-examples\spring-boot-thymeleaf\spring-boot-thymeleaf\src\main\java\com\neo\web\ExampleController.java,com.neo.web.ExampleController,class,5,6,1,5,7,1,0,3,21,0.0,0.0,0.0,7,0,6,1,0,0,6,0,0,0,0,0,0,0,0,0,0,0,0,40,7,0,0,0,0,36,4,4,0,4,0,0,0,0,19,1,0
E:\Siva_ood_projects\spring-boot-examples\spring-boot-mail\src\main\java\com\neo\service\MailService.java,com.neo.service.MailService,interface,0,2,2,0,4,1,0,0,6,0.0,0.0,0.0,4,0,0,0,0,4,4,0,0,0,0,0,0,0,0,0,0,0,0,6,0,0,0,0,0,0,0,0,0,0,0,0,0,0,17,1,0
E:\Siva_ood_projects\spring-boot-examples\1.x\spring-boot-web\src\test\java\com\neo\web\HelloControlerTests.java,com.neo.web.HelloControlerTests,class,7,7,0,7,3,1,0,14,0,0.0,1.0,1.0,3,0,3,0,0,0,3,0,0,0,1,0,0,1,0,0,0,0,0,12,0,0,0,0,0,3,0,1,0,1,0,0,0,0,16,1,0
E:\Siva_ood_projects\spring-boot-examples\spring-boot-jpa\spring-boot-jpa\src\main\java\com\neo\model\UserInfo.java,com.neo.model.UserInfo,interface,0,3,3,0,4,1,0,0,6,0.0,0.0,0.0,4,0,0,0,0,4,4,0,0,0,0,0,0,0,0,0,0,0,0,6,0,0,0,0,0,0,0,0,0,0,0,0,0,0,7,1,0
E:\Siva_ood_projects\spring-boot-examples\spring-boot-mongodb\spring-boot-multi-mongodb\src\test\java\com\neo\repository\MuliDatabaseTest.java,com.neo.repository.MuliDatabaseTest,class,8,8,0,8,3,1,0,4,0,0.0,NaN,NaN,1,0,1,0,0,0,1,0,0,0,2,0,0,2,0,0,0,0,0,22,0,2,0,0,0,10,0,2,0,4,1,0,0,0,12,1,0
E:\Siva_ood_projects\spring-boot-examples\spring-boot-webflux\src\test\java\com\neo\HelloTests.java,com.neo.HelloTests,class,7,7,0,7,1,1,0,5,0,0.0,NaN,NaN,1,0,1,0,0,0,1,0,0,0,1,0,0,0,0,1,0,0,0,6,0,0,0,0,0,1,0,0,0,1,0,0,0,0,8,1,0
E:\Siva_ood_projects\spring-boot-examples\spring-boot-jpa\spring-boot-multi-Jpa\src\test\java\com\neo\repository\UserRepositoryTests.java,UserRepositoryTests,class,11,11,0,11,3,1,0,9,0,0.0,0.0,0.0,3,0,3,0,0,0,3,0,0,0,2,0,0,2,0,0,0,0,0,29,0,0,0,0,0,16,3,7,0,9,0,0,0,0,18,1,0
E:\Siva_ood_projects\spring-boot-examples\spring-boot-jpa\spring-boot-jpa\src\main\java\com\neo\service\UserDetailService.java,com.neo.service.UserDetailService,interface,4,6,2,4,1,1,0,0,0,0.0,NaN,NaN,1,0,1,0,0,0,1,0,0,0,0,0,0,0,0,0,0,0,0,3,0,0,0,0,0,0,0,0,0,0,0,0,0,0,9,1,0
E:\Siva_ood_projects\spring-boot-examples\spring-boot-jpa\spring-boot-multi-Jpa\src\main\java\com\neo\config\DataSourceConfig.java,com.neo.config.DataSourceConfig,class,8,8,0,8,3,1,0,4,3,0.6666667,0.0,0.0,3,0,3,0,0,0,3,0,0,0,2,0,0,2,0,0,0,0,0,13,3,0,0,0,0,5,0,0,0,2,0,0,0,0,14,1,0
E:\Siva_ood_projects\spring-boot-examples\spring-boot-web\src\main\java\com\neo\WebApplication.java,com.neo.WebApplication,class,2,3,1,2,1,1,0,1,0,0.0,NaN,NaN,1,1,1,0,0,0,1,0,0,0,0,0,0,0,0,0,0,0,0,5,0,0,0,0,0,0,0,0,0,0,0,0,0,0,4,1,0
E:\Siva_ood_projects\spring-boot-examples\1.x\spring-boot-actuator\src\test\java\com\neo\ActuatorApplicationTests.java,com.neo.ActuatorApplicationTests,class,4,4,0,4,1,1,0,1,0,0.0,NaN,NaN,1,0,1,0,0,0,1,0,0,0,0,0,0,0,0,0,0,0,0,5,0,0,0,0,0,1,0,0,0,0,0,0,0,0,5,1,0
E:\Siva_ood_projects\spring-boot-examples\1.x\spring-boot-shiro\src\main\java\com\neo\entity\UserInfo.java,com.neo.entity.UserInfo,class,8,13,5,8,15,1,0,0,83,0.8476191,0.104761906,0.14285715,15,0,15,0,0,0,15,0,0,0,7,0,0,7,0,0,0,0,0,54,8,0,0,0,0,3,0,7,1,7,0,0,0,0,25,1,0
E:\Siva_ood_projects\spring-boot-examples\spring-boot-redis\src\main\java\com\neo\config\RedisConfig.java,com.neo.config.RedisConfig$Anonymous1,anonymous,0,0,0,0,2,1,0,6,0,0.0,NaN,NaN,1,0,1,0,0,0,1,0,0,0,0,0,0,0,0,0,0,0,0,11,1,1,0,0,0,0,0,1,0,1,1,0,0,0,8,-1,0
E:\Siva_ood_projects\spring-boot-examples\spring-boot-memcache-spymemcached\src\main\java\com\neo\config\MemcachedRunner.java,com.neo.config.MemcachedRunner,class,6,7,1,6,3,1,0,5,0,0.33333334,1.0,1.0,2,0,2,0,0,0,2,0,0,0,3,0,0,2,1,0,0,0,0,16,1,0,0,1,0,1,0,3,0,3,1,0,0,0,23,1,1
E:\Siva_ood_projects\spring-boot-examples\spring-boot-web\src\main\java\com\neo\repository\UserRepository.java,UserRepository,interface,2,9,2,7,2,1,0,0,1,0.0,0.0,0.0,2,0,0,0,0,2,2,0,0,0,0,0,0,0,0,0,0,0,0,4,0,0,0,0,0,0,0,0,0,0,0,0,0,0,9,1,0
E:\Siva_ood_projects\spring-boot-examples\spring-boot-file-upload\src\main\java\com\neo\FileUploadWebApplication.java,com.neo.FileUploadWebApplication,class,6,8,1,7,3,1,0,4,1,0.0,0.0,0.0,2,1,2,0,0,0,2,0,0,0,0,0,0,0,0,0,0,0,0,15,1,0,0,0,2,0,1,1,0,2,2,0,0,1,16,1,0
E:\Siva_ood_projects\spring-boot-examples\spring-boot-web-thymeleaf\src\test\java\com\neo\MessageControllerWebTests.java,com.neo.MessageControllerWebTests$RegexMatcher,innerclass,4,4,0,4,5,2,0,4,0,0.2,0.3,0.3,5,1,5,0,0,0,5,0,0,0,1,0,0,1,0,0,1,0,1,18,2,0,0,0,0,3,0,1,0,1,0,0,0,0,14,10,0
E:\Siva_ood_projects\spring-boot-examples\2.x\spring-boot-mybatis-plus\src\main\java\com\neo\MyBatisPlusApplication.java,com.neo.MyBatisPlusApplication,class,2,3,1,2,1,1,0,1,0,0.0,NaN,NaN,1,1,1,0,0,0,1,0,0,0,0,0,0,0,0,0,0,0,0,5,0,0,0,0,0,0,0,0,0,0,0,0,0,0,6,1,0
E:\Siva_ood_projects\spring-boot-examples\2.x\spring-boot-rabbitmq\src\main\java\com\neo\rabbit\object\ObjectReceiver.java,ObjectReceiver,class,3,3,0,3,1,1,0,1,0,0.0,NaN,NaN,1,0,1,0,0,0,1,0,0,0,0,0,0,0,0,0,0,0,0,5,0,0,0,0,0,2,0,0,1,0,0,0,0,0,7,1,0
E:\Siva_ood_projects\spring-boot-examples\spring-boot-mongodb\spring-boot-multi-mongodb\src\main\java\com\neo\config\props\MultipleMongoProperties.java,com.neo.config.props.MultipleMongoProperties,class,2,6,3,3,4,1,0,0,2,0.5,0.33333334,0.33333334,4,0,4,0,0,0,4,0,0,0,2,0,0,2,0,0,0,0,0,16,2,0,0,0,0,1,0,4,0,2,0,0,0,0,10,1,0
E:\Siva_ood_projects\spring-boot-examples\spring-boot-rabbitmq\src\main\java\com\neo\rabbit\many\NeoSender.java,com.neo.rabbit.many.NeoSender,class,3,4,1,3,1,1,0,2,0,0.0,NaN,NaN,1,0,1,0,0,0,1,0,0,0,1,0,0,1,0,0,0,0,0,8,0,0,0,0,0,4,0,1,2,2,0,0,0,0,10,1,0
E:\Siva_ood_projects\spring-boot-examples\2.x\spring-boot-redis\src\main\java\com\neo\config\RedisConfig.java,RedisConfig,class,5,5,0,5,1,1,0,0,0,0.0,NaN,NaN,1,0,1,0,0,0,1,0,0,0,0,0,0,0,0,0,0,0,0,16,1,0,0,0,0,0,0,0,0,0,0,1,0,0,8,1,0
E:\Siva_ood_projects\spring-boot-examples\1.x\spring-boot-shiro\src\main\java\com\neo\dao\UserInfoDao.java,com.neo.dao.UserInfoDao,interface,2,3,1,2,1,1,0,0,0,0.0,NaN,NaN,1,0,1,0,0,0,1,0,0,0,0,0,0,0,0,0,0,0,0,3,0,0,0,0,0,0,0,0,0,0,0,0,0,0,7,1,0
E:\Siva_ood_projects\spring-boot-examples\spring-boot-scheduler\src\main\java\com\neo\SchedulerApplication.java,com.neo.SchedulerApplication,class,3,4,1,3,1,1,0,1,0,0.0,NaN,NaN,1,1,1,0,0,0,1,0,0,0,0,0,0,0,0,0,0,0,0,5,0,0,0,0,0,0,0,0,0,0,0,0,0,0,4,1,0
E:\Siva_ood_projects\spring-boot-examples\2.x\spring-boot-rabbitmq\src\main\java\com\neo\rabbit\many\NeoSender.java,NeoSender,class,4,5,1,4,1,1,0,2,0,0.0,NaN,NaN,1,0,1,0,0,0,1,0,0,0,1,0,0,1,0,0,0,0,0,8,0,0,0,0,0,4,0,1,2,2,0,0,0,0,10,1,0
E:\Siva_ood_projects\spring-boot-examples\2.x\spring-boot-shiro\src\main\java\com\neo\config\MyShiroRealm.java,MyShiroRealm,class,10,11,1,10,5,1,0,15,1,0.5,0.0,0.0,2,0,0,0,2,0,2,0,0,0,1,0,0,1,0,0,0,0,0,27,3,2,1,0,0,3,0,5,1,6,2,0,0,0,28,1,0
E:\Siva_ood_projects\spring-boot-examples\2.x\spring-boot-scheduler\src\main\java\com\neo\task\Scheduler2Task.java,Scheduler2Task,class,4,4,0,4,1,1,0,2,0,0.0,NaN,NaN,1,0,1,0,0,0,1,0,0,0,1,1,0,1,0,0,1,0,0,6,0,0,0,0,0,2,1,1,1,1,0,0,0,0,15,1,0
E:\Siva_ood_projects\spring-boot-examples\2.x\spring-boot-mongodb\spring-boot-multi-mongodb\src\main\java\com\neo\config\MultipleMongoConfig.java,MultipleMongoConfig,class,11,11,0,11,4,1,0,6,0,0.0,0.0,0.0,4,0,4,0,0,0,4,0,0,0,1,0,0,1,0,0,0,0,0,17,4,0,0,0,0,2,0,2,0,3,0,0,0,0,18,1,0
E:\Siva_ood_projects\spring-boot-examples\spring-boot-web-thymeleaf\src\main\java\com\neo\model\Message.java,com.neo.model.Message,class,1,5,3,2,8,1,0,1,20,0.75,0.14285715,0.14285715,8,0,8,0,0,0,8,0,0,0,4,0,0,4,0,0,0,0,1,30,4,0,0,0,0,2,0,5,0,4,0,0,0,0,15,1,0
E:\Siva_ood_projects\spring-boot-examples\2.x\spring-boot-web-thymeleaf\src\main\java\com\neo\repository\InMemoryMessageRepository.java,InMemoryMessageRepository,class,8,9,1,8,5,1,0,7,0,0.375,0.0,0.0,4,0,4,0,0,0,4,0,0,0,2,1,0,2,0,0,1,0,0,22,3,0,1,0,0,0,0,4,0,3,1,0,0,0,15,1,0
E:\Siva_ood_projects\spring-boot-examples\2.x\spring-boot-rabbitmq\src\main\java\com\neo\rabbit\RabbitConfig.java,RabbitConfig,class,3,3,0,3,3,1,0,0,3,0.0,0.0,0.0,3,0,3,0,0,0,3,0,0,0,0,0,0,0,0,0,0,0,0,11,3,0,0,0,0,3,0,0,0,0,0,0,0,0,6,1,0
E:\Siva_ood_projects\spring-boot-examples\1.x\spring-boot-mybatis-xml\src\main\java\com\neo\entity\UserEntity.java,UserEntity,class,5,12,7,5,13,1,0,1,42,0.7948718,0.0,0.0,13,0,13,0,0,0,13,0,0,0,6,1,0,6,0,0,1,0,0,50,6,0,0,0,0,3,1,9,1,6,0,0,0,0,27,1,0
E:\Siva_ood_projects\spring-boot-examples\spring-boot-mybatis\spring-boot-mybatis-annotation-mulidatasource\src\test\java\com\neo\MAMApplicationTests.java,com.neo.MAMApplicationTests,class,4,4,0,4,1,1,0,1,0,0.0,NaN,NaN,1,0,1,0,0,0,1,0,0,0,0,0,0,0,0,0,0,0,0,5,0,0,0,0,0,1,0,0,0,0,0,0,0,0,6,1,0
E:\Siva_ood_projects\spring-boot-examples\1.x\spring-boot-web\src\test\java\com\neo\util\TestRedis.java,com.neo.util.TestRedis,class,9,9,0,9,3,1,0,7,1,0.5,0.0,0.0,2,0,2,0,0,0,2,0,0,0,2,0,0,2,0,0,0,0,1,22,0,0,0,0,0,14,2,3,0,5,1,0,0,0,14,1,0
E:\Siva_ood_projects\spring-boot-examples\2.x\spring-boot-web\src\main\java\com\neo\web\ThymeleafController.java,ThymeleafController,class,5,5,0,5,1,1,0,3,0,0.0,NaN,NaN,1,0,1,0,0,0,1,0,0,0,0,0,0,0,0,0,0,0,0,10,1,0,0,0,0,5,0,3,0,3,0,0,0,0,10,1,0
E:\Siva_ood_projects\spring-boot-examples\spring-boot-mybatis\spring-boot-mybatis-xml-mulidatasource\src\main\java\com\neo\datasource\DataSource1Config.java,DataSource1Config,class,12,12,0,12,4,1,0,6,6,0.0,0.0,0.0,4,0,4,0,0,0,4,0,0,0,0,0,0,0,0,0,0,0,0,17,4,0,0,0,0,11,0,1,0,1,0,0,0,0,31,1,0
E:\Siva_ood_projects\spring-boot-examples\2.x\spring-boot-jpa-thymeleaf-curd\src\main\java\com\neo\service\impl\UserServiceImpl.java,UserServiceImpl,class,7,7,0,7,5,1,0,4,0,0.0,0.0,0.0,5,0,5,0,0,0,5,0,0,0,1,0,0,1,0,0,0,0,0,18,2,0,0,0,0,0,0,0,0,1,0,0,0,0,14,1,0
E:\Siva_ood_projects\spring-boot-examples\spring-boot-mongodb\spring-boot-multi-mongodb\src\test\java\com\neo\MultiMongodbApplicationTests.java,com.neo.MultiMongodbApplicationTests,class,4,4,0,4,1,1,0,1,0,0.0,NaN,NaN,1,0,1,0,0,0,1,0,0,0,0,0,0,0,0,0,0,0,0,5,0,0,0,0,0,1,0,0,0,0,0,0,0,0,6,1,0
E:\Siva_ood_projects\spring-boot-examples\2.x\spring-boot-elasticsearch\src\test\java\com\neo\repository\CustomerRepositoryTest.java,com.neo.repository.CustomerRepositoryTest,class,19,19,0,19,10,1,0,26,0,0.5,0.75,0.75,8,0,8,0,0,0,8,0,0,0,2,0,0,2,0,0,0,0,0,73,0,2,0,0,0,38,10,16,4,17,1,1,0,0,49,1,0
E:\Siva_ood_projects\spring-boot-examples\spring-boot-rabbitmq\src\main\java\com\neo\rabbit\fanout\FanoutSender.java,com.neo.rabbit.fanout.FanoutSender,class,3,4,1,3,1,1,0,2,0,0.0,NaN,NaN,1,0,1,0,0,0,1,0,0,0,1,0,0,1,0,0,0,0,0,8,0,0,0,0,0,4,0,1,1,2,0,0,0,0,9,1,0
E:\Siva_ood_projects\spring-boot-examples\2.x\spring-boot-swagger\src\test\java\com\neo\web\MessageControllerTest.java,com.neo.web.MessageControllerTest,class,12,13,1,12,10,1,0,16,0,0.4375,1.0,1.0,8,0,7,1,0,0,7,0,0,0,2,0,0,2,0,0,0,0,0,57,0,1,0,1,0,34,2,13,9,14,2,0,0,0,25,1,0
E:\Siva_ood_projects\spring-boot-examples\spring-boot-web\src\test\java\com\neo\web\ProPertiesTest.java,com.neo.web.ProPertiesTest,class,6,6,0,6,2,1,0,5,1,0.5,0.0,0.0,2,0,2,0,0,0,2,0,0,0,1,0,0,1,0,0,0,0,0,12,0,0,0,0,0,3,0,1,0,2,0,0,0,0,14,1,0
E:\Siva_ood_projects\spring-boot-examples\spring-boot-rabbitmq\src\main\java\com\neo\rabbit\hello\HelloReceiver.java,com.neo.rabbit.hello.HelloReceiver,class,3,3,0,3,1,1,0,1,0,0.0,NaN,NaN,1,0,1,0,0,0,1,0,0,0,0,0,0,0,0,0,0,0,0,5,0,0,0,0,0,2,0,0,1,0,0,0,0,0,5,1,0
E:\Siva_ood_projects\spring-boot-examples\spring-boot-jpa\spring-boot-multi-Jpa\src\main\java\com\neo\repository\test1\UserTest1Repository.java,com.neo.repository.test1.UserTest1Repository,interface,2,2,0,2,3,1,0,0,3,0.0,0.0,0.0,3,0,0,0,0,3,3,0,0,0,0,0,0,0,0,0,0,0,0,5,0,0,0,0,0,0,0,0,0,0,0,0,0,0,12,1,0
E:\Siva_ood_projects\spring-boot-examples\spring-boot-mybatis\spring-boot-mybatis-annotation\src\main\java\com\neo\mapper\UserMapper.java,com.neo.mapper.UserMapper,interface,8,11,2,9,5,1,0,0,10,0.0,0.0,0.0,5,0,0,0,0,5,5,0,0,0,0,0,0,0,0,0,0,0,0,7,0,0,0,0,0,13,0,0,0,0,0,0,0,0,33,1,0
E:\Siva_ood_projects\spring-boot-examples\2.x\spring-boot-shiro\src\main\java\com\neo\sevice\UserInfoService.java,UserInfoService,interface,1,3,2,1,1,1,1,0,0,0.0,NaN,NaN,1,0,1,0,0,0,1,0,0,0,0,0,0,0,0,0,0,0,0,3,0,0,0,0,0,0,0,0,0,0,0,0,0,0,7,1,0
E:\Siva_ood_projects\spring-boot-examples\spring-boot-mongodb\spring-boot-mongodb\src\test\java\com\neo\repository\UserRepositoryTest.java,com.neo.repository.UserRepositoryTest,class,7,7,0,7,4,1,0,8,0,0.0,1.0,1.0,4,0,4,0,0,0,4,0,0,0,1,0,0,1,0,0,0,0,0,24,0,0,0,0,0,6,3,3,1,4,0,0,0,0,21,1,0
E:\Siva_ood_projects\spring-boot-examples\1.x\spring-boot-shiro\src\main\java\com\neo\config\ShiroConfig.java,com.neo.config.ShiroConfig,class,9,10,1,9,6,1,0,17,15,0.0,0.0,0.0,6,0,6,0,0,0,6,0,0,0,0,0,0,0,0,0,0,0,0,47,6,0,0,0,0,18,1,8,0,8,0,0,0,0,37,1,0
E:\Siva_ood_projects\spring-boot-examples\spring-boot-jpa\spring-boot-jpa\src\main\java\com\neo\repository\UserRepository.java,com.neo.repository.UserRepository,interface,8,14,5,9,8,1,0,0,28,0.0,0.0,0.0,8,0,0,0,0,8,8,0,0,0,0,0,0,0,0,0,0,0,0,10,0,0,0,0,0,4,1,0,0,0,0,0,0,0,25,1,0
E:\Siva_ood_projects\spring-boot-examples\spring-boot-memcache-spymemcached\src\test\java\com\neo\MemcacheApplicationTests.java,com.neo.MemcacheApplicationTests,class,4,4,0,4,1,1,0,0,0,0.0,NaN,NaN,1,0,1,0,0,0,1,0,0,0,0,0,0,0,0,0,0,0,0,4,0,0,0,0,0,0,0,0,0,0,0,0,0,0,5,1,0
E:\Siva_ood_projects\spring-boot-examples\spring-boot-mongodb\spring-boot-multi-mongodb\src\main\java\com\neo\repository\primary\PrimaryRepository.java,com.neo.repository.primary.PrimaryRepository,interface,1,2,1,1,0,1,0,0,0,0.0,-1.0,-1.0,0,0,0,0,0,0,0,0,0,0,0,0,0,0,0,0,0,0,0,2,0,0,0,0,0,0,0,0,0,0,0,0,0,0,3,1,0
E:\Siva_ood_projects\spring-boot-examples\2.x\spring-boot-elasticsearch\src\main\java\com\neo\service\CustomersInterface.java,com.neo.service.CustomersInterface,interface,1,2,1,1,1,1,0,0,0,0.0,NaN,NaN,1,0,1,0,0,0,1,0,0,0,0,0,0,0,0,0,0,0,0,3,0,0,0,0,0,0,0,0,0,0,0,0,0,0,6,1,0
E:\Siva_ood_projects\spring-boot-examples\2.x\spring-boot-package-war\src\main\java\com\neo\ServletInitializer.java,ServletInitializer,class,4,4,0,4,1,1,0,1,0,0.0,NaN,NaN,1,0,0,0,1,0,1,0,0,0,0,0,0,0,0,0,0,0,0,5,1,0,0,0,0,0,0,0,0,0,0,0,0,0,12,1,0
E:\Siva_ood_projects\spring-boot-examples\spring-boot-jpa\spring-boot-jpa\src\test\java\com\neo\repository\JpaSpecificationTests.java,com.neo.repository.JpaSpecificationTests,class,10,11,0,11,2,1,0,9,0,0.0,NaN,NaN,1,0,1,0,0,0,1,0,0,0,1,0,0,1,0,0,0,0,0,15,0,1,0,0,0,3,4,5,1,6,1,0,0,0,18,1,0
E:\Siva_ood_projects\spring-boot-examples\2.x\spring-boot-scheduler\src\main\java\com\neo\task\SchedulerTask.java,SchedulerTask,class,2,2,0,2,1,1,0,1,0,0.0,-1.0,-1.0,1,0,0,1,0,0,0,0,0,0,1,0,0,1,0,0,0,0,0,6,0,0,0,0,1,2,1,1,1,1,0,0,0,0,13,1,0
E:\Siva_ood_projects\spring-boot-examples\2.x\spring-boot-admin-simple\spring-boot-admin-client\src\test\java\com\neo\AdminClientApplicationTests.java,AdminClientApplicationTests,class,4,4,0,4,1,1,0,0,0,0.0,NaN,NaN,1,0,1,0,0,0,1,0,0,0,0,0,0,0,0,0,0,0,0,4,0,0,0,0,0,0,0,0,0,0,0,0,0,0,6,1,0
E:\Siva_ood_projects\spring-boot-examples\spring-boot-mybatis\spring-boot-mybatis-annotation\src\test\java\com\neo\MybatisAnnotationApplicationTests.java,com.neo.MybatisAnnotationApplicationTests,class,4,4,0,4,1,1,0,1,0,0.0,NaN,NaN,1,0,1,0,0,0,1,0,0,0,0,0,0,0,0,0,0,0,0,5,0,0,0,0,0,1,0,0,0,0,0,0,0,0,6,1,0
E:\Siva_ood_projects\spring-boot-examples\spring-boot-mybatis\spring-boot-mybatis-xml\src\main\java\com\neo\mapper\UserMapper.java,UserMapper,interface,2,13,2,11,5,1,0,0,10,0.0,0.0,0.0,5,0,0,0,0,5,5,0,0,0,0,0,0,0,0,0,0,0,0,7,0,0,0,0,0,0,0,0,0,0,0,0,0,0,11,1,0
E:\Siva_ood_projects\spring-boot-examples\spring-boot-rabbitmq\src\test\java\com\neo\rabbitmq\ObjectTest.java,com.neo.rabbitmq.ObjectTest,class,7,7,0,7,1,1,0,3,0,0.0,NaN,NaN,1,0,1,0,0,0,1,0,0,0,1,0,0,1,0,0,0,0,0,9,0,0,0,0,0,2,0,1,0,2,0,0,0,0,9,1,0
E:\Siva_ood_projects\spring-boot-examples\spring-boot-mongodb\spring-boot-multi-mongodb\src\main\java\com\neo\config\SecondaryMongoConfig.java,com.neo.config.SecondaryMongoConfig,class,4,4,0,4,0,1,0,0,0,0.0,-1.0,-1.0,0,0,0,0,0,0,0,0,0,0,0,0,0,0,0,0,0,0,0,2,0,0,0,0,0,2,0,0,0,0,0,0,0,0,5,1,0
E:\Siva_ood_projects\spring-boot-examples\2.x\spring-boot-rabbitmq\src\test\java\com\neo\rabbitmq\FanoutTest.java,FanoutTest,class,6,6,0,6,1,1,0,1,0,0.0,NaN,NaN,1,0,1,0,0,0,1,0,0,0,1,0,0,1,0,0,0,0,0,6,0,0,0,0,0,0,0,0,0,1,0,0,0,0,6,1,0
E:\Siva_ood_projects\spring-boot-examples\2.x\spring-boot-rabbitmq\src\main\java\com\neo\rabbit\TopicRabbitConfig.java,TopicRabbitConfig,class,6,6,0,6,5,1,0,3,10,0.8,0.0,0.0,5,0,2,0,0,3,5,0,0,0,2,2,0,0,0,2,2,0,0,19,5,0,0,0,0,5,0,2,0,2,0,0,0,0,13,1,0
E:\Siva_ood_projects\spring-boot-examples\spring-boot-web-thymeleaf\src\main\java\com\neo\ThymeleafApplication.java,ThymeleafApplication$Anonymous1,anonymous,2,2,0,2,1,1,0,3,0,0.0,NaN,NaN,1,0,1,0,0,0,1,0,0,0,0,0,0,0,0,0,0,0,0,5,1,0,0,0,0,0,0,0,0,0,0,0,0,0,5,-1,0
E:\Siva_ood_projects\spring-boot-examples\1.x\spring-boot-shiro\src\main\java\com\neo\sevice\UserInfoService.java,com.neo.sevice.UserInfoService,interface,1,3,2,1,1,1,0,0,0,0.0,NaN,NaN,1,0,1,0,0,0,1,0,0,0,0,0,0,0,0,0,0,0,0,3,0,0,0,0,0,0,0,0,0,0,0,0,0,0,7,1,0
E:\Siva_ood_projects\spring-boot-examples\spring-boot-mongodb\spring-boot-multi-mongodb\src\main\java\com\neo\config\PrimaryMongoConfig.java,com.neo.config.PrimaryMongoConfig,class,4,4,0,4,0,1,0,0,0,0.0,-1.0,-1.0,0,0,0,0,0,0,0,0,0,0,0,0,0,0,0,0,0,0,0,2,0,0,0,0,0,2,0,0,0,0,0,0,0,0,5,1,0
E:\Siva_ood_projects\spring-boot-examples\spring-boot-commandLineRunner\src\main\java\com\neo\runner\OrderRunner1.java,com.neo.runner.OrderRunner1,class,3,3,0,3,1,1,0,1,0,0.0,NaN,NaN,1,0,1,0,0,0,1,0,0,0,0,0,0,0,0,0,0,0,0,5,0,0,0,0,0,1,1,0,0,0,0,0,0,0,11,1,0
E:\Siva_ood_projects\spring-boot-examples\spring-boot-commandLineRunner\src\main\java\com\neo\runner\OrderRunner2.java,com.neo.runner.OrderRunner2,class,3,3,0,3,1,1,0,1,0,0.0,NaN,NaN,1,0,1,0,0,0,1,0,0,0,0,0,0,0,0,0,0,0,0,5,0,0,0,0,0,1,1,0,0,0,0,0,0,0,11,1,0
E:\Siva_ood_projects\spring-boot-examples\2.x\spring-boot-fastDFS\src\main\java\com\neo\FastDFSApplication.java,FastDFSApplication,class,6,7,1,6,3,1,0,4,1,0.0,0.0,0.0,2,1,2,0,0,0,2,0,0,0,0,0,0,0,0,0,0,0,0,15,1,0,0,0,2,0,1,1,0,2,2,0,0,1,18,1,0
E:\Siva_ood_projects\spring-boot-examples\spring-boot-mybatis\spring-boot-mybatis-annotation-mulidatasource\src\test\java\com\neo\mapper\User1MapperTest.java,com.neo.mapper.User1MapperTest,class,7,8,0,8,5,1,0,12,0,0.0,1.0,1.0,3,0,3,0,0,0,3,0,0,0,1,0,0,1,0,0,0,0,0,24,0,0,2,0,1,9,3,2,0,3,1,0,0,0,13,1,0
E:\Siva_ood_projects\spring-boot-examples\spring-boot-scheduler\src\main\java\com\neo\task\SchedulerTask.java,com.neo.task.SchedulerTask,class,2,2,0,2,1,1,0,1,0,0.0,-1.0,-1.0,1,0,0,1,0,0,0,0,0,0,1,0,0,1,0,0,0,0,0,6,0,0,0,0,1,2,1,1,1,1,0,0,0,0,13,1,0
E:\Siva_ood_projects\spring-boot-examples\spring-boot-mail\src\main\java\com\neo\MailApplication.java,com.neo.MailApplication,class,2,3,1,2,1,1,0,1,0,0.0,NaN,NaN,1,1,1,0,0,0,1,0,0,0,0,0,0,0,0,0,0,0,0,5,0,0,0,0,0,0,0,0,0,0,0,0,0,0,4,1,0
E:\Siva_ood_projects\spring-boot-examples\spring-boot-package\spring-boot-package\src\main\java\com\neo\PackageApplication.java,com.neo.PackageApplication,class,4,5,1,4,2,2,0,2,1,0.0,0.0,0.0,2,1,1,0,1,0,2,0,0,0,0,0,0,0,0,0,0,0,0,8,1,0,0,0,0,0,0,0,0,0,0,0,0,0,11,1,0
E:\Siva_ood_projects\spring-boot-examples\spring-boot-jpa\spring-boot-multi-Jpa\src\main\java\com\neo\MultiJpaApplication.java,com.neo.MultiJpaApplication,class,2,3,1,2,1,1,0,1,0,0.0,NaN,NaN,1,1,1,0,0,0,1,0,0,0,0,0,0,0,0,0,0,0,0,5,0,0,0,0,0,0,0,0,0,0,0,0,0,0,5,1,0
E:\Siva_ood_projects\spring-boot-examples\1.x\spring-boot-mongodb\src\main\java\com\neo\dao\UserDao.java,com.neo.dao.UserDao,interface,1,3,2,1,4,1,0,0,6,0.0,0.0,0.0,4,0,4,0,0,0,4,0,0,0,0,0,0,0,0,0,0,0,0,6,0,0,0,0,0,0,0,0,0,0,0,0,0,0,17,1,0
E:\Siva_ood_projects\spring-boot-examples\2.x\spring-boot-rabbitmq\src\main\java\com\neo\rabbit\hello\HelloReceiver.java,HelloReceiver,class,3,3,0,3,1,1,0,1,0,0.0,NaN,NaN,1,0,1,0,0,0,1,0,0,0,0,0,0,0,0,0,0,0,0,5,0,0,0,0,0,2,0,0,1,0,0,0,0,0,5,1,0
E:\Siva_ood_projects\spring-boot-examples\spring-boot-mongodb\spring-boot-mongodb\src\test\java\com\neo\MongoDBApplicationTests.java,com.neo.MongoDBApplicationTests,class,4,4,0,4,1,1,0,1,0,0.0,NaN,NaN,1,0,1,0,0,0,1,0,0,0,0,0,0,0,0,0,0,0,0,5,0,0,0,0,0,1,0,0,0,0,0,0,0,0,7,1,0
E:\Siva_ood_projects\spring-boot-examples\2.x\spring-boot-swagger\src\test\java\com\neo\SwaggerApplicationTests.java,com.neo.SwaggerApplicationTests,class,1,1,0,1,1,1,0,0,0,0.0,NaN,NaN,1,0,1,0,0,0,1,0,0,0,0,0,0,0,0,0,0,0,0,4,0,0,0,0,0,0,0,0,0,0,0,0,0,0,4,1,0
E:\Siva_ood_projects\spring-boot-examples\1.x\spring-boot-shiro\src\main\java\com\neo\config\MyShiroRealm.java,com.neo.config.MyShiroRealm,class,12,13,1,12,5,2,0,16,1,0.5,0.0,0.0,2,0,0,0,2,0,2,0,0,0,1,0,0,1,0,0,0,0,0,27,3,2,1,0,0,3,0,5,1,6,2,0,0,0,28,1,0
E:\Siva_ood_projects\spring-boot-examples\2.x\spring-boot-swagger\src\main\java\com\neo\config\SwaggerConfig.java,com.neo.config.SwaggerConfig,class,8,9,1,8,2,1,0,13,1,0.0,NaN,NaN,2,0,1,1,0,0,1,0,0,0,0,0,0,0,0,0,0,0,0,8,2,0,0,0,0,8,0,0,0,0,0,0,0,0,11,1,0
E:\Siva_ood_projects\spring-boot-examples\2.x\spring-boot-mongodb\spring-boot-multi-mongodb\src\main\java\com\neo\config\props\MultipleMongoProperties.java,MultipleMongoProperties,class,2,6,4,2,4,1,0,0,2,0.5,0.0,0.0,4,0,4,0,0,0,4,0,0,0,2,0,0,2,0,0,0,0,0,16,2,0,0,0,0,1,0,4,0,2,0,0,0,0,10,1,0
E:\Siva_ood_projects\spring-boot-examples\1.x\spring-boot-shiro\src\main\java\com\neo\entity\SysPermission.java,com.neo.entity.SysPermission,class,8,10,2,8,18,1,0,0,135,0.8888889,0.05882353,0.05882353,18,0,18,0,0,0,18,0,0,0,9,0,0,9,0,0,0,0,0,65,9,0,0,0,0,4,0,10,0,9,0,0,0,0,27,1,0
E:\Siva_ood_projects\spring-boot-examples\spring-boot-mybatis\spring-boot-mybatis-xml-mulidatasource\src\test\java\com\neo\MXMApplicationTests.java,com.neo.MXMApplicationTests,class,4,4,0,4,1,1,0,1,0,0.0,NaN,NaN,1,0,1,0,0,0,1,0,0,0,0,0,0,0,0,0,0,0,0,5,0,0,0,0,0,1,0,0,0,0,0,0,0,0,6,1,0
E:\Siva_ood_projects\spring-boot-examples\spring-boot-jpa\spring-boot-jpa\src\main\java\com\neo\JpaApplication.java,com.neo.JpaApplication,class,2,3,1,2,1,1,0,1,0,0.0,NaN,NaN,1,1,1,0,0,0,1,0,0,0,0,0,0,0,0,0,0,0,0,5,0,0,0,0,0,0,0,0,0,0,0,0,0,0,4,1,0
E:\Siva_ood_projects\spring-boot-examples\1.x\spring-boot-admin-simple\spring-boot-admin-client\src\test\java\com\neo\AdminClientApplicationTests.java,com.neo.AdminClientApplicationTests,class,4,4,0,4,1,1,0,0,0,0.0,NaN,NaN,1,0,1,0,0,0,1,0,0,0,0,0,0,0,0,0,0,0,0,4,0,0,0,0,0,0,0,0,0,0,0,0,0,0,6,1,0
E:\Siva_ood_projects\spring-boot-examples\spring-boot-mybatis\spring-boot-mybatis-xml-mulidatasource\src\test\java\com\neo\mapper\User2MapperTest.java,User2MapperTest,class,9,10,0,10,5,1,0,11,0,0.0,0.0,0.0,3,0,3,0,0,0,3,0,0,0,1,0,0,1,0,0,0,0,0,26,0,0,2,0,1,9,2,3,0,4,1,0,0,0,15,1,0
E:\Siva_ood_projects\spring-boot-examples\1.x\spring-boot-jpa-thymeleaf-curd\src\main\java\com\neo\entity\User.java,com.neo.entity.User,class,5,10,5,5,8,1,0,0,20,0.75,0.14285715,0.14285715,8,0,8,0,0,0,8,0,0,0,4,0,0,4,0,0,0,0,0,34,8,0,0,0,0,0,0,4,0,4,0,0,0,0,14,1,0
E:\Siva_ood_projects\spring-boot-examples\spring-boot-rabbitmq\src\main\java\com\neo\RabbitMQApplication.java,com.neo.RabbitMQApplication,class,2,3,1,2,1,1,0,1,0,0.0,NaN,NaN,1,1,1,0,0,0,1,0,0,0,0,0,0,0,0,0,0,0,0,5,0,0,0,0,0,0,0,0,0,0,0,0,0,0,6,1,0
E:\Siva_ood_projects\spring-boot-examples\spring-boot-rabbitmq\src\main\java\com\neo\rabbit\fanout\FanoutReceiverC.java,com.neo.rabbit.fanout.FanoutReceiverC,class,3,3,0,3,1,1,0,1,0,0.0,NaN,NaN,1,0,1,0,0,0,1,0,0,0,0,0,0,0,0,0,0,0,0,5,0,0,0,0,0,2,0,0,1,0,0,0,0,0,6,1,0
E:\Siva_ood_projects\spring-boot-examples\spring-boot-rabbitmq\src\main\java\com\neo\rabbit\fanout\FanoutReceiverB.java,com.neo.rabbit.fanout.FanoutReceiverB,class,3,3,0,3,1,1,0,1,0,0.0,NaN,NaN,1,0,1,0,0,0,1,0,0,0,0,0,0,0,0,0,0,0,0,5,0,0,0,0,0,2,0,0,1,0,0,0,0,0,6,1,0
E:\Siva_ood_projects\spring-boot-examples\spring-boot-rabbitmq\src\main\java\com\neo\rabbit\fanout\FanoutReceiverA.java,com.neo.rabbit.fanout.FanoutReceiverA,class,3,3,0,3,1,1,0,1,0,0.0,NaN,NaN,1,0,1,0,0,0,1,0,0,0,0,0,0,0,0,0,0,0,0,5,0,0,0,0,0,2,0,0,1,0,0,0,0,0,6,1,0
E:\Siva_ood_projects\spring-boot-examples\2.x\spring-boot-swagger\src\main\java\com\neo\config\BaseResult.java,com.neo.config.BaseResult,class,5,8,3,5,14,1,0,2,35,0.7285714,0.2,0.2888889,14,4,10,4,0,0,10,0,0,0,5,2,0,5,0,0,2,0,0,74,7,0,0,0,0,9,1,8,1,5,0,0,1,0,31,1,0
E:\Siva_ood_projects\spring-boot-examples\spring-boot-package\spring-boot-package-war\src\test\java\com\neo\controller\HelloTests.java,HelloTests,class,7,12,0,12,2,1,0,11,0,0.0,0.0,0.0,2,0,2,0,0,0,2,0,0,0,1,0,0,1,0,0,0,0,0,9,0,0,0,0,0,2,0,1,0,1,0,0,0,0,15,1,0
E:\Siva_ood_projects\spring-boot-examples\2.x\spring-boot-jpa-thymeleaf-curd\src\main\java\com\neo\JpaThymeleafApplication.java,JpaThymeleafApplication,class,5,6,1,5,2,1,0,2,1,0.0,0.0,0.0,2,1,1,0,1,0,2,0,0,0,0,0,0,0,0,0,0,0,0,8,1,0,0,0,0,0,0,0,0,0,0,0,0,0,13,1,0
E:\Siva_ood_projects\spring-boot-examples\spring-boot-mongodb\spring-boot-mongodb\src\main\java\com\neo\repository\impl\UserRepositoryImpl.java,com.neo.repository.impl.UserRepositoryImpl,class,8,8,0,8,5,1,0,11,0,0.0,1.0,1.0,4,0,4,0,0,0,4,0,0,0,1,0,0,1,0,0,0,0,0,22,3,0,1,0,0,5,1,6,0,7,1,0,0,0,26,1,0
E:\Siva_ood_projects\spring-boot-examples\spring-boot-mybatis\spring-boot-mybatis-xml-mulidatasource\src\main\java\com\neo\datasource\DataSource2Config.java,DataSource2Config,class,11,11,0,11,4,1,0,6,6,0.0,0.0,0.0,4,0,4,0,0,0,4,0,0,0,0,0,0,0,0,0,0,0,0,17,4,0,0,0,0,11,0,1,0,1,0,0,0,0,31,1,0
E:\Siva_ood_projects\spring-boot-examples\spring-boot-package\spring-boot-package\src\test\java\com\neo\controller\HelloWorldControlerTests.java,com.neo.controller.HelloWorldControlerTests,class,7,7,0,7,2,1,0,11,0,0.0,1.0,1.0,2,0,2,0,0,0,2,0,0,0,1,0,0,1,0,0,0,0,0,9,0,0,0,0,0,1,0,1,0,1,0,0,0,0,12,1,0
E:\Siva_ood_projects\spring-boot-examples\2.x\spring-boot-admin-simple\spring-boot-admin-client\src\main\java\com\neo\AdminClientApplication.java,AdminClientApplication,class,2,3,1,2,1,1,0,1,0,0.0,NaN,NaN,1,1,1,0,0,0,1,0,0,0,0,0,0,0,0,0,0,0,0,5,0,0,0,0,0,0,0,0,0,0,0,0,0,0,5,1,0
E:\Siva_ood_projects\spring-boot-examples\1.x\spring-boot-fastDFS\src\main\java\com\neo\fastdfs\FastDFSFile.java,com.neo.fastdfs.FastDFSFile,class,1,3,2,1,12,1,0,0,26,0.7166667,0.3030303,0.6969697,12,0,12,0,0,0,12,0,0,0,5,0,0,5,0,0,0,0,0,50,5,0,0,0,0,0,0,12,0,5,0,0,0,0,17,1,0
E:\Siva_ood_projects\spring-boot-examples\2.x\spring-boot-elasticsearch\src\test\java\com\neo\ElasticsearchApplicationTests.java,com.neo.ElasticsearchApplicationTests,class,4,4,0,4,1,1,0,1,0,0.0,NaN,NaN,1,0,1,0,0,0,1,0,0,0,0,0,0,0,0,0,0,0,0,5,0,0,0,0,0,1,0,0,0,0,0,0,0,0,6,1,0
E:\Siva_ood_projects\spring-boot-examples\2.x\spring-boot-shiro\src\test\java\com\neo\ShiroApplicationTests.java,com.neo.ShiroApplicationTests,class,4,4,0,4,1,1,0,0,0,0.0,NaN,NaN,1,0,1,0,0,0,1,0,0,0,0,0,0,0,0,0,0,0,0,4,0,0,0,0,0,0,0,0,0,0,0,0,0,0,5,1,0
E:\Siva_ood_projects\spring-boot-examples\spring-boot-thymeleaf\spring-boot-thymeleaf-layout\src\main\java\com\neo\web\IndexController.java,com.neo.web.IndexController,class,2,2,0,2,4,1,0,0,6,0.0,0.0,0.0,4,0,4,0,0,0,4,0,0,0,0,0,0,0,0,0,0,0,0,14,4,0,0,0,0,8,0,0,0,0,0,0,0,0,6,1,0
E:\Siva_ood_projects\spring-boot-examples\spring-boot-jpa-thymeleaf-curd\src\main\java\com\neo\web\UserController.java,com.neo.web.UserController,class,6,7,0,7,7,1,0,6,1,0.2857143,0.47619048,0.47619048,7,0,7,0,0,0,7,0,0,0,1,0,0,0,0,1,0,0,0,31,7,0,0,0,0,16,0,2,0,3,0,0,0,0,17,1,0
E:\Siva_ood_projects\spring-boot-examples\2.x\spring-boot-actuator\src\main\java\com\neo\ActuatorApplication.java,ActuatorApplication,class,2,3,1,2,1,1,0,1,0,0.0,NaN,NaN,1,1,1,0,0,0,1,0,0,0,0,0,0,0,0,0,0,0,0,5,0,0,0,0,0,0,0,0,0,0,0,0,0,0,4,1,0
E:\Siva_ood_projects\spring-boot-examples\spring-boot-docker\src\main\java\com\neo\DockerApplication.java,com.neo.DockerApplication,class,2,3,1,2,1,1,0,1,0,0.0,NaN,NaN,1,1,1,0,0,0,1,0,0,0,0,0,0,0,0,0,0,0,0,5,0,0,0,0,0,0,0,0,0,0,0,0,0,0,4,1,0
E:\Siva_ood_projects\spring-boot-examples\2.x\spring-boot-web\src\main\java\com\neo\WebConfiguration.java,MyFilter,innerclass,3,4,1,3,3,1,0,3,3,0.0,0.0,0.0,3,0,3,0,0,0,3,0,0,0,0,0,0,0,0,0,0,0,0,11,0,0,0,0,0,1,0,1,1,1,0,0,0,0,17,1,0
E:\Siva_ood_projects\spring-boot-examples\2.x\spring-boot-mybatis-plus\src\test\java\com\neo\MyBatisPlusApplicationTests.java,com.neo.MyBatisPlusApplicationTests,class,4,4,0,4,1,1,0,0,0,0.0,NaN,NaN,1,0,1,0,0,0,1,0,0,0,0,0,0,0,0,0,0,0,0,4,0,0,0,0,0,0,0,0,0,0,0,0,0,0,7,1,0
E:\Siva_ood_projects\spring-boot-examples\spring-boot-rabbitmq\src\main\java\com\neo\rabbit\object\ObjectReceiver.java,com.neo.rabbit.object.ObjectReceiver,class,4,4,0,4,1,1,0,1,0,0.0,NaN,NaN,1,0,1,0,0,0,1,0,0,0,0,0,0,0,0,0,0,0,0,5,0,0,0,0,0,2,0,0,1,0,0,0,0,0,7,1,0
E:\Siva_ood_projects\spring-boot-examples\2.x\spring-boot-rabbitmq\src\test\java\com\neo\rabbitmq\HelloTest.java,HelloTest,class,6,6,0,6,1,1,0,1,0,0.0,NaN,NaN,1,0,1,0,0,0,1,0,0,0,1,0,0,1,0,0,0,0,0,6,0,0,0,0,0,0,0,0,0,1,0,0,0,0,5,1,0
E:\Siva_ood_projects\spring-boot-examples\spring-boot-web-thymeleaf\src\test\java\com\neo\MessageControllerWebTests.java,com.neo.MessageControllerWebTests,class,11,11,0,11,4,2,0,15,0,0.375,1.0,1.0,4,0,4,0,0,0,4,0,0,0,2,0,0,2,0,0,0,0,0,34,0,0,0,0,0,15,0,1,0,2,0,0,1,0,24,1,0
E:\Siva_ood_projects\spring-boot-examples\spring-boot-helloWorld\src\main\java\com\neo\controller\HelloWorldController.java,com.neo.controller.HelloWorldController,class,2,3,1,2,1,1,0,0,0,0.0,NaN,NaN,1,0,1,0,0,0,1,0,0,0,0,0,0,0,0,0,0,0,0,5,1,0,0,0,0,2,0,0,0,0,0,0,0,0,4,1,0
E:\Siva_ood_projects\spring-boot-examples\1.x\spring-boot-mongodb\src\test\java\com\neo\dao\UserDaoTest.java,com.neo.dao.UserDaoTest,class,7,7,0,7,4,1,0,8,0,0.0,1.0,1.0,4,0,4,0,0,0,4,0,0,0,1,0,0,1,0,0,0,0,0,24,0,0,0,0,0,6,3,3,1,4,0,0,0,0,21,1,0
E:\Siva_ood_projects\spring-boot-examples\spring-boot-redis\src\main\java\com\neo\config\RedisConfig.java,com.neo.config.RedisConfig,class,6,13,0,13,1,2,0,0,0,0.0,NaN,NaN,1,0,1,0,0,0,1,0,0,0,0,0,0,0,0,0,0,0,0,16,1,0,0,0,0,0,0,0,0,0,0,1,0,0,8,1,0
E:\Siva_ood_projects\spring-boot-examples\spring-boot-mybatis\spring-boot-mybatis-xml\src\test\java\com\neo\web\UserControllerTest.java,com.neo.web.UserControllerTest,class,8,8,0,8,2,1,0,7,0,0.25,1.0,1.0,2,0,2,0,0,0,2,0,0,0,2,0,0,2,0,0,0,0,0,10,0,0,0,0,0,1,0,1,0,2,0,0,0,0,16,1,0
E:\Siva_ood_projects\spring-boot-examples\spring-boot-file-upload\src\main\java\com\neo\controller\GlobalExceptionHandler.java,com.neo.controller.GlobalExceptionHandler,class,4,4,0,4,1,1,0,3,0,0.0,NaN,NaN,1,0,1,0,0,0,1,0,0,0,0,0,0,0,0,0,0,0,0,7,1,0,0,0,0,2,0,0,0,0,0,0,0,0,9,1,0
E:\Siva_ood_projects\spring-boot-examples\2.x\spring-boot-swagger\src\main\java\com\neo\SwaggerApplication.java,com.neo.SwaggerApplication,class,2,3,1,2,1,1,0,1,0,0.0,NaN,NaN,1,1,1,0,0,0,1,0,0,0,0,0,0,0,0,0,0,0,0,5,0,0,0,0,0,0,0,0,0,0,0,0,0,0,4,1,0
E:\Siva_ood_projects\spring-boot-examples\spring-boot-scheduler\src\main\java\com\neo\task\Scheduler2Task.java,com.neo.task.Scheduler2Task,class,2,2,0,2,1,1,0,2,0,0.0,NaN,NaN,1,0,1,0,0,0,1,0,0,0,1,1,0,1,0,0,1,0,0,6,0,0,0,0,0,2,1,1,1,1,0,0,0,0,15,1,0
E:\Siva_ood_projects\spring-boot-examples\spring-boot-jpa\spring-boot-jpa\src\main\java\com\neo\service\UserDetailServiceImpl.java,com.neo.service.UserDetailServiceImpl,class,11,11,0,11,6,1,0,16,0,0.0,NaN,NaN,1,0,1,0,0,0,1,0,0,0,1,0,0,1,0,0,0,0,0,23,2,0,3,0,0,6,0,2,1,6,2,0,0,1,16,1,0
E:\Siva_ood_projects\spring-boot-examples\spring-boot-hello\src\main\java\com\neo\controller\HelloController.java,com.neo.controller.HelloController,class,2,4,2,2,1,1,0,0,0,0.0,NaN,NaN,1,0,1,0,0,0,1,0,0,0,0,0,0,0,0,0,0,0,0,5,1,0,0,0,0,2,0,0,0,0,0,0,0,0,5,1,0
E:\Siva_ood_projects\spring-boot-examples\2.x\spring-boot-swagger\src\main\java\com\neo\config\BaseResult.java,com.neo.config.BaseResult$ResponseParam,innerclass,1,1,0,1,6,1,0,0,0,0.33333334,0.6,1.0,6,1,5,1,0,0,5,0,0,0,2,0,0,2,0,0,0,0,0,23,3,0,0,0,0,0,0,4,0,2,0,0,0,0,9,9,0
E:\Siva_ood_projects\spring-boot-examples\1.x\spring-boot-multi-mongodb\src\main\java\com\neo\model\repository\secondary\SecondaryMongoObject.java,com.neo.model.repository.secondary.SecondaryMongoObject,class,5,6,1,5,1,1,0,0,0,0.0,NaN,NaN,1,0,1,0,0,0,1,0,0,0,2,0,0,2,0,0,0,0,0,7,1,0,0,0,0,4,0,0,2,2,0,0,0,0,9,1,0
E:\Siva_ood_projects\spring-boot-examples\spring-boot-webflux\src\main\java\com\neo\WebFluxApplication.java,com.neo.WebFluxApplication,class,2,3,1,2,1,1,0,1,0,0.0,NaN,NaN,1,1,1,0,0,0,1,0,0,0,0,0,0,0,0,0,0,0,0,5,0,0,0,0,0,0,0,0,0,0,0,0,0,0,5,1,0
E:\Siva_ood_projects\spring-boot-examples\spring-boot-web-thymeleaf\src\main\java\com\neo\controller\MessageController.java,com.neo.controller.MessageController,class,12,24,0,24,9,1,0,7,16,0.5,0.21428572,0.21428572,8,0,8,0,0,0,8,0,0,0,1,0,0,1,0,0,1,0,0,35,7,0,0,0,0,25,0,4,0,3,1,0,0,0,30,1,0
E:\Siva_ood_projects\spring-boot-examples\spring-boot-mybatis\spring-boot-mybatis-xml-mulidatasource\src\main\java\com\neo\mapper\test1\User1Mapper.java,User1Mapper,interface,2,12,2,10,5,1,0,0,10,0.0,0.0,0.0,5,0,0,0,0,5,5,0,0,0,0,0,0,0,0,0,0,0,0,7,0,0,0,0,0,0,0,0,0,0,0,0,0,0,12,1,0
E:\Siva_ood_projects\spring-boot-examples\1.x\spring-boot-thymeleaf\src\main\java\com\neo\thymeleaf\ThymeleafApplication.java,com.neo.thymeleaf.ThymeleafApplication,class,4,5,1,4,2,2,0,2,1,0.0,0.0,0.0,2,1,1,0,1,0,2,0,0,0,0,0,0,0,0,0,0,0,0,8,1,0,0,0,0,0,0,0,0,0,0,0,0,0,12,1,0
E:\Siva_ood_projects\spring-boot-examples\spring-boot-hello\src\main\java\com\neo\HelloApplication.java,com.neo.HelloApplication,class,2,3,1,2,1,1,0,1,0,0.0,NaN,NaN,1,1,1,0,0,0,1,0,0,0,0,0,0,0,0,0,0,0,0,5,0,0,0,0,0,0,0,0,0,0,0,0,0,0,4,1,0
E:\Siva_ood_projects\spring-boot-examples\2.x\spring-boot-rabbitmq\src\main\java\com\neo\rabbit\fanout\FanoutReceiverB.java,FanoutReceiverB,class,3,3,0,3,1,1,0,1,0,0.0,NaN,NaN,1,0,1,0,0,0,1,0,0,0,0,0,0,0,0,0,0,0,0,5,0,0,0,0,0,2,0,0,1,0,0,0,0,0,6,1,0
E:\Siva_ood_projects\spring-boot-examples\2.x\spring-boot-rabbitmq\src\main\java\com\neo\rabbit\fanout\FanoutReceiverC.java,FanoutReceiverC,class,3,3,0,3,1,1,0,1,0,0.0,NaN,NaN,1,0,1,0,0,0,1,0,0,0,0,0,0,0,0,0,0,0,0,5,0,0,0,0,0,2,0,0,1,0,0,0,0,0,6,1,0
E:\Siva_ood_projects\spring-boot-examples\2.x\spring-boot-mybatis-plus\src\test\java\com\neo\MyBatisPlusTest.java,com.neo.MyBatisPlusTest,class,12,13,1,12,9,1,0,38,0,0.125,1.0,1.0,8,0,7,1,0,0,7,0,0,0,1,0,0,1,0,0,0,0,0,53,0,0,0,0,0,13,14,8,3,9,1,0,0,0,31,1,0
E:\Siva_ood_projects\spring-boot-examples\2.x\spring-boot-rabbitmq\src\main\java\com\neo\rabbit\topic\TopicSender.java,TopicSender,class,4,5,1,4,3,1,0,2,0,0.0,0.0,0.0,3,0,3,0,0,0,3,0,0,0,1,0,0,1,0,0,0,0,0,18,0,0,0,0,0,12,0,3,3,4,0,0,0,0,13,1,0
E:\Siva_ood_projects\spring-boot-examples\2.x\spring-boot-shiro\src\main\java\com\neo\config\ShiroConfig.java,ShiroConfig,class,12,12,0,12,6,1,0,17,15,0.0,0.0,0.0,6,0,6,0,0,0,6,0,0,0,0,0,0,0,0,0,0,0,0,47,6,0,0,0,0,18,1,8,0,8,0,0,0,0,37,1,0
E:\Siva_ood_projects\spring-boot-examples\spring-boot-mongodb\spring-boot-mongodb\src\main\java\com\neo\MongoDBApplication.java,com.neo.MongoDBApplication,class,2,3,1,2,1,1,0,1,0,0.0,NaN,NaN,1,1,1,0,0,0,1,0,0,0,0,0,0,0,0,0,0,0,0,5,0,0,0,0,0,0,0,0,0,0,0,0,0,0,6,1,0
E:\Siva_ood_projects\spring-boot-examples\1.x\spring-boot-web\src\main\java\com\neo\domain\User.java,com.neo.domain.User,class,4,7,3,4,14,1,0,0,59,0.8265306,0.17582418,0.61538464,14,0,14,0,0,0,14,0,0,0,7,1,0,7,0,0,1,0,0,56,6,0,0,0,0,0,1,12,0,7,0,0,0,0,29,1,0
E:\Siva_ood_projects\spring-boot-examples\2.x\spring-boot-rabbitmq\src\main\java\com\neo\rabbit\fanout\FanoutReceiverA.java,FanoutReceiverA,class,3,3,0,3,1,1,0,1,0,0.0,NaN,NaN,1,0,1,0,0,0,1,0,0,0,0,0,0,0,0,0,0,0,0,5,0,0,0,0,0,2,0,0,1,0,0,0,0,0,6,1,0
E:\Siva_ood_projects\spring-boot-examples\spring-boot-docker\src\test\java\com\neo\DockerApplicationTests.java,com.neo.DockerApplicationTests,class,4,4,0,4,1,1,0,1,0,0.0,NaN,NaN,1,0,1,0,0,0,1,0,0,0,0,0,0,0,0,0,0,0,0,5,0,0,0,0,0,1,0,0,0,0,0,0,0,0,5,1,0
E:\Siva_ood_projects\spring-boot-examples\spring-boot-thymeleaf\spring-boot-thymeleaf\src\test\java\com\neo\ThymeleafApplicationTests.java,com.neo.ThymeleafApplicationTests,class,4,4,0,4,1,1,0,0,0,0.0,NaN,NaN,1,0,1,0,0,0,1,0,0,0,0,0,0,0,0,0,0,0,0,4,0,0,0,0,0,0,0,0,0,0,0,0,0,0,5,1,0
E:\Siva_ood_projects\spring-boot-examples\spring-boot-jpa\spring-boot-jpa\src\test\java\com\neo\repository\UserRepositoryTests.java,com.neo.repository.UserRepositoryTests,class,8,9,0,9,4,1,0,17,0,0.0,1.0,1.0,4,0,4,0,0,0,4,0,0,0,1,0,0,1,0,0,0,0,2,35,0,0,0,0,0,20,7,10,0,11,0,0,0,0,22,1,0
E:\Siva_ood_projects\spring-boot-examples\spring-boot-jpa\spring-boot-multi-Jpa\src\test\java\com\neo\MultiJpaApplicationTests.java,com.neo.MultiJpaApplicationTests,class,4,4,0,4,1,1,0,1,0,0.0,NaN,NaN,1,0,1,0,0,0,1,0,0,0,0,0,0,0,0,0,0,0,0,5,0,0,0,0,0,1,0,0,0,0,0,0,0,0,6,1,0
E:\Siva_ood_projects\spring-boot-examples\spring-boot-webflux\src\test\java\com\neo\WebFluxApplicationTests.java,com.neo.WebFluxApplicationTests,class,4,4,0,4,1,1,0,0,0,0.0,NaN,NaN,1,0,1,0,0,0,1,0,0,0,0,0,0,0,0,0,0,0,0,4,0,0,0,0,0,0,0,0,0,0,0,0,0,0,6,1,0
E:\Siva_ood_projects\spring-boot-examples\1.x\spring-boot-shiro\src\main\java\com\neo\SpringBootShiroApplication.java,com.neo.SpringBootShiroApplication,class,2,3,1,2,1,1,0,1,0,0.0,NaN,NaN,1,1,1,0,0,0,1,0,0,0,0,0,0,0,0,0,0,0,0,5,0,0,0,0,0,0,0,0,0,0,0,0,0,0,6,1,0
E:\Siva_ood_projects\spring-boot-examples\dockercompose-springboot-mysql-nginx\app\src\test\java\com\neo\ComposeApplicationTests.java,com.neo.ComposeApplicationTests,class,4,4,0,4,1,1,0,1,0,0.0,NaN,NaN,1,0,1,0,0,0,1,0,0,0,0,0,0,0,0,0,0,0,0,5,0,0,0,0,0,1,0,0,0,0,0,0,0,0,8,1,0
E:\Siva_ood_projects\spring-boot-examples\spring-boot-web\src\test\java\com\neo\model\UserRepositoryTests.java,com.neo.model.UserRepositoryTests,class,7,7,0,7,1,1,0,8,0,0.0,NaN,NaN,1,0,1,0,0,0,1,0,0,0,1,0,0,1,0,0,0,0,1,13,0,0,0,0,0,16,0,3,0,4,0,0,0,0,10,1,0
E:\Siva_ood_projects\spring-boot-examples\spring-boot-mybatis\spring-boot-mybatis-xml\src\test\java\com\neo\mapper\UserMapperTest.java,UserMapperTest,class,9,10,0,10,5,1,0,11,0,0.0,0.0,0.0,3,0,3,0,0,0,3,0,0,0,1,0,0,1,0,0,0,0,0,26,0,0,2,0,1,9,2,3,0,4,1,0,0,0,14,1,0
E:\Siva_ood_projects\spring-boot-examples\2.x\spring-boot-shiro\src\main\java\com\neo\dao\UserInfoDao.java,UserInfoDao,interface,2,3,1,2,1,1,0,0,0,0.0,NaN,NaN,1,0,1,0,0,0,1,0,0,0,0,0,0,0,0,0,0,0,0,3,0,0,0,0,0,0,0,0,0,0,0,0,0,0,7,1,0
E:\Siva_ood_projects\spring-boot-examples\2.x\spring-boot-redis\src\main\java\com\neo\config\SessionConfig.java,SessionConfig,class,2,2,0,2,0,1,0,0,0,0.0,-1.0,-1.0,0,0,0,0,0,0,0,0,0,0,0,0,0,0,0,0,0,0,0,2,0,0,0,0,0,0,2,0,1,0,0,0,0,0,7,1,0
E:\Siva_ood_projects\spring-boot-examples\2.x\spring-boot-shiro\src\main\java\com\neo\model\UserInfo.java,UserInfo,class,11,15,4,11,15,1,0,0,83,0.8476191,0.0,0.0,15,0,15,0,0,0,15,0,0,0,7,0,0,7,0,0,0,0,0,54,8,0,0,0,0,3,0,7,1,7,0,0,0,0,25,1,0
E:\Siva_ood_projects\spring-boot-examples\spring-boot-mybatis\spring-boot-mybatis-xml-mulidatasource\src\main\java\com\neo\mapper\test2\User2Mapper.java,User2Mapper,interface,2,12,2,10,5,1,0,0,10,0.0,0.0,0.0,5,0,0,0,0,5,5,0,0,0,0,0,0,0,0,0,0,0,0,7,0,0,0,0,0,0,0,0,0,0,0,0,0,0,12,1,0
E:\Siva_ood_projects\spring-boot-examples\dockercompose-springboot-mysql-nginx\app\src\main\java\com\neo\repository\VisitorRepository.java,com.neo.repository.VisitorRepository,interface,2,3,1,2,1,1,0,0,0,0.0,NaN,NaN,1,0,0,0,0,1,1,0,0,0,0,0,0,0,0,0,0,0,0,3,0,0,0,0,0,0,0,0,0,0,0,0,0,0,6,1,0
E:\Siva_ood_projects\spring-boot-examples\spring-boot-web\src\main\java\com\neo\util\NeoProperties.java,com.neo.util.NeoProperties,class,2,3,1,2,4,1,0,0,2,0.5,0.33333334,0.33333334,4,0,4,0,0,0,4,0,0,0,2,0,0,2,0,0,0,0,0,16,2,0,0,0,0,2,0,2,0,2,0,0,0,0,8,1,0
E:\Siva_ood_projects\spring-boot-examples\2.x\spring-boot-elasticsearch\src\main\java\com\neo\model\Customer.java,com.neo.model.Customer,class,2,6,4,2,11,1,0,0,17,0.6590909,0.34545454,0.8181818,11,0,11,0,0,0,11,0,0,0,4,0,0,4,0,0,0,0,0,40,5,0,0,0,0,8,2,7,2,4,0,0,0,0,15,1,0
E:\Siva_ood_projects\spring-boot-examples\1.x\spring-boot-mongodb\src\main\java\com\neo\dao\impl\UserDaoImpl.java,com.neo.dao.impl.UserDaoImpl,class,8,8,0,8,5,1,0,11,0,0.0,1.0,1.0,4,0,4,0,0,0,4,0,0,0,1,0,0,1,0,0,0,0,0,22,3,0,1,0,0,5,1,6,0,7,1,0,0,0,28,1,0
E:\Siva_ood_projects\spring-boot-examples\spring-boot-mybatis\spring-boot-mybatis-annotation-mulidatasource\src\test\java\com\neo\mapper\User2MapperTest.java,com.neo.mapper.User2MapperTest,class,7,8,0,8,5,1,0,12,0,0.0,1.0,1.0,3,0,3,0,0,0,3,0,0,0,1,0,0,1,0,0,0,0,0,25,0,0,2,0,1,9,3,2,0,3,1,0,0,0,13,1,0
E:\Siva_ood_projects\spring-boot-examples\2.x\spring-boot-rabbitmq\src\test\java\com\neo\rabbitmq\TopicTest.java,TopicTest,class,6,6,0,6,3,1,0,3,0,0.0,0.0,0.0,3,0,3,0,0,0,3,0,0,0,1,0,0,1,0,0,0,0,0,12,0,0,0,0,0,0,0,0,0,1,0,0,0,0,8,1,0
E:\Siva_ood_projects\spring-boot-examples\spring-boot-web\src\main\java\com\neo\web\UserController.java,UserController,class,6,17,0,17,3,1,0,9,0,0.0,0.0,0.0,3,0,3,0,0,0,3,0,0,0,1,0,0,1,0,0,0,0,0,23,3,0,0,0,0,11,0,3,5,4,0,0,0,0,11,1,0
E:\Siva_ood_projects\spring-boot-examples\spring-boot-jpa\spring-boot-jpa\src\main\java\com\neo\model\User.java,com.neo.model.User,class,4,28,24,4,14,1,0,0,59,0.79761904,0.17582418,0.61538464,14,0,14,0,0,0,14,0,0,0,6,0,0,6,0,0,0,0,0,53,6,0,0,0,0,0,3,11,0,6,0,0,0,0,20,1,0
E:\Siva_ood_projects\spring-boot-examples\2.x\spring-boot-rabbitmq\src\main\java\com\neo\rabbit\many\NeoReceiver1.java,NeoReceiver1,class,3,3,0,3,1,1,0,1,0,0.0,NaN,NaN,1,0,1,0,0,0,1,0,0,0,0,0,0,0,0,0,0,0,0,5,0,0,0,0,0,2,0,0,1,0,0,0,0,0,5,1,0
E:\Siva_ood_projects\spring-boot-examples\2.x\spring-boot-redis\src\main\java\com\neo\config\RedisConfig.java,RedisConfig$Anonymous1,anonymous,3,3,0,3,2,1,0,4,0,0.0,NaN,NaN,1,0,1,0,0,0,1,0,0,0,0,0,0,0,0,0,0,0,0,11,1,1,0,0,0,0,0,1,0,1,1,0,0,0,8,-1,0
E:\Siva_ood_projects\spring-boot-examples\2.x\spring-boot-rabbitmq\src\main\java\com\neo\rabbit\many\NeoReceiver2.java,NeoReceiver2,class,3,3,0,3,1,1,0,1,0,0.0,NaN,NaN,1,0,1,0,0,0,1,0,0,0,0,0,0,0,0,0,0,0,0,5,0,0,0,0,0,2,0,0,1,0,0,0,0,0,5,1,0
E:\Siva_ood_projects\spring-boot-examples\2.x\spring-boot-file-upload\src\main\java\com\neo\controller\UploadController.java,UploadController,class,6,11,1,10,6,1,0,9,3,0.6666667,0.0,0.0,3,0,3,0,0,0,3,0,0,0,1,1,0,1,0,0,0,0,0,30,4,0,0,1,0,16,0,4,2,4,2,0,0,0,35,1,0
E:\Siva_ood_projects\spring-boot-examples\spring-boot-package\spring-boot-package-war\src\main\java\com\neo\controller\HelloWorldController.java,HelloWorldController,class,3,5,2,3,1,1,0,0,0,0.0,NaN,NaN,1,0,1,0,0,0,1,0,0,0,0,0,0,0,0,0,0,0,0,5,1,0,0,0,0,2,0,0,0,0,0,0,0,0,4,1,0
E:\Siva_ood_projects\spring-boot-examples\1.x\spring-boot-shiro\src\main\java\com\neo\entity\SysRole.java,com.neo.entity.SysRole,class,8,11,3,8,12,1,0,0,54,0.8333333,0.09090909,0.09090909,12,0,12,0,0,0,12,0,0,0,6,0,0,6,0,0,0,0,0,44,6,0,0,0,0,6,0,7,0,6,0,0,0,0,20,1,0
E:\Siva_ood_projects\spring-boot-examples\dockercompose-springboot-mysql-nginx\app\src\main\java\com\neo\ComposeApplication.java,com.neo.ComposeApplication,class,2,3,1,2,1,1,0,1,0,0.0,NaN,NaN,1,1,1,0,0,0,1,0,0,0,0,0,0,0,0,0,0,0,0,5,0,0,0,0,0,0,0,0,0,0,0,0,0,0,4,1,0
E:\Siva_ood_projects\spring-boot-examples\spring-boot-rabbitmq\src\test\java\com\neo\rabbitmq\FanoutTest.java,com.neo.rabbitmq.FanoutTest,class,6,6,0,6,1,1,0,1,0,0.0,NaN,NaN,1,0,1,0,0,0,1,0,0,0,1,0,0,1,0,0,0,0,0,6,0,0,0,0,0,0,0,0,0,1,0,0,0,0,6,1,0
E:\Siva_ood_projects\spring-boot-examples\1.x\spring-boot-shiro\src\main\java\com\neo\web\HomeController.java,com.neo.web.HomeController,class,5,5,0,5,7,1,0,6,3,0.0,0.0,0.0,3,0,3,0,0,0,3,0,0,0,0,0,0,0,0,0,0,0,0,35,3,0,1,0,0,22,0,6,3,2,2,0,0,0,14,1,0
E:\Siva_ood_projects\spring-boot-examples\spring-boot-memcache-spymemcached\src\test\java\com\neo\RepositoryTests.java,com.neo.RepositoryTests,class,7,7,0,7,1,1,0,5,0,0.0,NaN,NaN,1,0,1,0,0,0,1,0,0,0,1,0,0,1,0,0,0,0,0,8,0,0,0,0,0,4,1,1,1,2,0,0,0,0,9,1,0
E:\Siva_ood_projects\spring-boot-examples\2.x\spring-boot-rabbitmq\src\main\java\com\neo\rabbit\object\ObjectSender.java,ObjectSender,class,3,4,1,3,1,1,0,3,0,0.0,NaN,NaN,1,0,1,0,0,0,1,0,0,0,1,0,0,1,0,0,0,0,0,7,0,0,0,0,0,2,0,0,1,1,0,0,0,0,8,1,0
E:\Siva_ood_projects\spring-boot-examples\2.x\spring-boot-web\src\test\java\com\neo\web\HelloControlerTests.java,HelloControlerTests,class,7,7,0,7,3,1,0,14,0,0.0,0.0,0.0,3,0,3,0,0,0,3,0,0,0,1,0,0,1,0,0,0,0,0,12,0,0,0,0,0,3,0,1,0,1,0,0,0,0,16,1,0
E:\Siva_ood_projects\spring-boot-examples\spring-boot-package\spring-boot-package-war\src\main\java\com\neo\ServletInitializer.java,com.neo.ServletInitializer,class,3,3,0,3,1,2,0,1,0,0.0,NaN,NaN,1,0,0,0,1,0,1,0,0,0,0,0,0,0,0,0,0,0,0,5,1,0,0,0,0,0,0,0,0,0,0,0,0,0,12,1,0
E:\Siva_ood_projects\spring-boot-examples\spring-boot-memcache-spymemcached\src\main\java\com\neo\config\MemcacheSource.java,com.neo.config.MemcacheSource,class,2,3,1,2,4,1,0,0,2,0.5,0.33333334,0.33333334,4,0,4,0,0,0,4,0,0,0,2,0,0,2,0,0,0,0,0,16,2,0,0,0,0,1,0,2,0,2,0,0,0,0,9,1,0
E:\Siva_ood_projects\spring-boot-examples\spring-boot-jpa\spring-boot-jpa\src\main\java\com\neo\model\Address.java,com.neo.model.Address,class,4,5,1,4,10,1,0,0,35,0.8,0.11111111,0.11111111,10,0,10,0,0,0,10,0,0,0,5,0,0,5,0,0,0,0,0,37,5,0,0,0,0,0,1,5,0,5,0,0,0,0,15,1,0
E:\Siva_ood_projects\spring-boot-examples\spring-boot-mybatis\spring-boot-mybatis-annotation\src\main\java\com\neo\MybatisAnnotationApplication.java,com.neo.MybatisAnnotationApplication,class,3,4,1,3,1,1,0,1,0,0.0,NaN,NaN,1,1,1,0,0,0,1,0,0,0,0,0,0,0,0,0,0,0,0,5,0,0,0,0,0,1,0,0,0,0,0,0,0,0,5,1,0
E:\Siva_ood_projects\spring-boot-examples\spring-boot-thymeleaf\spring-boot-thymeleaf-layout\src\main\java\com\neo\TLayoutApplication.java,com.neo.TLayoutApplication,class,2,3,1,2,1,1,0,1,0,0.0,NaN,NaN,1,1,1,0,0,0,1,0,0,0,0,0,0,0,0,0,0,0,0,5,0,0,0,0,0,0,0,0,0,0,0,0,0,0,5,1,0
E:\Siva_ood_projects\spring-boot-examples\1.x\spring-boot-web\src\main\java\com\neo\domain\UserRepository.java,com.neo.domain.UserRepository,interface,2,3,1,2,2,1,0,0,1,0.0,0.0,0.0,2,0,0,0,0,2,2,0,0,0,0,0,0,0,0,0,0,0,0,4,0,0,0,0,0,0,0,0,0,0,0,0,0,0,9,1,0
E:\Siva_ood_projects\spring-boot-examples\1.x\spring-boot-multi-mongodb\src\main\java\com\neo\model\repository\secondary\SecondaryRepository.java,com.neo.model.repository.secondary.SecondaryRepository,interface,1,2,1,1,0,1,0,0,0,0.0,-1.0,-1.0,0,0,0,0,0,0,0,0,0,0,0,0,0,0,0,0,0,0,0,2,0,0,0,0,0,0,0,0,0,0,0,0,0,0,3,1,0
E:\Siva_ood_projects\spring-boot-examples\2.x\spring-boot-rabbitmq\src\test\java\com\neo\rabbitmq\ObjectTest.java,ObjectTest,class,7,7,0,7,1,1,0,3,0,0.0,NaN,NaN,1,0,1,0,0,0,1,0,0,0,1,0,0,1,0,0,0,0,0,9,0,0,0,0,0,2,0,1,0,2,0,0,0,0,9,1,0
E:\Siva_ood_projects\spring-boot-examples\spring-boot-web-thymeleaf\src\main\java\com\neo\repository\MessageRepository.java,com.neo.repository.MessageRepository,interface,1,3,2,1,4,1,0,0,6,0.0,0.0,0.0,4,0,0,0,0,4,4,0,0,0,0,0,0,0,0,0,0,0,0,6,0,0,0,0,0,0,0,0,0,0,0,0,0,0,9,1,0
E:\Siva_ood_projects\spring-boot-examples\2.x\spring-boot-mongodb\spring-boot-multi-mongodb\src\main\java\com\neo\config\PrimaryMongoConfig.java,PrimaryMongoConfig,class,4,4,0,4,0,1,0,0,0,0.0,-1.0,-1.0,0,0,0,0,0,0,0,0,0,0,0,0,0,0,0,0,0,0,0,2,0,0,0,0,0,2,0,0,0,0,0,0,0,0,5,1,0
E:\Siva_ood_projects\spring-boot-examples\spring-boot-jpa\spring-boot-jpa\src\main\java\com\neo\param\UserDetailParam.java,com.neo.param.UserDetailParam,class,0,3,3,0,12,1,0,0,54,0.8333333,0.09090909,0.09090909,12,0,12,0,0,0,12,0,0,0,6,0,0,6,0,0,0,0,0,44,6,0,0,0,0,0,0,6,0,6,0,0,0,0,20,1,0
E:\Siva_ood_projects\spring-boot-examples\2.x\spring-boot-web\src\main\java\com\neo\util\NeoProperties.java,NeoProperties,class,3,4,1,3,4,1,0,0,2,0.5,0.0,0.0,4,0,4,0,0,0,4,0,0,0,2,0,0,2,0,0,0,0,0,16,2,0,0,0,0,2,0,2,0,2,0,0,0,0,8,1,0
E:\Siva_ood_projects\spring-boot-examples\spring-boot-mybatis\spring-boot-mybatis-annotation-mulidatasource\src\main\java\com\neo\mapper\test2\User2Mapper.java,com.neo.mapper.test2.User2Mapper,interface,8,10,1,9,5,1,0,0,10,0.0,0.0,0.0,5,0,0,0,0,5,5,0,0,0,0,0,0,0,0,0,0,0,0,7,0,0,0,0,0,13,0,0,0,0,0,0,0,0,34,1,0
E:\Siva_ood_projects\spring-boot-examples\spring-boot-rabbitmq\src\main\java\com\neo\rabbit\many\NeoReceiver2.java,com.neo.rabbit.many.NeoReceiver2,class,3,3,0,3,1,1,0,1,0,0.0,NaN,NaN,1,0,1,0,0,0,1,0,0,0,0,0,0,0,0,0,0,0,0,5,0,0,0,0,0,2,0,0,1,0,0,0,0,0,5,1,0
E:\Siva_ood_projects\spring-boot-examples\spring-boot-rabbitmq\src\main\java\com\neo\rabbit\many\NeoReceiver1.java,com.neo.rabbit.many.NeoReceiver1,class,3,3,0,3,1,1,0,1,0,0.0,NaN,NaN,1,0,1,0,0,0,1,0,0,0,0,0,0,0,0,0,0,0,0,5,0,0,0,0,0,2,0,0,1,0,0,0,0,0,5,1,0
E:\Siva_ood_projects\spring-boot-examples\2.x\spring-boot-mybatis\spring-boot-mybatis-xml\src\test\java\com\neo\web\UserControllerTest.java,UserControllerTest,class,8,8,0,8,2,1,0,7,0,0.25,0.0,0.0,2,0,2,0,0,0,2,0,0,0,2,0,0,2,0,0,0,0,0,10,0,0,0,0,0,1,0,1,0,2,0,0,0,0,16,1,0
E:\Siva_ood_projects\spring-boot-examples\spring-boot-rabbitmq\src\main\java\com\neo\rabbit\object\ObjectSender.java,com.neo.rabbit.object.ObjectSender,class,4,5,1,4,1,1,0,3,0,0.0,NaN,NaN,1,0,1,0,0,0,1,0,0,0,1,0,0,1,0,0,0,0,0,7,0,0,0,0,0,2,0,0,1,1,0,0,0,0,8,1,0
E:\Siva_ood_projects\spring-boot-examples\2.x\spring-boot-admin-simple\spring-boot-admin-server\src\main\java\com\neo\AdminServerApplication.java,AdminServerApplication,class,4,5,1,4,1,1,0,1,0,0.0,NaN,NaN,1,1,1,0,0,0,1,0,0,0,0,0,0,0,0,0,0,0,0,5,0,0,0,0,0,0,0,0,0,0,0,0,0,0,5,1,0
E:\Siva_ood_projects\spring-boot-examples\spring-boot-web-thymeleaf\src\main\java\com\neo\ThymeleafApplication.java,ThymeleafApplication,class,6,7,1,6,3,1,0,1,3,0.0,0.0,0.0,3,1,3,0,0,0,3,0,0,0,0,0,0,0,0,0,0,0,0,16,2,0,0,0,0,0,0,0,0,0,0,1,0,0,10,1,0
E:\Siva_ood_projects\spring-boot-examples\1.x\spring-boot-multi-mongodb\src\main\java\com\neo\model\repository\primary\PrimaryRepository.java,com.neo.model.repository.primary.PrimaryRepository,interface,1,2,1,1,0,1,0,0,0,0.0,-1.0,-1.0,0,0,0,0,0,0,0,0,0,0,0,0,0,0,0,0,0,0,0,2,0,0,0,0,0,0,0,0,0,0,0,0,0,0,3,1,0
E:\Siva_ood_projects\spring-boot-examples\spring-boot-docker\src\main\java\com\neo\controller\DockerController.java,com.neo.controller.DockerController,class,2,2,0,2,1,1,0,0,0,0.0,NaN,NaN,1,0,1,0,0,0,1,0,0,0,0,0,0,0,0,0,0,0,0,5,1,0,0,0,0,2,0,0,0,0,0,0,0,0,3,1,0
E:\Siva_ood_projects\spring-boot-examples\spring-boot-jpa\spring-boot-jpa\src\test\java\com\neo\repository\UserDetailRepositoryTests.java,com.neo.repository.UserDetailRepositoryTests,class,10,10,0,10,4,1,0,17,1,0.5,0.33333334,0.33333334,3,0,3,0,0,0,3,0,0,0,2,0,0,2,0,0,0,0,1,29,0,1,0,0,0,10,3,6,1,8,1,0,0,0,18,1,0
E:\Siva_ood_projects\spring-boot-examples\spring-boot-jpa\spring-boot-multi-Jpa\src\main\java\com\neo\repository\test2\UserTest2Repository.java,com.neo.repository.test2.UserTest2Repository,interface,2,2,0,2,3,1,0,0,3,0.0,0.0,0.0,3,0,0,0,0,3,3,0,0,0,0,0,0,0,0,0,0,0,0,5,0,0,0,0,0,0,0,0,0,0,0,0,0,0,12,1,0
E:\Siva_ood_projects\spring-boot-examples\1.x\spring-boot-web\src\test\java\com\neo\domain\UserRepositoryTests.java,com.neo.domain.UserRepositoryTests,class,7,7,0,7,1,1,0,10,0,0.0,NaN,NaN,1,0,1,0,0,0,1,0,0,0,1,0,0,1,0,0,0,0,1,14,0,0,0,0,0,16,1,3,0,4,0,0,0,0,10,1,0
E:\Siva_ood_projects\spring-boot-examples\spring-boot-rabbitmq\src\test\java\com\neo\rabbitmq\ManyTest.java,com.neo.rabbitmq.ManyTest,class,7,7,0,7,4,1,0,2,0,0.25,1.0,1.0,2,0,2,0,0,0,2,0,0,0,2,0,0,2,0,0,0,0,0,15,0,2,0,0,0,0,4,2,0,4,1,0,0,0,11,1,0
E:\Siva_ood_projects\spring-boot-examples\spring-boot-mybatis\spring-boot-mybatis-xml\src\test\java\com\neo\MybatisXmlApplicationTests.java,com.neo.MybatisXmlApplicationTests,class,4,4,0,4,1,1,0,1,0,0.0,NaN,NaN,1,0,1,0,0,0,1,0,0,0,0,0,0,0,0,0,0,0,0,5,0,0,0,0,0,1,0,0,0,0,0,0,0,0,6,1,0
E:\Siva_ood_projects\spring-boot-examples\spring-boot-package\spring-boot-package\src\test\java\com\neo\PackageApplicationTests.java,com.neo.PackageApplicationTests,class,4,4,0,4,1,1,0,0,0,0.0,NaN,NaN,1,0,1,0,0,0,1,0,0,0,0,0,0,0,0,0,0,0,0,4,0,0,0,0,0,0,0,0,0,0,0,0,0,0,5,1,0
E:\Siva_ood_projects\spring-boot-examples\1.x\spring-boot-multi-mongodb\src\main\java\com\neo\model\repository\primary\PrimaryMongoObject.java,com.neo.model.repository.primary.PrimaryMongoObject,class,5,6,1,5,1,1,0,0,0,0.0,NaN,NaN,1,0,1,0,0,0,1,0,0,0,2,0,0,2,0,0,0,0,0,7,1,0,0,0,0,4,0,0,2,2,0,0,0,0,9,1,0
E:\Siva_ood_projects\spring-boot-examples\spring-boot-package\spring-boot-package-war\src\test\java\com\neo\controller\HelloWorldControlerTests.java,HelloWorldControlerTests,class,7,12,0,12,2,1,0,11,0,0.0,0.0,0.0,2,0,2,0,0,0,2,0,0,0,1,0,0,1,0,0,0,0,0,9,0,0,0,0,0,1,0,1,0,1,0,0,0,0,12,1,0
E:\Siva_ood_projects\spring-boot-examples\spring-boot-mybatis\spring-boot-mybatis-annotation-mulidatasource\src\main\java\com\neo\datasource\DataSource1Config.java,com.neo.datasource.DataSource1Config,class,10,10,0,10,4,1,0,4,6,0.0,0.0,0.0,4,0,4,0,0,0,4,0,0,0,0,0,0,0,0,0,0,0,0,16,4,0,0,0,0,10,0,1,0,1,0,0,0,0,24,1,0
E:\Siva_ood_projects\spring-boot-examples\spring-boot-jpa\spring-boot-jpa\src\main\java\com\neo\model\UserDetail.java,com.neo.model.UserDetail,class,4,9,5,4,17,1,0,0,88,0.82352936,0.1764706,1.0,17,0,17,0,0,0,17,0,0,0,8,0,0,8,0,0,0,0,0,61,9,0,0,0,0,9,1,8,2,8,0,0,0,0,27,1,0
E:\Siva_ood_projects\spring-boot-examples\2.x\spring-boot-file-upload\src\main\java\com\neo\controller\GlobalExceptionHandler.java,GlobalExceptionHandler,class,4,4,0,4,1,1,0,3,0,0.0,NaN,NaN,1,0,1,0,0,0,1,0,0,0,0,0,0,0,0,0,0,0,0,6,1,0,0,0,0,2,0,0,0,0,0,0,0,0,9,1,0
E:\Siva_ood_projects\spring-boot-examples\spring-boot-jpa-thymeleaf-curd\src\main\java\com\neo\service\UserService.java,com.neo.service.UserService,interface,1,4,2,2,5,1,0,0,10,0.0,0.0,0.0,5,0,5,0,0,0,5,0,0,0,0,0,0,0,0,0,0,0,0,7,0,0,0,0,0,0,0,0,0,0,0,0,0,0,12,1,0
E:\Siva_ood_projects\spring-boot-examples\2.x\spring-boot-shiro\src\main\java\com\neo\web\HomeController.java,HomeController,class,6,6,0,6,7,1,0,5,3,0.0,0.0,0.0,3,0,3,0,0,0,3,0,0,0,0,0,0,0,0,0,0,0,0,35,3,0,1,0,0,22,0,6,3,2,2,0,0,0,14,1,0
E:\Siva_ood_projects\spring-boot-examples\spring-boot-banner\src\main\java\com\neo\banner\BannerApplication.java,com.neo.banner.BannerApplication,class,2,3,1,2,1,1,0,1,0,0.0,NaN,NaN,1,1,1,0,0,0,1,0,0,0,0,0,0,0,0,0,0,0,0,5,0,0,0,0,0,0,0,0,0,0,0,0,0,0,4,1,0
E:\Siva_ood_projects\spring-boot-examples\spring-boot-mybatis\spring-boot-mybatis-xml\src\main\java\com\neo\MybatisXmlApplication.java,com.neo.MybatisXmlApplication,class,3,4,1,3,1,1,0,1,0,0.0,NaN,NaN,1,1,1,0,0,0,1,0,0,0,0,0,0,0,0,0,0,0,0,5,0,0,0,0,0,1,0,0,0,0,0,0,0,0,5,1,0
E:\Siva_ood_projects\spring-boot-examples\spring-boot-redis\src\test\java\com\neo\TestRedis.java,com.neo.TestRedis,class,9,9,0,9,3,1,0,7,1,0.5,0.0,0.0,2,0,2,0,0,0,2,0,0,0,2,0,0,2,0,0,0,0,1,22,0,0,0,0,0,14,2,3,0,5,1,0,0,0,14,1,0
E:\Siva_ood_projects\spring-boot-examples\2.x\spring-boot-mail\src\main\java\com\neo\service\impl\MailServiceImpl.java,MailServiceImpl,class,13,13,0,13,8,1,0,14,0,0.0,0.0,0.0,4,0,4,0,0,0,4,0,0,0,3,0,0,3,0,0,1,0,0,69,0,0,0,4,0,9,0,11,0,13,1,0,0,0,38,1,8
E:\Siva_ood_projects\spring-boot-examples\1.x\spring-boot-mongodb\src\main\java\com\neo\entity\UserEntity.java,com.neo.entity.UserEntity,class,0,9,9,0,7,1,0,0,3,0.6785714,0.42857143,1.0,7,0,7,0,0,0,7,0,0,0,4,1,0,4,0,0,1,0,0,27,4,0,0,0,0,4,1,4,2,4,0,0,0,0,26,1,0
E:\Siva_ood_projects\spring-boot-examples\2.x\spring-boot-rabbitmq\src\main\java\com\neo\rabbit\many\NeoSender2.java,NeoSender2,class,4,5,1,4,1,1,0,2,0,0.0,NaN,NaN,1,0,1,0,0,0,1,0,0,0,1,0,0,1,0,0,0,0,0,8,0,0,0,0,0,4,0,1,2,2,0,0,0,0,10,1,0
E:\Siva_ood_projects\spring-boot-examples\spring-boot-package\spring-boot-package-war\src\main\java\com\neo\Application.java,Application,class,2,10,3,7,1,1,0,1,0,0.0,NaN,NaN,1,1,1,0,0,0,1,0,0,0,0,0,0,0,0,0,0,0,0,5,0,0,0,0,0,0,0,0,0,0,0,0,0,0,3,1,0
E:\Siva_ood_projects\spring-boot-examples\1.x\spring-boot-admin-simple\spring-boot-admin-client\src\main\java\com\neo\AdminClientApplication.java,com.neo.AdminClientApplication,class,2,3,1,2,1,1,0,1,0,0.0,NaN,NaN,1,1,1,0,0,0,1,0,0,0,0,0,0,0,0,0,0,0,0,5,0,0,0,0,0,0,0,0,0,0,0,0,0,0,5,1,0
E:\Siva_ood_projects\spring-boot-examples\2.x\spring-boot-fastDFS\src\main\java\com\neo\fastdfs\FastDFSFile.java,FastDFSFile,class,1,2,1,1,12,1,0,0,26,0.7166667,0.0,0.0,12,0,12,0,0,0,12,0,0,0,5,0,0,5,0,0,0,0,0,50,5,0,0,0,0,0,0,12,0,5,0,0,0,0,17,1,0
E:\Siva_ood_projects\spring-boot-examples\2.x\spring-boot-fastDFS\src\main\java\com\neo\fastdfs\FastDFSClient.java,FastDFSClient,class,13,14,1,13,19,1,0,24,24,0.5555556,0.0,0.0,9,9,7,2,0,0,8,0,0,0,1,1,0,1,0,0,0,0,0,95,10,0,2,4,1,22,4,25,10,22,1,0,0,0,56,1,12
E:\Siva_ood_projects\spring-boot-examples\2.x\spring-boot-actuator\src\test\java\com\neo\ActuatorApplicationTests.java,ActuatorApplicationTests,class,4,4,0,4,1,1,0,1,0,0.0,NaN,NaN,1,0,1,0,0,0,1,0,0,0,0,0,0,0,0,0,0,0,0,5,0,0,0,0,0,1,0,0,0,0,0,0,0,0,5,1,0
E:\Siva_ood_projects\spring-boot-examples\1.x\spring-boot-admin-simple\spring-boot-admin-server\src\test\java\com\neo\AdminServerApplicationTests.java,com.neo.AdminServerApplicationTests,class,4,4,0,4,1,1,0,0,0,0.0,NaN,NaN,1,0,1,0,0,0,1,0,0,0,0,0,0,0,0,0,0,0,0,4,0,0,0,0,0,0,0,0,0,0,0,0,0,0,6,1,0
E:\Siva_ood_projects\spring-boot-examples\spring-boot-web\src\main\java\com\neo\WebConfiguration.java,com.neo.WebConfiguration$MyFilter,innerclass,6,6,0,6,3,1,0,3,3,0.0,0.0,0.0,3,0,3,0,0,0,3,0,0,0,0,0,0,0,0,0,0,0,0,11,0,0,0,0,0,1,0,1,1,1,0,0,0,0,17,1,0
E:\Siva_ood_projects\spring-boot-examples\2.x\spring-boot-elasticsearch\src\main\java\com\neo\service\impl\CustomersInterfaceImpl.java,com.neo.service.impl.CustomersInterfaceImpl,class,5,5,0,5,1,1,0,2,0,1.0,NaN,NaN,1,0,1,0,0,0,1,0,0,0,2,0,0,1,0,1,0,0,0,7,1,0,0,0,0,0,0,1,0,2,0,0,0,0,13,1,0
E:\Siva_ood_projects\spring-boot-examples\2.x\spring-boot-shiro\src\main\java\com\neo\ShiroApplication.java,com.neo.ShiroApplication,class,2,3,1,2,1,1,0,1,0,0.0,NaN,NaN,1,1,1,0,0,0,1,0,0,0,0,0,0,0,0,0,0,0,0,5,0,0,0,0,0,0,0,0,0,0,0,0,0,0,4,1,0
E:\Siva_ood_projects\spring-boot-examples\spring-boot-thymeleaf\spring-boot-thymeleaf-layout\src\test\java\com\neo\TLayoutApplicationTests.java,com.neo.TLayoutApplicationTests,class,4,4,0,4,1,1,0,0,0,0.0,NaN,NaN,1,0,1,0,0,0,1,0,0,0,0,0,0,0,0,0,0,0,0,4,0,0,0,0,0,0,0,0,0,0,0,0,0,0,6,1,0
E:\Siva_ood_projects\spring-boot-examples\spring-boot-scheduler\src\test\java\com\neo\SchedulerApplicationTests.java,com.neo.SchedulerApplicationTests,class,4,4,0,4,1,1,0,1,0,0.0,NaN,NaN,1,0,1,0,0,0,1,0,0,0,0,0,0,0,0,0,0,0,0,5,0,0,0,0,0,1,0,0,0,0,0,0,0,0,5,1,0
E:\Siva_ood_projects\spring-boot-examples\spring-boot-jpa\spring-boot-jpa\src\test\java\com\neo\JpaApplicationTests.java,com.neo.JpaApplicationTests,class,4,4,0,4,1,1,0,0,0,0.0,NaN,NaN,1,0,1,0,0,0,1,0,0,0,0,0,0,0,0,0,0,0,0,4,0,0,0,0,0,0,0,0,0,0,0,0,0,0,5,1,0
E:\Siva_ood_projects\spring-boot-examples\spring-boot-redis\src\main\java\com\neo\config\SessionConfig.java,com.neo.config.SessionConfig,class,2,2,0,2,0,1,0,0,0,0.0,-1.0,-1.0,0,0,0,0,0,0,0,0,0,0,0,0,0,0,0,0,0,0,0,2,0,0,0,0,0,0,2,0,1,0,0,0,0,0,7,1,0
E:\Siva_ood_projects\spring-boot-examples\spring-boot-rabbitmq\src\main\java\com\neo\rabbit\topic\TopicReceiver.java,com.neo.rabbit.topic.TopicReceiver,class,3,3,0,3,1,1,0,1,0,0.0,NaN,NaN,1,0,1,0,0,0,1,0,0,0,0,0,0,0,0,0,0,0,0,5,0,0,0,0,0,2,0,0,1,0,0,0,0,0,6,1,0
E:\Siva_ood_projects\spring-boot-examples\dockercompose-springboot-mysql-nginx\app\src\main\java\com\neo\controller\VisitorController.java,com.neo.controller.VisitorController,class,6,6,0,6,2,1,0,7,0,0.0,NaN,NaN,1,0,1,0,0,0,1,0,0,0,1,0,0,1,0,0,0,0,0,17,1,0,1,0,0,4,2,3,2,3,1,0,0,0,15,1,0
E:\Siva_ood_projects\spring-boot-examples\spring-boot-redis\src\main\java\com\neo\RedisApplication.java,com.neo.RedisApplication,class,2,3,1,2,1,1,0,1,0,0.0,NaN,NaN,1,1,1,0,0,0,1,0,0,0,0,0,0,0,0,0,0,0,0,5,0,0,0,0,0,0,0,0,0,0,0,0,0,0,4,1,0
E:\Siva_ood_projects\spring-boot-examples\spring-boot-mongodb\spring-boot-multi-mongodb\src\main\java\com\neo\config\MultipleMongoConfig.java,com.neo.config.MultipleMongoConfig,class,12,15,1,14,4,1,0,7,0,0.0,1.0,1.0,4,0,4,0,0,0,4,0,0,0,1,0,0,1,0,0,0,0,0,17,4,0,0,0,0,2,0,2,0,3,0,0,0,0,15,1,0
E:\Siva_ood_projects\spring-boot-examples\2.x\spring-boot-rabbitmq\src\main\java\com\neo\rabbit\topic\TopicReceiver.java,TopicReceiver,class,3,3,0,3,1,1,0,1,0,0.0,NaN,NaN,1,0,1,0,0,0,1,0,0,0,0,0,0,0,0,0,0,0,0,5,0,0,0,0,0,2,0,0,1,0,0,0,0,0,6,1,0
E:\Siva_ood_projects\spring-boot-examples\spring-boot-helloWorld\src\main\java\com\neo\Application.java,com.neo.Application,class,2,4,2,2,1,1,0,1,0,0.0,NaN,NaN,1,1,1,0,0,0,1,0,0,0,0,0,0,0,0,0,0,0,0,5,0,0,0,0,0,0,0,0,0,0,0,0,0,0,3,1,0
E:\Siva_ood_projects\spring-boot-examples\1.x\spring-boot-shiro\src\main\java\com\neo\web\UserInfoController.java,com.neo.web.UserInfoController,class,3,3,0,3,3,1,0,0,3,0.0,0.0,0.0,3,0,3,0,0,0,3,0,0,0,0,0,0,0,0,0,0,0,0,11,3,0,0,0,0,10,0,0,0,0,0,0,0,0,6,1,0
E:\Siva_ood_projects\spring-boot-examples\2.x\spring-boot-shiro\src\main\java\com\neo\model\SysRole.java,com.neo.model.SysRole,class,8,9,1,8,12,1,0,0,54,0.8333333,0.09090909,0.09090909,12,0,12,0,0,0,12,0,0,0,6,0,0,6,0,0,0,0,0,44,6,0,0,0,0,6,0,7,0,6,0,0,0,0,20,1,0
E:\Siva_ood_projects\spring-boot-examples\spring-boot-rabbitmq\src\main\java\com\neo\rabbit\topic\TopicSender.java,com.neo.rabbit.topic.TopicSender,class,3,4,1,3,3,1,0,2,0,0.0,1.0,1.0,3,0,3,0,0,0,3,0,0,0,1,0,0,1,0,0,0,0,0,18,0,0,0,0,0,12,0,3,3,4,0,0,0,0,13,1,0
E:\Siva_ood_projects\spring-boot-examples\spring-boot-jpa-thymeleaf-curd\src\main\java\com\neo\service\impl\UserServiceImpl.java,com.neo.service.impl.UserServiceImpl,class,5,6,0,6,5,1,0,4,0,0.0,1.0,1.0,5,0,5,0,0,0,5,0,0,0,1,0,0,1,0,0,0,0,0,18,2,0,0,0,0,0,0,0,0,1,0,0,0,0,14,1,0
E:\Siva_ood_projects\spring-boot-examples\2.x\spring-boot-file-upload\src\main\java\com\neo\FileUploadWebApplication.java,FileUploadWebApplication,class,6,7,1,6,3,1,0,4,1,0.0,0.0,0.0,2,1,2,0,0,0,2,0,0,0,0,0,0,0,0,0,0,0,0,15,1,0,0,0,2,0,1,1,0,2,2,0,0,1,16,1,0
E:\Siva_ood_projects\spring-boot-examples\1.x\spring-boot-actuator\src\main\java\com\neo\ActuatorApplication.java,com.neo.ActuatorApplication,class,2,3,1,2,1,1,0,1,0,0.0,NaN,NaN,1,1,1,0,0,0,1,0,0,0,0,0,0,0,0,0,0,0,0,5,0,0,0,0,0,0,0,0,0,0,0,0,0,0,4,1,0
E:\Siva_ood_projects\spring-boot-examples\spring-boot-web-thymeleaf\src\main\java\com\neo\repository\InMemoryMessageRepository.java,com.neo.repository.InMemoryMessageRepository,class,2,3,0,3,5,1,0,7,0,0.375,1.0,1.0,4,0,4,0,0,0,4,0,0,0,2,1,0,2,0,0,1,0,0,22,3,0,1,0,0,0,0,4,0,3,1,0,0,0,15,1,0
E:\Siva_ood_projects\spring-boot-examples\1.x\spring-boot-multi-mongodb\src\test\java\com\neo\model\repository\MuliDatabaseTest.java,com.neo.model.repository.MuliDatabaseTest,class,9,9,0,9,3,1,0,5,0,0.0,NaN,NaN,1,0,1,0,0,0,1,0,0,0,2,0,0,2,0,0,0,0,0,22,0,2,0,0,0,8,0,2,0,4,1,0,0,0,17,1,0
E:\Siva_ood_projects\spring-boot-examples\2.x\spring-boot-mybatis-plus\src\main\java\com\neo\config\MybatisPlusConfig.java,com.neo.config.MybatisPlusConfig,class,4,4,0,4,1,1,0,0,0,0.0,NaN,NaN,1,0,1,0,0,0,1,0,0,0,0,0,0,0,0,0,0,0,0,5,1,0,0,0,0,1,0,0,0,0,0,0,0,0,6,1,0
E:\Siva_ood_projects\spring-boot-examples\spring-boot-jpa-thymeleaf-curd\src\main\java\com\neo\JpaThymeleafApplication.java,com.neo.JpaThymeleafApplication,class,4,5,1,4,2,2,0,2,1,0.0,0.0,0.0,2,1,1,0,1,0,2,0,0,0,0,0,0,0,0,0,0,0,0,8,1,0,0,0,0,0,0,0,0,0,0,0,0,0,13,1,0
E:\Siva_ood_projects\spring-boot-examples\2.x\spring-boot-rabbitmq\src\main\java\com\neo\rabbit\topic\TopicReceiver2.java,TopicReceiver2,class,3,3,0,3,1,1,0,1,0,0.0,NaN,NaN,1,0,1,0,0,0,1,0,0,0,0,0,0,0,0,0,0,0,0,5,0,0,0,0,0,2,0,0,1,0,0,0,0,0,5,1,0
E:\Siva_ood_projects\spring-boot-examples\spring-boot-mybatis\spring-boot-mybatis-annotation-mulidatasource\src\main\java\com\neo\datasource\DataSource2Config.java,com.neo.datasource.DataSource2Config,class,9,9,0,9,4,1,0,4,6,0.0,0.0,0.0,4,0,4,0,0,0,4,0,0,0,0,0,0,0,0,0,0,0,0,16,4,0,0,0,0,10,0,1,0,1,0,0,0,0,24,1,0
E:\Siva_ood_projects\spring-boot-examples\spring-boot-mybatis\spring-boot-mybatis-annotation\src\main\java\com\neo\enums\UserSexEnum.java,com.neo.enums.UserSexEnum,enum,0,3,3,0,0,1,0,0,0,0.0,-1.0,-1.0,0,0,0,0,0,0,0,0,0,0,0,0,0,0,0,0,0,0,0,1,0,0,0,0,0,0,0,0,0,0,0,0,0,0,9,1,0
E:\Siva_ood_projects\spring-boot-examples\spring-boot-rabbitmq\src\main\java\com\neo\rabbit\hello\HelloSender.java,com.neo.rabbit.hello.HelloSender,class,3,4,1,3,1,1,0,2,0,0.0,NaN,NaN,1,0,1,0,0,0,1,0,0,0,1,0,0,1,0,0,0,0,0,8,0,0,0,0,0,3,0,1,2,2,0,0,0,0,8,1,0
E:\Siva_ood_projects\spring-boot-examples\2.x\spring-boot-elasticsearch\src\main\java\com\neo\ElasticsearchApplication.java,com.neo.ElasticsearchApplication,class,2,3,1,2,1,1,0,1,0,0.0,NaN,NaN,1,1,1,0,0,0,1,0,0,0,0,0,0,0,0,0,0,0,0,5,0,0,0,0,0,0,0,0,0,0,0,0,0,0,4,1,0
E:\Siva_ood_projects\spring-boot-examples\spring-boot-jpa\spring-boot-multi-Jpa\src\main\java\com\neo\config\SecondaryConfig.java,com.neo.config.SecondaryConfig,class,12,13,1,12,3,1,0,8,3,0.6666667,0.0,0.0,3,0,2,0,0,1,3,0,0,0,2,0,0,2,0,0,0,0,0,13,3,0,0,0,0,10,0,0,0,2,0,0,0,0,22,1,0
E:\Siva_ood_projects\spring-boot-examples\2.x\spring-boot-web\src\test\java\com\neo\web\ProPertiesTest.java,ProPertiesTest,class,8,8,0,8,2,1,0,5,1,0.5,0.0,0.0,2,0,2,0,0,0,2,0,0,0,1,0,0,1,0,0,0,0,0,12,0,0,0,0,0,3,0,2,0,3,0,0,0,0,15,1,0
E:\Siva_ood_projects\spring-boot-examples\spring-boot-thymeleaf\spring-boot-thymeleaf\src\main\java\com\neo\ThymeleafApplication.java,com.neo.ThymeleafApplication,class,2,4,2,2,1,1,0,1,0,0.0,NaN,NaN,1,1,1,0,0,0,1,0,0,0,0,0,0,0,0,0,0,0,0,5,0,0,0,0,0,0,0,0,0,0,0,0,0,0,4,1,0
E:\Siva_ood_projects\spring-boot-examples\spring-boot-webflux\src\main\java\com\neo\web\HelloController.java,HelloController,class,3,12,3,9,1,1,0,1,0,0.0,NaN,NaN,1,0,1,0,0,0,1,0,0,0,0,0,0,0,0,0,0,0,0,5,1,0,0,0,0,2,0,0,0,0,0,0,0,0,6,1,0
E:\Siva_ood_projects\spring-boot-examples\2.x\spring-boot-rabbitmq\src\main\java\com\neo\rabbit\fanout\FanoutSender.java,FanoutSender,class,4,5,1,4,1,1,0,2,0,0.0,NaN,NaN,1,0,1,0,0,0,1,0,0,0,1,0,0,1,0,0,0,0,0,8,0,0,0,0,0,4,0,1,1,2,0,0,0,0,9,1,0
E:\Siva_ood_projects\spring-boot-examples\2.x\spring-boot-elasticsearch\src\main\java\com\neo\repository\CustomerRepository.java,com.neo.repository.CustomerRepository,interface,4,6,2,4,4,1,0,0,6,0.0,0.0,0.0,4,0,4,0,0,0,4,0,0,0,0,0,0,0,0,0,0,0,0,6,0,0,0,0,0,0,0,0,0,0,0,0,0,0,12,1,0
E:\Siva_ood_projects\spring-boot-examples\spring-boot-rabbitmq\src\main\java\com\neo\rabbit\RabbitConfig.java,com.neo.rabbit.RabbitConfig,class,3,3,0,3,3,1,0,0,3,0.0,0.0,0.0,3,0,3,0,0,0,3,0,0,0,0,0,0,0,0,0,0,0,0,11,3,0,0,0,0,3,0,0,0,0,0,0,0,0,6,1,0
E:\Siva_ood_projects\spring-boot-examples\spring-boot-rabbitmq\src\test\java\com\neo\RabbitMQApplicationTests.java,com.neo.RabbitMQApplicationTests,class,4,4,0,4,1,1,0,1,0,0.0,NaN,NaN,1,0,1,0,0,0,1,0,0,0,0,0,0,0,0,0,0,0,0,5,0,0,0,0,0,1,0,0,0,0,0,0,0,0,7,1,0
E:\Siva_ood_projects\spring-boot-examples\2.x\spring-boot-admin-simple\spring-boot-admin-server\src\test\java\com\neo\AdminServerApplicationTests.java,AdminServerApplicationTests,class,4,4,0,4,1,1,0,0,0,0.0,NaN,NaN,1,0,1,0,0,0,1,0,0,0,0,0,0,0,0,0,0,0,0,4,0,0,0,0,0,0,0,0,0,0,0,0,0,0,6,1,0
E:\Siva_ood_projects\spring-boot-examples\spring-boot-redis\src\test\java\com\neo\RedisApplicationTests.java,com.neo.RedisApplicationTests,class,4,4,0,4,1,1,0,1,0,0.0,NaN,NaN,1,0,1,0,0,0,1,0,0,0,0,0,0,0,0,0,0,0,0,5,0,0,0,0,0,1,0,0,0,0,0,0,0,0,5,1,0
E:\Siva_ood_projects\spring-boot-examples\spring-boot-helloWorld\src\test\java\com\neo\controller\HelloTests.java,com.neo.controller.HelloTests,class,7,10,0,10,1,1,0,11,0,0.0,NaN,NaN,1,0,1,0,0,0,1,0,0,0,1,0,0,1,0,0,0,0,0,6,0,0,0,0,0,2,0,0,0,1,0,0,0,0,11,1,0
E:\Siva_ood_projects\spring-boot-examples\spring-boot-rabbitmq\src\main\java\com\neo\rabbit\topic\TopicReceiver2.java,com.neo.rabbit.topic.TopicReceiver2,class,3,3,0,3,1,1,0,1,0,0.0,NaN,NaN,1,0,1,0,0,0,1,0,0,0,0,0,0,0,0,0,0,0,0,5,0,0,0,0,0,2,0,0,1,0,0,0,0,0,5,1,0
E:\Siva_ood_projects\spring-boot-examples\spring-boot-rabbitmq\src\main\java\com\neo\rabbit\FanoutRabbitConfig.java,com.neo.rabbit.FanoutRabbitConfig,class,5,5,0,5,7,1,0,2,21,0.0,0.0,0.0,7,0,3,0,0,4,7,0,0,0,0,0,0,0,0,0,0,0,0,23,7,0,0,0,0,4,0,0,0,0,0,0,0,0,12,1,0
E:\Siva_ood_projects\spring-boot-examples\spring-boot-mybatis\spring-boot-mybatis-annotation-mulidatasource\src\main\java\com\neo\MAMApplication.java,com.neo.MAMApplication,class,2,3,1,2,1,1,0,1,0,0.0,NaN,NaN,1,1,1,0,0,0,1,0,0,0,0,0,0,0,0,0,0,0,0,5,0,0,0,0,0,0,0,0,0,0,0,0,0,0,5,1,0
E:\Siva_ood_projects\spring-boot-examples\spring-boot-mybatis\spring-boot-mybatis-xml-mulidatasource\src\test\java\com\neo\mapper\User1MapperTest.java,User1MapperTest,class,9,10,0,10,5,1,0,11,0,0.0,0.0,0.0,3,0,3,0,0,0,3,0,0,0,1,0,0,1,0,0,0,0,0,26,0,0,2,0,1,9,2,3,0,4,1,0,0,0,15,1,0
E:\Siva_ood_projects\spring-boot-examples\2.x\spring-boot-mail\src\test\java\com\neo\service\MailServiceTest.java,MailServiceTest,class,9,9,0,9,5,1,0,6,0,0.4,0.0,0.0,5,0,5,0,0,0,5,0,0,0,2,0,0,2,0,0,0,0,0,27,0,0,0,0,0,25,0,7,2,9,0,0,0,0,37,1,0
E:\Siva_ood_projects\spring-boot-examples\1.x\spring-boot-fastDFS\src\main\java\com\neo\FastDFSApplication.java,com.neo.FastDFSApplication,class,6,7,1,6,3,1,0,4,1,0.0,0.0,0.0,2,1,2,0,0,0,2,0,0,0,0,0,0,0,0,0,0,0,0,15,1,0,0,0,2,0,1,1,0,2,2,0,0,1,17,1,0
E:\Siva_ood_projects\spring-boot-examples\spring-boot-hello\src\test\java\com\neo\HelloApplicationTests.java,com.neo.HelloApplicationTests,class,2,4,0,4,1,1,0,1,0,0.0,NaN,NaN,1,0,0,0,0,1,1,0,0,0,0,0,0,0,0,0,0,0,0,5,0,0,0,0,0,1,0,0,0,0,0,0,0,0,7,1,0
E:\Siva_ood_projects\spring-boot-examples\spring-boot-mybatis\spring-boot-mybatis-annotation\src\test\java\com\neo\mapper\UserMapperTest.java,com.neo.mapper.UserMapperTest,class,7,8,0,8,3,1,0,12,0,0.0,1.0,1.0,3,0,3,0,0,0,3,0,0,0,1,0,0,1,0,0,0,0,0,20,0,0,0,0,1,8,3,2,0,3,0,0,0,0,11,1,0
E:\Siva_ood_projects\spring-boot-examples\spring-boot-mybatis\spring-boot-mybatis-annotation-mulidatasource\src\main\java\com\neo\mapper\test1\User1Mapper.java,com.neo.mapper.test1.User1Mapper,interface,8,10,1,9,5,1,0,0,10,0.0,0.0,0.0,5,0,0,0,0,5,5,0,0,0,0,0,0,0,0,0,0,0,0,7,0,0,0,0,0,13,0,0,0,0,0,0,0,0,34,1,0
E:\Siva_ood_projects\spring-boot-examples\2.x\spring-boot-elasticsearch\src\test\java\com\neo\repository\CustomerRepositoryTest.java,com.neo.repository.CustomerRepositoryTest$Anonymous1,anonymous,2,2,0,2,1,1,0,1,0,0.0,NaN,NaN,1,0,1,0,0,0,1,0,0,0,0,0,0,0,0,0,0,0,0,5,1,0,0,0,0,0,0,0,0,0,0,0,0,0,5,-1,0
E:\Siva_ood_projects\spring-boot-examples\spring-boot-mail\src\test\java\com\neo\service\MailServiceTest.java,com.neo.service.MailServiceTest,class,8,8,0,8,5,1,0,6,0,0.4,1.0,1.0,5,0,5,0,0,0,5,0,0,0,2,0,0,2,0,0,0,0,0,27,0,0,0,0,0,25,0,7,2,9,0,0,0,0,37,1,0
E:\Siva_ood_projects\spring-boot-examples\spring-boot-mongodb\spring-boot-multi-mongodb\src\main\java\com\neo\repository\secondary\SecondaryRepository.java,com.neo.repository.secondary.SecondaryRepository,interface,1,2,1,1,0,1,0,0,0,0.0,-1.0,-1.0,0,0,0,0,0,0,0,0,0,0,0,0,0,0,0,0,0,0,0,2,0,0,0,0,0,0,0,0,0,0,0,0,0,0,3,1,0
E:\Siva_ood_projects\spring-boot-examples\1.x\spring-boot-fastDFS\src\main\java\com\neo\fastdfs\FastDFSClient.java,com.neo.fastdfs.FastDFSClient,class,12,14,2,12,16,1,0,23,0,0.4,0.75,0.75,7,7,7,0,0,0,8,0,0,0,5,5,0,5,0,0,0,0,2,87,8,0,1,4,1,22,4,19,10,14,1,0,0,0,56,1,12
E:\Siva_ood_projects\spring-boot-examples\spring-boot-web-thymeleaf\src\test\java\com\neo\ThymeleafApplicationTests.java,ThymeleafApplicationTests,class,11,12,0,12,4,1,0,12,0,0.25,0.0,0.0,4,0,3,1,0,0,3,0,0,0,2,0,0,2,0,0,0,0,0,26,1,0,0,0,0,14,1,6,3,7,0,0,0,0,31,1,0
E:\Siva_ood_projects\spring-boot-examples\spring-boot-file-upload\src\main\java\com\neo\controller\UploadController.java,com.neo.controller.UploadController,class,7,12,1,11,6,1,0,10,3,0.6666667,0.0,0.0,3,0,3,0,0,0,3,0,0,0,1,1,0,1,0,0,0,0,5,30,4,0,0,1,0,16,0,4,2,4,2,0,0,0,35,1,0
E:\Siva_ood_projects\spring-boot-examples\spring-boot-jpa\spring-boot-jpa\src\main\java\com\neo\repository\AddressRepository.java,com.neo.repository.AddressRepository,interface,1,2,1,1,0,1,0,0,0,0.0,-1.0,-1.0,0,0,0,0,0,0,0,0,0,0,0,0,0,0,0,0,0,0,0,2,0,0,0,0,0,0,0,0,0,0,0,0,0,0,2,1,0
E:\Siva_ood_projects\spring-boot-examples\1.x\spring-boot-shiro\src\main\java\com\neo\sevice\impl\UserInfoServiceImpl.java,com.neo.sevice.impl.UserInfoServiceImpl,class,5,5,0,5,1,1,0,2,0,0.0,NaN,NaN,1,0,1,0,0,0,1,0,0,0,1,0,0,1,0,0,0,0,0,7,1,0,0,0,0,1,0,0,0,1,0,0,0,0,10,1,0
E:\Siva_ood_projects\spring-boot-examples\spring-boot-mybatis\spring-boot-mybatis-xml-mulidatasource\src\main\java\com\neo\MXMApplication.java,com.neo.MXMApplication,class,2,3,1,2,1,1,0,1,0,0.0,NaN,NaN,1,1,1,0,0,0,1,0,0,0,0,0,0,0,0,0,0,0,0,5,0,0,0,0,0,0,0,0,0,0,0,0,0,0,5,1,0
E:\Siva_ood_projects\spring-boot-examples\1.x\spring-boot-shiro\src\test\java\com\neo\SpringBootShiroApplicationTests.java,com.neo.SpringBootShiroApplicationTests,class,4,4,0,4,1,1,0,0,0,0.0,NaN,NaN,1,0,1,0,0,0,1,0,0,0,0,0,0,0,0,0,0,0,0,4,0,0,0,0,0,0,0,0,0,0,0,0,0,0,7,1,0
E:\Siva_ood_projects\spring-boot-examples\spring-boot-rabbitmq\src\test\java\com\neo\rabbitmq\TopicTest.java,com.neo.rabbitmq.TopicTest,class,6,6,0,6,3,1,0,3,0,0.0,1.0,1.0,3,0,3,0,0,0,3,0,0,0,1,0,0,1,0,0,0,0,0,12,0,0,0,0,0,0,0,0,0,1,0,0,0,0,8,1,0
E:\Siva_ood_projects\spring-boot-examples\spring-boot-rabbitmq\src\main\java\com\neo\rabbit\TopicRabbitConfig.java,com.neo.rabbit.TopicRabbitConfig,class,5,5,0,5,5,1,0,3,10,0.8,0.0,0.0,5,0,2,0,0,3,5,0,0,0,2,2,0,0,0,2,2,0,0,19,5,0,0,0,0,5,0,2,0,2,0,0,0,0,13,1,0
E:\Siva_ood_projects\spring-boot-examples\2.x\spring-boot-shiro\src\main\java\com\neo\model\SysPermission.java,com.neo.model.SysPermission,class,8,9,1,8,18,1,0,0,135,0.8888889,0.05882353,0.05882353,18,0,18,0,0,0,18,0,0,0,9,0,0,9,0,0,0,0,0,65,9,0,0,0,0,4,0,10,0,9,0,0,0,0,27,1,0
E:\Siva_ood_projects\spring-boot-examples\spring-boot-web\src\main\java\com\neo\model\User.java,User,class,7,26,14,12,14,1,0,0,59,0.8265306,0.0,0.0,14,0,14,0,0,0,14,0,0,0,7,1,0,7,0,0,1,0,0,56,6,0,0,0,0,0,4,12,0,7,0,0,0,0,28,1,0
E:\Siva_ood_projects\spring-boot-examples\2.x\spring-boot-web-thymeleaf\src\main\java\com\neo\model\Message.java,Message,class,4,7,3,4,8,1,0,1,20,0.75,0.0,0.0,8,0,8,0,0,0,8,0,0,0,4,0,0,4,0,0,0,0,0,30,4,0,0,0,0,2,0,5,0,4,0,0,0,0,15,1,0
E:\Siva_ood_projects\spring-boot-examples\spring-boot-mongodb\spring-boot-multi-mongodb\src\main\java\com\neo\MultiMongodbApplication.java,com.neo.MultiMongodbApplication,class,2,3,1,2,1,1,0,1,0,0.0,NaN,NaN,1,1,1,0,0,0,1,0,0,0,0,0,0,0,0,0,0,0,0,5,0,0,0,0,0,0,0,0,0,0,0,0,0,0,5,1,0
E:\Siva_ood_projects\spring-boot-examples\spring-boot-commandLineRunner\src\main\java\com\neo\CommandLineRunnerApplication.java,com.neo.CommandLineRunnerApplication,class,2,3,1,2,1,1,0,2,0,0.0,NaN,NaN,1,1,1,0,0,0,1,0,0,0,0,0,0,0,0,0,0,0,0,7,0,0,0,0,0,2,0,0,0,0,0,0,0,0,9,1,0
E:\Siva_ood_projects\spring-boot-examples\2.x\spring-boot-rabbitmq\src\test\java\com\neo\rabbitmq\ManyTest.java,ManyTest,class,7,7,0,7,4,1,0,1,0,0.25,0.0,0.0,2,0,2,0,0,0,2,0,0,0,2,0,0,2,0,0,0,0,0,15,0,2,0,0,0,0,4,2,0,4,1,0,0,0,11,1,0
E:\Siva_ood_projects\spring-boot-examples\dockercompose-springboot-mysql-nginx\app\src\main\java\com\neo\entity\Visitor.java,com.neo.entity.Visitor,class,4,6,2,4,6,1,0,0,9,0.6666667,0.2,0.2,6,0,6,0,0,0,6,0,0,0,3,0,0,3,0,0,0,0,0,23,3,0,0,0,0,0,0,3,0,3,0,0,0,0,11,1,0
E:\Siva_ood_projects\spring-boot-examples\spring-boot-web\src\test\java\com\neo\WebApplicationTests.java,com.neo.WebApplicationTests,class,4,4,0,4,1,1,0,1,0,0.0,NaN,NaN,1,0,1,0,0,0,1,0,0,0,0,0,0,0,0,0,0,0,0,5,0,0,0,0,0,1,0,0,0,0,0,0,0,0,5,1,0
E:\Siva_ood_projects\spring-boot-examples\spring-boot-memcache-spymemcached\src\main\java\com\neo\MemcacheApplication.java,com.neo.MemcacheApplication,class,2,3,1,2,1,1,0,1,0,0.0,NaN,NaN,1,1,1,0,0,0,1,0,0,0,0,0,0,0,0,0,0,0,0,5,0,0,0,0,0,0,0,0,0,0,0,0,0,0,4,1,0
E:\Siva_ood_projects\spring-boot-examples\2.x\spring-boot-web-thymeleaf\src\main\java\com\neo\repository\MessageRepository.java,MessageRepository,interface,2,5,3,2,4,1,1,0,6,0.0,0.0,0.0,4,0,0,0,0,4,4,0,0,0,0,0,0,0,0,0,0,0,0,6,0,0,0,0,0,0,0,0,0,0,0,0,0,0,9,1,0
E:\Siva_ood_projects\spring-boot-examples\spring-boot-mail\src\test\java\com\neo\MailApplicationTests.java,com.neo.MailApplicationTests,class,4,4,0,4,1,1,0,1,0,0.0,NaN,NaN,1,0,1,0,0,0,1,0,0,0,0,0,0,0,0,0,0,0,0,5,0,0,0,0,0,1,0,0,0,0,0,0,0,0,5,1,0
E:\Siva_ood_projects\spring-boot-examples\1.x\spring-boot-admin-simple\spring-boot-admin-server\src\main\java\com\neo\AdminServerApplication.java,com.neo.AdminServerApplication,class,4,5,1,4,1,1,0,1,0,0.0,NaN,NaN,1,1,1,0,0,0,1,0,0,0,0,0,0,0,0,0,0,0,0,5,0,0,0,0,0,0,0,0,0,0,0,0,0,0,5,1,0
E:\Siva_ood_projects\spring-boot-examples\spring-boot-jpa-thymeleaf-curd\src\main\java\com\neo\web\HelloController.java,com.neo.web.HelloController,class,4,6,2,4,1,1,0,1,0,0.0,NaN,NaN,1,0,1,0,0,0,1,0,0,0,0,0,0,0,0,0,0,0,0,6,1,0,0,0,0,5,0,0,0,0,0,0,0,0,6,1,0
E:\Siva_ood_projects\spring-boot-examples\2.x\spring-boot-shiro\src\main\java\com\neo\sevice\impl\UserInfoServiceImpl.java,UserInfoServiceImpl,class,6,6,0,6,1,1,0,2,0,0.0,NaN,NaN,1,0,1,0,0,0,1,0,0,0,1,0,0,1,0,0,0,0,0,7,1,0,0,0,0,1,0,0,0,1,0,0,0,0,10,1,0
E:\Siva_ood_projects\spring-boot-examples\spring-boot-rabbitmq\src\test\java\com\neo\rabbitmq\HelloTest.java,com.neo.rabbitmq.HelloTest,class,6,6,0,6,1,1,0,1,0,0.0,NaN,NaN,1,0,1,0,0,0,1,0,0,0,1,0,0,1,0,0,0,0,0,6,0,0,0,0,0,0,0,0,0,1,0,0,0,0,5,1,0
E:\Siva_ood_projects\spring-boot-examples\spring-boot-web\src\main\java\com\neo\web\ThymeleafController.java,com.neo.web.ThymeleafController,class,3,3,0,3,1,1,0,3,0,0.0,NaN,NaN,1,0,1,0,0,0,1,0,0,0,0,0,0,0,0,0,0,0,1,10,1,0,0,0,0,5,0,3,0,3,0,0,0,0,10,1,0
E:\Siva_ood_projects\spring-boot-examples\spring-boot-jpa\spring-boot-jpa\src\main\java\com\neo\repository\UserDetailRepository.java,com.neo.repository.UserDetailRepository,interface,5,7,2,5,2,1,0,0,1,0.0,0.0,0.0,2,0,0,0,0,2,2,0,0,0,0,0,0,0,0,0,0,0,0,4,0,0,0,0,0,2,0,0,1,0,0,0,0,0,14,1,0
E:\Siva_ood_projects\spring-boot-examples\2.x\spring-boot-web-thymeleaf\src\main\java\com\neo\controller\MessageController.java,MessageController,class,12,12,0,12,9,1,0,7,16,0.5,0.0,0.0,8,0,8,0,0,0,8,0,0,0,1,0,0,1,0,0,1,0,0,35,7,0,0,0,0,25,0,4,0,3,1,0,0,0,30,1,0
E:\Siva_ood_projects\spring-boot-examples\spring-boot-commandLineRunner\src\main\java\com\neo\runner\Runner.java,com.neo.runner.Runner,class,2,2,0,2,1,1,0,1,0,0.0,NaN,NaN,1,0,1,0,0,0,1,0,0,0,0,0,0,0,0,0,0,0,0,5,0,0,0,0,0,1,0,0,0,0,0,0,0,0,9,1,0
E:\Siva_ood_projects\spring-boot-examples\2.x\spring-boot-jpa-thymeleaf-curd\src\main\java\com\neo\service\UserService.java,UserService,interface,2,4,2,2,5,1,1,0,10,0.0,0.0,0.0,5,0,5,0,0,0,5,0,0,0,0,0,0,0,0,0,0,0,0,7,0,0,0,0,0,0,0,0,0,0,0,0,0,0,12,1,0
E:\Siva_ood_projects\spring-boot-examples\2.x\spring-boot-rabbitmq\src\main\java\com\neo\rabbit\hello\HelloSender.java,HelloSender,class,5,6,1,5,1,1,0,2,0,0.0,NaN,NaN,1,0,1,0,0,0,1,0,0,0,1,0,0,1,0,0,0,0,0,8,0,0,0,0,0,3,0,1,2,2,0,0,0,0,8,1,0
E:\Siva_ood_projects\spring-boot-examples\2.x\spring-boot-rabbitmq\src\main\java\com\neo\rabbit\FanoutRabbitConfig.java,FanoutRabbitConfig,class,5,5,0,5,7,1,0,2,21,0.0,0.0,0.0,7,0,3,0,0,4,7,0,0,0,0,0,0,0,0,0,0,0,0,23,7,0,0,0,0,4,0,0,0,0,0,0,0,0,12,1,0
E:\Siva_ood_projects\spring-boot-examples\spring-boot-web\src\main\java\com\neo\WebConfiguration.java,com.neo.WebConfiguration,class,6,6,0,6,2,1,0,5,1,0.0,0.0,0.0,2,0,2,0,0,0,2,0,0,0,0,0,0,0,0,0,0,0,0,25,2,0,0,0,0,4,1,1,0,1,0,0,1,0,11,1,0
E:\Siva_ood_projects\spring-boot-examples\2.x\spring-boot-swagger\src\main\java\com\neo\controller\UserController.java,com.neo.controller.UserController,class,12,12,0,12,6,1,0,11,0,0.0,1.0,1.0,6,0,6,0,0,0,6,0,0,0,1,1,0,0,0,1,0,0,3,28,6,0,0,0,0,53,2,2,0,2,0,0,0,0,17,1,0
E:\Siva_ood_projects\spring-boot-examples\spring-boot-mybatis\spring-boot-mybatis-xml-mulidatasource\src\main\java\com\neo\enums\UserSexEnum.java,UserSexEnum,enum,0,5,5,0,0,1,0,0,0,0.0,-1.0,-1.0,0,0,0,0,0,0,0,0,0,0,0,0,0,0,0,0,0,0,0,1,0,0,0,0,0,0,0,0,0,0,0,0,0,0,9,1,0
E:\Siva_ood_projects\spring-boot-examples\spring-boot-helloWorld\src\test\java\com\neo\ApplicationTests.java,com.neo.ApplicationTests,class,2,4,0,4,1,1,0,1,0,0.0,NaN,NaN,1,0,1,0,0,0,1,0,0,0,0,0,0,0,0,0,0,0,0,5,0,0,0,0,0,1,0,0,0,0,0,0,0,0,4,1,0
E:\Siva_ood_projects\spring-boot-examples\2.x\spring-boot-mail\src\main\java\com\neo\service\MailService.java,MailService,interface,0,2,2,0,4,1,1,0,6,0.0,0.0,0.0,4,0,0,0,0,4,4,0,0,0,0,0,0,0,0,0,0,0,0,6,0,0,0,0,0,0,0,0,0,0,0,0,0,0,17,1,0
E:\Siva_ood_projects\spring-boot-examples\1.x\spring-boot-thymeleaf\src\main\java\com\neo\thymeleaf\HelloController.java,com.neo.thymeleaf.HelloController,class,4,4,0,4,1,1,0,1,0,0.0,NaN,NaN,1,0,1,0,0,0,1,0,0,0,0,0,0,0,0,0,0,0,0,6,1,0,0,0,0,5,0,0,0,0,0,0,0,0,6,1,0
E:\Siva_ood_projects\spring-boot-examples\2.x\spring-boot-shiro\src\main\java\com\neo\web\UserInfoController.java,UserInfoController,class,4,4,0,4,3,1,0,0,3,0.0,0.0,0.0,3,0,3,0,0,0,3,0,0,0,0,0,0,0,0,0,0,0,0,11,3,0,0,0,0,10,0,0,0,0,0,0,0,0,6,1,0
E:\Siva_ood_projects\spring-boot-examples\2.x\spring-boot-mongodb\spring-boot-multi-mongodb\src\main\java\com\neo\config\SecondaryMongoConfig.java,SecondaryMongoConfig,class,4,4,0,4,0,1,0,0,0,0.0,-1.0,-1.0,0,0,0,0,0,0,0,0,0,0,0,0,0,0,0,0,0,0,0,2,0,0,0,0,0,2,0,0,0,0,0,0,0,0,5,1,0
E:\Siva_ood_projects\spring-boot-examples\spring-boot-package\spring-boot-package-war\src\test\java\com\neo\ApplicationTests.java,ApplicationTests,class,3,7,0,7,1,1,0,0,0,0.0,NaN,NaN,1,0,1,0,0,0,1,0,0,0,0,0,0,0,0,0,0,0,0,4,0,0,0,0,0,0,0,0,0,0,0,0,0,0,4,1,0
E:\Siva_ood_projects\spring-boot-examples\2.x\spring-boot-web\src\main\java\com\neo\WebConfiguration.java,WebConfiguration,class,6,6,0,6,2,1,0,5,1,0.0,0.0,0.0,2,0,2,0,0,0,2,0,0,0,0,0,0,0,0,0,0,0,0,25,2,0,0,0,0,4,1,1,0,1,0,0,1,0,11,1,0
