file,class,type,cbo,cboModified,fanin,fanout,wmc,dit,noc,rfc,lcom,lcom*,tcc,lcc,totalMethodsQty,staticMethodsQty,publicMethodsQty,privateMethodsQty,protectedMethodsQty,defaultMethodsQty,visibleMethodsQty,abstractMethodsQty,finalMethodsQty,synchronizedMethodsQty,totalFieldsQty,staticFieldsQty,publicFieldsQty,privateFieldsQty,protectedFieldsQty,defaultFieldsQty,finalFieldsQty,synchronizedFieldsQty,nosi,loc,returnQty,loopQty,comparisonsQty,tryCatchQty,parenthesizedExpsQty,stringLiteralsQty,numbersQty,assignmentsQty,mathOperationsQty,variablesQty,maxNestedBlocksQty,anonymousClassesQty,innerClassesQty,lambdasQty,uniqueWordsQty,modifiers,logStatementsQty
E:\Siva_ood_projects\javacv\platform\src\test\java\org\bytedeco\javacv\FrameConverterTest.java,org.bytedeco.javacv.FrameConverterTest,class,21,21,0,21,48,1,0,64,6,0.0,0.0,0.0,4,0,4,0,0,0,4,0,0,0,0,0,0,0,0,0,0,0,8,291,0,35,0,8,12,12,128,124,85,105,5,1,0,0,102,1,0
E:\Siva_ood_projects\javacv\src\main\java\org\bytedeco\javacv\ProjectiveColorTransformerCL.java,org.bytedeco.javacv.ProjectiveColorTransformerCL,class,16,18,2,16,20,3,0,25,0,0.51428574,0.7,1.0,5,0,3,0,2,0,5,0,0,0,3,0,0,1,2,0,2,0,1,81,1,4,9,0,1,6,26,28,4,25,2,0,0,0,71,1,0
E:\Siva_ood_projects\javacv\src\main\java\org\bytedeco\javacv\JavaCV.java,org.bytedeco.javacv.JavaCV,class,13,26,13,13,159,1,0,79,447,0.939206,0.0043010754,0.0043010754,31,31,31,0,0,0,31,0,0,0,9,9,1,8,0,0,1,0,85,785,22,34,60,0,56,5,513,298,448,225,5,1,0,0,327,1,0
E:\Siva_ood_projects\javacv\src\main\java\org\bytedeco\javacv\GLCanvasFrame.java,org.bytedeco.javacv.GLCanvasFrame,class,11,13,2,11,47,7,0,39,131,0.8535353,0.04411765,0.04411765,18,1,16,1,1,0,17,0,0,0,7,1,0,7,0,0,0,0,12,294,4,1,2,1,7,4,23,51,1,17,2,3,0,0,76,1,0
E:\Siva_ood_projects\javacv\samples\Similarity.java,Similarity,class,4,5,1,4,4,1,0,22,3,0.0,NaN,NaN,3,3,1,2,0,0,1,0,0,0,0,0,0,0,0,0,0,0,3,65,3,0,0,0,2,3,33,37,7,30,1,0,0,0,51,1,0
E:\Siva_ood_projects\javacv\src\main\java\org\bytedeco\javacv\cvkernels.java,org.bytedeco.javacv.cvkernels$Anonymous2,anonymous,1,1,0,1,3,1,0,7,0,0.0,NaN,NaN,1,0,1,0,0,0,1,0,0,0,0,0,0,0,0,0,0,0,0,14,0,0,2,0,0,0,2,1,1,1,1,0,0,0,29,-1,0
E:\Siva_ood_projects\javacv\src\main\java\org\bytedeco\javacv\RealSense2FrameGrabber.java,org.bytedeco.javacv.RealSense2FrameGrabber,class,28,31,3,28,101,3,0,113,606,0.89622647,0.08923077,0.20307693,53,5,26,27,0,0,26,0,0,0,14,4,0,14,0,0,3,0,48,487,40,10,12,1,0,7,31,96,5,84,3,0,5,0,172,1,0
E:\Siva_ood_projects\javacv\samples\HoughLines.java,HoughLines,class,8,8,0,8,10,1,0,25,0,0.0,NaN,NaN,1,1,1,0,0,0,1,0,0,0,0,0,0,0,0,0,0,0,12,71,1,3,3,0,8,18,59,37,29,34,2,0,0,0,76,1,0
E:\Siva_ood_projects\javacv\src\main\java\org\bytedeco\javacv\CameraDevice.java,org.bytedeco.javacv.CameraDevice$CalibrationSettings,innerclass,6,6,0,6,38,5,0,35,0,0.027027028,0.9459459,0.9459459,37,0,37,0,0,0,37,0,0,0,1,0,0,0,0,1,0,0,0,121,18,0,0,0,1,0,0,2,0,1,1,1,0,0,48,9,0
E:\Siva_ood_projects\javacv\samples\OpenCVFaceRecognizer.java,OpenCVFaceRecognizer,class,5,5,0,5,2,1,0,14,0,0.0,NaN,NaN,1,1,1,0,0,0,1,0,0,0,0,0,0,0,0,0,0,0,1,33,0,1,0,0,0,2,8,15,1,15,1,1,0,0,112,1,0
E:\Siva_ood_projects\javacv\src\main\java\org\bytedeco\javacv\CanvasFrame.java,org.bytedeco.javacv.CanvasFrame$Anonymous6,anonymous,0,0,0,0,1,1,0,1,0,0.0,NaN,NaN,1,0,1,0,0,0,1,0,0,0,0,0,0,0,0,0,0,0,0,5,0,0,0,0,0,0,0,0,0,0,0,0,0,0,3,-1,0
E:\Siva_ood_projects\javacv\platform\src\test\java\org\bytedeco\javacv\FrameGrabberTest.java,org.bytedeco.javacv.FrameGrabberTest$Anonymous1,anonymous,8,8,0,8,14,1,0,37,0,0.0,NaN,NaN,1,0,1,0,0,0,1,0,0,0,0,0,0,0,0,0,0,0,3,89,0,11,2,1,2,6,29,32,6,25,6,0,0,0,63,-1,0
E:\Siva_ood_projects\javacv\src\main\java\org\bytedeco\javacv\CanvasFrame.java,org.bytedeco.javacv.CanvasFrame$Anonymous5,anonymous,0,0,0,0,1,1,0,2,0,0.0,NaN,NaN,1,0,1,0,0,0,1,0,0,0,0,0,0,0,0,0,0,0,0,6,0,0,0,0,0,0,0,0,0,0,0,0,0,0,3,-1,0
E:\Siva_ood_projects\javacv\src\main\java\org\bytedeco\javacv\CanvasFrame.java,org.bytedeco.javacv.CanvasFrame$Anonymous4,anonymous,0,0,0,0,1,1,0,3,0,0.0,NaN,NaN,1,0,1,0,0,0,1,0,0,0,0,0,0,0,0,0,0,0,0,10,0,0,0,0,0,0,2,1,2,0,0,0,0,0,16,-1,0
E:\Siva_ood_projects\javacv\src\main\java\org\bytedeco\javacv\ProjectiveDevice.java,org.bytedeco.javacv.ProjectiveDevice$CalibrationSettings,innerclass,2,2,0,2,60,4,0,0,0,0.5,0.82459676,0.9375,32,0,32,0,0,0,32,0,0,0,2,0,0,0,0,2,0,0,0,171,15,0,14,0,14,0,15,33,0,2,1,0,0,0,59,9,0
E:\Siva_ood_projects\javacv\src\main\java\org\bytedeco\javacv\ProjectorDevice.java,org.bytedeco.javacv.ProjectorDevice$CalibratedSettings$Anonymous2,anonymous,0,0,0,0,1,1,0,1,0,0.0,NaN,NaN,1,0,1,0,0,0,1,0,0,0,0,0,0,0,0,0,0,0,0,5,0,0,0,0,0,0,0,0,0,0,0,0,0,0,6,-1,0
E:\Siva_ood_projects\javacv\src\main\java\org\bytedeco\javacv\CameraDevice.java,org.bytedeco.javacv.CameraDevice,class,14,21,7,14,24,13,0,49,25,0.5,0.46666667,0.46666667,10,2,10,0,0,0,10,0,0,0,1,0,0,1,0,0,0,0,2,617,4,1,5,2,1,5,4,19,2,12,3,0,4,0,45,1,0
E:\Siva_ood_projects\javacv\src\main\java\org\bytedeco\javacv\GLCanvasFrame.java,org.bytedeco.javacv.GLCanvasFrame$Anonymous1,anonymous,1,1,0,1,4,1,0,10,0,0.0,NaN,NaN,1,0,1,0,0,0,1,0,0,0,0,0,0,0,0,0,0,0,3,26,0,0,2,0,2,4,2,4,0,1,1,0,0,0,24,-1,0
E:\Siva_ood_projects\javacv\src\main\java\org\bytedeco\javacv\GLCanvasFrame.java,org.bytedeco.javacv.GLCanvasFrame$Anonymous2,anonymous,3,3,0,3,13,1,0,26,6,0.0,0.0,0.0,4,0,4,0,0,0,4,0,0,0,0,0,0,0,0,0,0,0,4,52,0,0,5,0,0,0,27,9,9,7,2,0,0,0,34,-1,0
E:\Siva_ood_projects\javacv\samples\PrincipalComponentAnalysis.java,PrincipalComponentAnalysis,class,16,17,1,16,17,1,0,56,10,0.8,0.0,0.0,5,2,2,3,0,0,3,0,0,0,1,1,0,1,0,0,1,0,20,125,0,3,4,4,16,16,64,52,62,48,3,0,0,0,120,1,3
E:\Siva_ood_projects\javacv\src\main\java\org\bytedeco\javacv\GLCanvasFrame.java,org.bytedeco.javacv.GLCanvasFrame$Anonymous3,anonymous,1,1,0,1,2,1,0,3,0,0.0,NaN,NaN,1,0,1,0,0,0,1,0,0,0,0,0,0,0,0,0,0,0,0,12,0,0,0,1,0,1,0,1,0,0,1,0,0,0,7,-1,0
E:\Siva_ood_projects\javacv\platform\src\test\java\org\bytedeco\javacv\FrameGrabberChangingResolutionTest.java,org.bytedeco.javacv.FrameGrabberChangingResolutionTest,class,9,10,1,9,17,1,0,38,0,0.5833333,0.33333334,0.33333334,4,0,3,1,0,0,3,0,2,0,3,0,0,3,0,0,0,0,2,199,0,7,2,3,1,19,57,21,3,20,4,2,0,0,86,1,0
E:\Siva_ood_projects\javacv\src\main\java\org\bytedeco\javacv\BaseSettings.java,org.bytedeco.javacv.BaseSettings,class,2,5,3,2,12,3,2,11,15,0.0,0.0,0.0,6,0,5,0,1,0,6,0,0,0,0,0,0,0,0,0,0,0,2,40,4,2,0,0,4,1,0,2,0,1,2,0,0,0,24,1,0
E:\Siva_ood_projects\javacv\src\main\java\org\bytedeco\javacv\Parallel.java,org.bytedeco.javacv.Parallel,class,2,9,7,2,17,1,0,17,13,0.75,0.06666667,0.06666667,6,6,6,0,0,0,6,0,0,0,2,2,1,1,0,0,2,0,12,71,4,4,3,2,3,1,6,15,10,12,3,1,1,0,52,1,0
E:\Siva_ood_projects\javacv\samples\OpenCVFeatures2dSerialization.java,OpenCVFeatures2dSerialization,class,7,8,1,7,6,1,0,20,10,0.0,NaN,NaN,5,5,1,4,0,0,1,0,0,0,0,0,0,0,0,0,0,0,5,53,1,0,0,5,1,19,2,24,8,24,1,0,0,0,66,1,0
E:\Siva_ood_projects\javacv\samples\PerspectiveWarpDemo.java,PerspectiveWarpDemo,class,7,8,1,7,2,2,0,17,1,0.5,NaN,NaN,2,2,1,1,0,0,1,0,0,0,2,2,0,0,0,2,0,0,1,33,1,0,0,0,0,3,16,13,1,13,0,0,0,0,81,1,0
E:\Siva_ood_projects\javacv\src\main\java\org\bytedeco\javacv\cvkernels.java,org.bytedeco.javacv.cvkernels$Anonymous1,anonymous,2,2,0,2,2,1,0,1,0,0.0,NaN,NaN,1,0,0,0,1,0,1,0,0,0,0,0,0,0,0,0,0,0,1,9,1,1,0,0,0,0,1,3,0,2,1,0,0,0,6,-1,0
E:\Siva_ood_projects\javacv\src\main\java\org\bytedeco\javacv\ImageTransformerCL.java,org.bytedeco.javacv.ImageTransformerCL,interface,7,11,4,7,2,1,0,0,1,0.0,0.0,0.0,2,0,0,0,0,2,2,0,0,0,0,0,0,0,0,0,0,0,0,66,0,0,0,0,0,0,0,0,0,0,0,0,2,0,16,1,0
E:\Siva_ood_projects\javacv\src\main\java\org\bytedeco\javacv\HandMouse.java,org.bytedeco.javacv.HandMouse,class,13,14,1,13,47,3,0,52,6,0.73999983,0.22727273,0.46969697,12,0,12,0,0,0,12,0,0,0,15,0,0,15,0,0,0,0,9,308,8,7,4,0,20,0,133,141,135,91,4,0,1,0,124,1,0
E:\Siva_ood_projects\javacv\samples\Demo.java,Demo,class,12,12,0,12,7,1,0,44,0,0.0,NaN,NaN,1,1,1,0,0,0,1,0,0,0,0,0,0,0,0,0,0,0,7,72,0,3,2,0,5,5,54,36,30,33,2,0,0,0,76,1,0
E:\Siva_ood_projects\javacv\src\main\java\org\bytedeco\javacv\LeptonicaFrameConverter.java,org.bytedeco.javacv.LeptonicaFrameConverter,class,7,9,2,7,43,2,0,32,0,0.5,0.6,0.6,4,1,3,0,0,1,5,0,0,0,3,0,0,0,0,3,0,0,9,118,6,0,24,0,4,0,28,31,14,7,4,0,0,0,51,1,0
E:\Siva_ood_projects\javacv\src\main\java\org\bytedeco\javacv\BufferRing.java,org.bytedeco.javacv.BufferRing$BufferFactory,interface,1,1,0,1,1,1,0,0,0,0.0,NaN,NaN,1,0,0,0,0,1,1,0,0,0,0,0,0,0,0,0,0,0,0,3,0,0,0,0,0,0,0,0,0,0,0,0,0,0,4,1,0
E:\Siva_ood_projects\javacv\src\main\java\org\bytedeco\javacv\Parallel.java,org.bytedeco.javacv.Parallel$Looper,interface,0,0,0,0,1,1,0,0,0,0.0,NaN,NaN,1,0,0,0,0,1,1,0,0,0,0,0,0,0,0,0,0,0,0,3,0,0,0,0,0,0,0,0,0,0,0,0,0,0,5,1,0
E:\Siva_ood_projects\javacv\src\main\java\org\bytedeco\javacv\RealSense2FrameGrabber.java,org.bytedeco.javacv.RealSense2FrameGrabber$RealSenseStream,innerclass,2,2,0,2,7,1,0,2,11,0.71428573,0.23809524,0.71428573,7,0,7,0,0,0,7,0,0,0,5,0,0,5,0,0,0,0,1,32,6,0,0,0,0,0,0,5,0,5,0,0,0,0,18,9,0
E:\Siva_ood_projects\javacv\samples\RLSA.java,RLSA,class,6,7,1,6,21,1,0,19,1,0.0,0.0,0.0,2,2,2,0,0,0,2,0,0,0,0,0,0,0,0,0,0,0,2,89,1,6,7,1,6,0,40,37,13,24,6,0,0,0,66,1,0
E:\Siva_ood_projects\javacv\src\main\java\org\bytedeco\javacv\CameraDevice.java,org.bytedeco.javacv.CameraDevice$CalibratedSettings$Anonymous2,anonymous,0,0,0,0,1,1,0,1,0,0.0,NaN,NaN,1,0,1,0,0,0,1,0,0,0,0,0,0,0,0,0,0,0,0,5,0,0,0,0,0,0,0,0,0,0,0,0,0,0,6,-1,0
E:\Siva_ood_projects\javacv\samples\RealSense2DepthMeasuring.java,RealSense2DepthMeasuring$Anonymous1,anonymous,1,1,0,1,2,1,0,5,0,0.0,NaN,NaN,1,0,1,0,0,0,1,0,0,0,0,0,0,0,0,0,0,0,0,10,0,0,0,1,0,1,0,0,1,0,1,0,0,0,6,-1,0
E:\Siva_ood_projects\javacv\src\main\java\org\bytedeco\javacv\GNImageAligner.java,org.bytedeco.javacv.GNImageAligner$Settings,innerclass,4,4,0,4,19,4,0,0,123,0.85380125,0.14035088,0.79532164,19,0,19,0,0,0,19,0,0,0,9,0,0,0,0,9,0,0,0,76,9,0,0,0,0,0,8,26,0,9,0,0,0,0,30,9,0
E:\Siva_ood_projects\javacv\samples\BioInspiredRetina.java,BioInspiredRetina,class,7,8,1,7,6,1,0,33,3,0.6666667,0.0,0.0,3,1,1,2,0,0,2,0,0,0,1,1,0,1,0,0,1,0,5,48,0,0,0,1,0,9,10,10,2,10,1,0,0,0,77,1,3
E:\Siva_ood_projects\javacv\src\main\java\org\bytedeco\javacv\OpenCVFrameConverter.java,org.bytedeco.javacv.OpenCVFrameConverter$ToIplImage,innerclass,3,3,0,3,2,3,0,2,1,0.0,0.0,0.0,2,0,2,0,0,0,2,0,0,0,0,0,0,0,0,0,0,0,0,8,2,0,0,0,0,0,0,0,0,0,0,0,0,0,7,9,0
E:\Siva_ood_projects\javacv\samples\FFmpegStreamingTimeout.java,FFmpegStreamingTimeout$Anonymous1,anonymous,1,1,0,1,2,1,0,2,0,0.0,NaN,NaN,1,0,1,0,0,0,1,0,0,0,0,0,0,0,0,0,0,0,0,7,1,0,0,0,0,1,2,1,1,1,0,0,0,0,7,-1,0
E:\Siva_ood_projects\javacv\samples\FFmpegStreamingTimeout.java,FFmpegStreamingTimeout$Anonymous2,anonymous,0,0,0,0,2,1,0,3,0,0.0,NaN,NaN,1,0,1,0,0,0,1,0,0,0,0,0,0,0,0,0,0,0,0,12,0,0,0,1,0,2,0,0,1,0,1,0,0,0,15,-1,0
E:\Siva_ood_projects\javacv\src\main\java\org\bytedeco\javacv\FFmpegFrameFilter.java,org.bytedeco.javacv.FFmpegFrameFilter$Exception,innerclass,1,1,0,1,2,5,0,0,1,0.0,0.0,0.0,2,0,2,0,0,0,2,0,0,0,0,0,0,0,0,0,0,0,0,8,0,0,0,0,0,1,0,0,1,0,0,0,0,0,10,9,0
E:\Siva_ood_projects\javacv\src\main\java\org\bytedeco\javacv\CameraSettings.java,org.bytedeco.javacv.CameraSettings,class,5,6,1,5,12,4,0,12,18,0.6666667,0.1388889,0.19444445,9,0,9,0,0,0,9,0,0,0,3,0,0,0,0,3,0,0,2,47,4,2,0,0,0,4,3,10,2,6,1,0,0,0,30,1,0
E:\Siva_ood_projects\javacv\src\main\java\org\bytedeco\javacv\JavaCVCL.java,org.bytedeco.javacv.JavaCVCL,class,30,40,10,30,146,2,0,97,734,0.9005102,0.22108844,0.4217687,49,4,48,0,1,0,49,0,0,0,6,2,1,5,0,0,6,0,10,595,22,4,18,1,7,17,122,190,29,77,3,0,1,0,193,1,0
E:\Siva_ood_projects\javacv\src\main\java\org\bytedeco\javacv\FrameConverter.java,org.bytedeco.javacv.FrameConverter,class,2,17,15,2,4,1,0,1,1,0.33333334,0.33333334,0.33333334,3,0,3,0,0,0,3,2,0,0,1,0,0,0,1,0,0,0,0,11,0,0,1,0,0,0,0,1,0,1,1,0,0,0,73,1025,0
E:\Siva_ood_projects\javacv\platform\src\test\java\org\bytedeco\javacv\FrameFilterTest.java,org.bytedeco.javacv.FrameFilterTest,class,8,8,0,8,18,1,0,48,1,0.0,0.0,0.0,2,0,2,0,0,0,2,0,0,0,0,0,0,0,0,0,0,0,2,171,0,6,12,2,4,11,64,37,7,31,4,0,0,0,71,1,0
E:\Siva_ood_projects\javacv\src\main\java\org\bytedeco\javacv\JavaCV.java,org.bytedeco.javacv.JavaCV$Anonymous1,anonymous,0,0,0,0,13,1,0,7,0,0.0,NaN,NaN,1,0,1,0,0,0,1,0,0,0,0,0,0,0,0,0,0,0,4,55,0,3,4,0,5,0,35,27,65,15,4,0,0,0,50,-1,0
E:\Siva_ood_projects\javacv\src\main\java\org\bytedeco\javacv\FFmpegLockCallback.java,org.bytedeco.javacv.FFmpegLockCallback,class,1,1,0,1,2,1,0,2,0,0.5,NaN,NaN,1,1,1,0,0,0,1,0,0,1,4,4,0,4,0,0,0,0,0,50,0,0,0,0,0,0,1,5,0,4,1,1,0,0,20,1,0
E:\Siva_ood_projects\javacv\src\main\java\org\bytedeco\javacv\FrameGrabber.java,org.bytedeco.javacv.FrameGrabber$PropertyEditor,innerclass,1,1,0,1,6,2,0,7,3,0.0,0.0,0.0,3,0,3,0,0,0,3,0,0,0,0,0,0,0,0,0,0,0,1,20,2,0,2,1,0,2,1,1,0,1,1,0,0,0,17,9,0
E:\Siva_ood_projects\javacv\samples\FacePreview.java,org.bytedeco.javacv.facepreview.FaceView,class,12,14,2,12,15,2,0,33,2,0.5625,0.33333334,0.5,4,0,2,0,2,0,4,0,0,0,4,1,1,3,0,0,1,0,0,68,0,3,5,1,3,6,10,28,20,28,2,0,0,0,85,0,0
E:\Siva_ood_projects\javacv\src\main\java\org\bytedeco\javacv\ProjectiveColorTransformer.java,org.bytedeco.javacv.ProjectiveColorTransformer,class,13,17,4,13,37,3,1,43,0,0.625,0.5,0.75,8,0,7,0,1,0,8,0,0,0,4,1,0,0,4,0,0,0,2,339,5,4,17,0,4,0,43,28,3,16,2,0,1,0,56,1,0
E:\Siva_ood_projects\javacv\src\main\java\org\bytedeco\javacv\Parallel.java,org.bytedeco.javacv.Parallel$Anonymous1,anonymous,1,1,0,1,1,1,0,1,0,0.0,NaN,NaN,1,0,1,0,0,0,1,0,0,0,0,0,0,0,0,0,0,0,0,5,0,0,0,0,0,0,0,0,0,0,0,0,0,0,1,-1,0
E:\Siva_ood_projects\javacv\samples\JavaFxPlayVideoAndAudio.java,JavaFxPlayVideoAndAudio$Anonymous1$Anonymous2$Anonymous3,anonymous,0,0,0,0,1,1,0,1,0,0.0,NaN,NaN,1,0,1,0,0,0,1,0,0,0,0,0,0,0,0,0,0,0,0,5,0,0,0,0,0,0,0,0,0,0,0,0,0,0,2,-1,0
E:\Siva_ood_projects\javacv\src\main\java\org\bytedeco\javacv\VideoInputFrameGrabber.java,org.bytedeco.javacv.VideoInputFrameGrabber,class,10,11,1,10,61,2,0,27,76,0.76785713,0.23333333,0.23333333,16,5,15,0,1,0,16,0,0,0,6,1,0,6,0,0,0,0,2,125,8,2,16,1,0,27,19,28,6,16,2,0,0,0,92,1,0
E:\Siva_ood_projects\javacv\src\main\java\org\bytedeco\javacv\ProjectiveColorTransformer.java,org.bytedeco.javacv.ProjectiveColorTransformer$Parameters,innerclass,5,5,0,5,60,2,0,25,33,0.67857146,0.2857143,0.4945055,14,0,12,0,2,0,14,0,0,0,2,0,0,1,1,0,0,0,1,216,9,0,18,0,17,0,90,31,13,14,2,0,0,0,51,1,0
E:\Siva_ood_projects\javacv\samples\JavaFxPlayVideoAndAudio.java,JavaFxPlayVideoAndAudio$Anonymous1,anonymous,4,4,0,4,13,1,0,37,0,0.0,NaN,NaN,1,0,1,0,0,0,1,0,0,0,0,0,0,0,0,0,0,0,11,107,0,2,5,1,2,1,18,22,10,19,4,2,0,0,57,-1,0
E:\Siva_ood_projects\javacv\src\main\java\org\bytedeco\javacv\CameraDevice.java,org.bytedeco.javacv.CameraDevice$CalibrationSettings$Anonymous1,anonymous,0,0,0,0,1,1,0,1,0,0.0,NaN,NaN,1,0,1,0,0,0,1,0,0,0,0,0,0,0,0,0,0,0,0,5,0,0,0,0,0,0,0,0,0,0,0,0,0,0,6,-1,0
E:\Siva_ood_projects\javacv\src\main\java\org\bytedeco\javacv\FrameGrabber.java,org.bytedeco.javacv.FrameGrabber$Array,innerclass,4,4,0,4,32,1,0,12,0,0.5740741,0.7777778,0.7777778,9,0,8,0,1,0,9,0,0,0,6,0,0,5,1,0,0,0,9,109,5,11,7,0,3,0,24,37,10,17,4,0,0,0,34,9,0
E:\Siva_ood_projects\javacv\src\main\java\org\bytedeco\javacv\MarkerDetector.java,org.bytedeco.javacv.MarkerDetector,class,19,27,8,19,53,3,0,47,0,0.65,0.2857143,0.71428573,8,0,7,1,0,0,7,0,0,0,12,0,0,12,0,0,0,0,9,196,4,6,9,0,18,0,157,76,95,54,3,0,1,0,129,1,0
E:\Siva_ood_projects\javacv\src\main\java\org\bytedeco\javacv\OpenKinectFrameGrabber.java,org.bytedeco.javacv.OpenKinectFrameGrabber,class,13,14,1,13,76,2,0,30,175,0.85507244,0.13438736,0.41501975,23,5,22,0,1,0,23,0,0,0,10,1,0,10,0,0,0,0,3,243,13,2,24,1,0,21,49,82,19,53,3,0,0,0,102,1,0
E:\Siva_ood_projects\javacv\samples\JavaFxPlayVideoAndAudio.java,JavaFxPlayVideoAndAudio,class,6,7,1,6,3,2,0,15,1,0.6666667,0.33333334,0.33333334,3,1,3,0,0,0,3,0,0,0,2,2,0,2,0,0,1,0,1,156,0,0,0,0,0,1,2,5,0,5,0,1,1,0,34,1,0
E:\Siva_ood_projects\javacv\src\main\java\org\bytedeco\javacv\FrameRecorder.java,org.bytedeco.javacv.FrameRecorder,class,3,17,14,3,109,4,2,21,4399,0.96384823,0.01956659,0.035977278,98,8,98,0,0,0,98,5,0,0,22,1,1,0,21,0,1,0,14,364,51,2,0,5,0,13,8,62,4,39,2,0,1,0,102,1025,0
E:\Siva_ood_projects\javacv\src\main\java\org\bytedeco\javacv\RealSense2FrameGrabber.java,org.bytedeco.javacv.RealSense2FrameGrabber$RealSense2DeviceInfo,innerclass,0,0,0,0,7,1,0,1,7,0.68571436,0.33333334,1.0,7,0,6,0,0,1,7,0,0,0,5,0,0,5,0,0,0,0,1,32,6,0,0,0,0,1,0,5,0,5,0,0,0,0,21,9,0
E:\Siva_ood_projects\javacv\samples\RecordActivity.java,org.bytedeco.javacv.recordactivity.RecordActivity,class,25,26,1,25,34,3,0,47,0,0.80921054,0.6666667,0.6666667,8,0,5,2,1,0,6,0,0,0,36,2,0,27,0,9,11,0,2,383,3,3,5,4,10,18,40,81,32,53,6,0,2,0,133,1,0
E:\Siva_ood_projects\javacv\src\main\java\org\bytedeco\javacv\FFmpegFrameRecorder.java,org.bytedeco.javacv.FFmpegFrameRecorder$Exception,innerclass,1,1,0,1,2,5,0,0,1,0.0,0.0,0.0,2,0,2,0,0,0,2,0,0,0,0,0,0,0,0,0,0,0,0,8,0,0,0,0,0,1,0,0,1,0,0,0,0,0,10,9,0
E:\Siva_ood_projects\javacv\src\main\java\org\bytedeco\javacv\JavaFXFrameConverter.java,org.bytedeco.javacv.JavaFXFrameConverter,class,6,8,2,6,2,2,0,0,1,0.0,0.0,0.0,2,0,2,0,0,0,2,0,0,0,0,0,0,0,0,0,0,0,0,53,1,0,0,0,0,1,0,4,0,4,0,0,1,0,31,1,0
E:\Siva_ood_projects\javacv\src\main\java\org\bytedeco\javacv\ImageAligner.java,org.bytedeco.javacv.ImageAligner$Settings,innerclass,3,3,0,3,13,3,0,0,48,0.7692308,0.1923077,0.7051282,13,0,13,0,0,0,13,0,0,0,5,0,0,0,0,5,0,0,0,49,6,0,0,0,0,0,8,15,0,5,0,0,0,0,24,1,0
E:\Siva_ood_projects\javacv\src\main\java\org\bytedeco\javacv\ProjectiveTransformerCL.java,org.bytedeco.javacv.ProjectiveTransformerCL,class,16,17,1,16,19,2,0,23,11,0.6666667,0.8095238,1.0,7,0,6,0,1,0,7,0,0,0,3,0,0,1,2,0,2,0,1,76,1,2,8,0,1,6,23,23,3,20,2,0,0,0,67,1,0
E:\Siva_ood_projects\javacv\src\main\java\org\bytedeco\javacv\ImageAligner.java,org.bytedeco.javacv.ImageAligner,interface,6,9,3,6,18,3,0,0,153,0.0,0.0,0.0,18,0,0,0,0,18,18,0,0,0,0,0,0,0,0,0,0,0,0,69,0,0,0,0,0,0,0,0,0,0,0,0,1,0,32,1,0
E:\Siva_ood_projects\javacv\src\main\java\org\bytedeco\javacv\FrameGrabber.java,org.bytedeco.javacv.FrameGrabber$SampleMode,enum,0,0,0,0,0,1,0,0,0,0.0,-1.0,-1.0,0,0,0,0,0,0,0,0,0,0,0,0,0,0,0,0,0,0,0,1,0,0,0,0,0,0,0,0,0,0,0,0,0,0,6,9,0
E:\Siva_ood_projects\javacv\src\main\java\org\bytedeco\javacv\BaseChildSettings.java,org.bytedeco.javacv.BaseChildSettings$PropertyVetoExceptionThatNetBeansLikes,innerclass,0,0,0,0,2,4,0,2,1,0.0,0.0,0.0,2,0,2,0,0,0,2,0,0,0,0,0,0,0,0,0,0,0,0,15,1,0,0,0,0,0,0,1,0,1,0,1,0,0,19,9,0
E:\Siva_ood_projects\javacv\src\main\java\org\bytedeco\javacv\GNImageAlignerCL.java,org.bytedeco.javacv.GNImageAlignerCL,class,23,24,1,23,67,2,0,74,282,0.84595966,0.24810606,0.3598485,33,0,29,0,4,0,33,0,0,0,8,0,0,8,0,0,1,0,9,314,24,7,17,0,3,2,82,95,38,41,3,1,0,0,101,1,0
E:\Siva_ood_projects\javacv\src\main\java\org\bytedeco\javacv\FrameGrabber.java,org.bytedeco.javacv.FrameGrabber$Anonymous1,anonymous,1,1,0,1,2,1,0,2,0,0.0,NaN,NaN,1,0,1,0,0,0,1,0,0,0,0,0,0,0,0,0,0,0,1,10,1,1,0,0,0,0,1,2,2,0,1,0,0,0,10,-1,0
E:\Siva_ood_projects\javacv\src\main\java\org\bytedeco\javacv\ProjectiveDevice.java,org.bytedeco.javacv.ProjectiveDevice$Settings,innerclass,2,2,0,2,6,3,0,1,3,0.5,0.4,0.6666667,6,0,6,0,0,0,6,0,0,0,2,0,0,0,0,2,0,0,0,22,2,0,0,0,0,2,1,6,0,2,0,0,0,0,14,9,0
E:\Siva_ood_projects\javacv\samples\WebcamAndMicrophoneCapture.java,WebcamAndMicrophoneCapture,class,6,6,0,6,5,1,0,31,0,0.16666667,NaN,NaN,1,1,1,0,0,0,1,0,0,0,6,6,0,6,0,0,4,0,3,91,0,1,2,0,3,14,16,15,5,12,2,1,0,0,56,1,0
E:\Siva_ood_projects\javacv\src\main\java\org\bytedeco\javacv\JavaCvErrorCallback.java,org.bytedeco.javacv.JavaCvErrorCallback$Anonymous1,anonymous,0,0,0,0,1,1,0,1,0,0.0,NaN,NaN,1,0,1,0,0,0,1,0,0,0,0,0,0,0,0,0,0,0,1,5,0,0,0,0,0,0,0,0,0,0,0,0,0,0,1,-1,0
E:\Siva_ood_projects\javacv\src\main\java\org\bytedeco\javacv\RealSense2FrameGrabber.java,org.bytedeco.javacv.RealSense2FrameGrabber$Rs2SensorType,enum,0,0,0,0,2,1,0,0,0,0.0,1.0,1.0,2,0,1,0,0,1,2,0,0,0,1,0,0,1,0,0,0,0,0,8,1,0,0,0,0,2,0,1,0,1,0,0,0,0,13,1,0
E:\Siva_ood_projects\javacv\src\main\java\org\bytedeco\javacv\FFmpegFrameGrabber.java,org.bytedeco.javacv.FFmpegFrameGrabber$ReadCallback,innerclass,4,4,0,4,3,2,0,5,0,0.0,NaN,NaN,1,0,1,0,0,0,1,0,0,0,0,0,0,0,0,0,0,0,0,20,3,0,0,1,0,1,4,3,1,3,2,0,0,0,24,8,0
E:\Siva_ood_projects\javacv\src\main\java\org\bytedeco\javacv\ReflectanceInitializer.java,org.bytedeco.javacv.ReflectanceInitializer,class,15,16,1,15,19,1,0,41,0,0.53333336,0.8,1.0,5,0,5,0,0,0,5,0,0,0,7,1,0,7,0,0,0,0,4,110,3,6,6,0,2,3,93,48,24,40,4,0,0,0,90,1,1
E:\Siva_ood_projects\javacv\src\main\java\org\bytedeco\javacv\ProjectiveTransformer.java,org.bytedeco.javacv.ProjectiveTransformer$Parameters,innerclass,5,5,0,5,68,1,0,28,194,0.8489583,0.06884058,0.16666667,24,0,22,0,2,0,24,0,0,0,5,0,0,3,2,0,0,0,2,211,15,4,32,0,3,4,79,40,2,21,4,0,0,0,73,1,0
E:\Siva_ood_projects\javacv\src\main\java\org\bytedeco\javacv\CanvasFrame.java,org.bytedeco.javacv.CanvasFrame$Exception,innerclass,0,0,0,0,2,3,0,0,1,0.0,0.0,0.0,2,0,2,0,0,0,2,0,0,0,0,0,0,0,0,0,0,0,0,8,0,0,0,0,0,0,0,0,0,0,0,0,0,0,4,9,0
E:\Siva_ood_projects\javacv\samples\WebcamAndMicrophoneCapture.java,WebcamAndMicrophoneCapture$Anonymous1$Anonymous2,anonymous,2,2,0,2,3,1,0,9,0,0.0,NaN,NaN,1,0,1,0,0,0,1,0,0,0,0,0,0,0,0,0,0,0,2,18,0,1,1,1,0,0,5,5,1,4,2,0,0,0,12,-1,0
E:\Siva_ood_projects\javacv\src\main\java\org\bytedeco\javacv\ProjectiveDevice.java,org.bytedeco.javacv.ProjectiveDevice$CalibratedSettings,innerclass,2,2,0,2,9,4,0,2,0,0.16666667,0.6666667,0.6666667,6,0,6,0,0,0,6,0,0,0,1,0,0,0,0,1,0,0,0,21,2,0,3,0,0,2,1,4,0,1,0,0,0,0,10,9,0
E:\Siva_ood_projects\javacv\src\main\java\org\bytedeco\javacv\FrameGrabber.java,org.bytedeco.javacv.FrameGrabber,class,7,38,31,7,151,5,12,31,7451,0.97416687,0.013460318,0.023365078,126,10,126,0,0,0,126,5,0,0,35,2,2,4,29,0,2,0,27,659,74,3,5,8,4,22,48,113,16,61,4,1,5,0,222,1025,0
E:\Siva_ood_projects\javacv\src\main\java\org\bytedeco\javacv\OpenCVFrameConverter.java,org.bytedeco.javacv.OpenCVFrameConverter$ToOrgOpenCvCoreMat,innerclass,3,3,0,3,2,3,0,2,1,0.0,0.0,0.0,2,0,2,0,0,0,2,0,0,0,0,0,0,0,0,0,0,0,0,8,2,0,0,0,0,0,0,0,0,0,0,0,0,0,10,9,0
E:\Siva_ood_projects\javacv\src\main\java\org\bytedeco\javacv\ImageTransformerCL.java,org.bytedeco.javacv.ImageTransformerCL$InputData,innerclass,3,3,0,3,7,1,0,11,0,0.5833333,0.16666667,0.16666667,4,0,3,0,0,1,4,0,0,0,5,0,3,0,0,2,0,0,0,28,2,0,2,0,0,0,9,13,1,11,2,0,0,0,29,1,0
E:\Siva_ood_projects\javacv\src\main\java\org\bytedeco\javacv\FlyCapture2FrameGrabber.java,org.bytedeco.javacv.FlyCapture2FrameGrabber,class,22,23,1,22,198,2,0,94,202,0.9,0.18128654,0.32163742,24,7,16,5,1,2,19,0,0,0,13,3,1,11,0,1,5,0,30,475,19,2,51,1,11,32,108,127,24,65,2,0,0,0,195,1,0
E:\Siva_ood_projects\javacv\platform\src\test\java\org\bytedeco\javacv\FrameGrabberChangingResolutionTest.java,org.bytedeco.javacv.FrameGrabberChangingResolutionTest$Anonymous1,anonymous,4,4,0,4,4,1,0,6,0,0.0,NaN,NaN,1,0,1,0,0,0,1,0,0,0,0,0,0,0,0,0,0,0,0,25,0,1,0,2,0,1,3,4,1,2,2,0,0,0,14,-1,0
E:\Siva_ood_projects\javacv\platform\src\test\java\org\bytedeco\javacv\FrameGrabberChangingResolutionTest.java,org.bytedeco.javacv.FrameGrabberChangingResolutionTest$Anonymous2,anonymous,6,6,0,6,8,1,0,17,0,0.0,NaN,NaN,1,0,1,0,0,0,1,0,0,0,0,0,0,0,0,0,0,0,0,54,0,1,1,3,0,4,23,8,2,7,3,0,0,0,26,-1,0
E:\Siva_ood_projects\javacv\src\main\java\org\bytedeco\javacv\ImageTransformer.java,org.bytedeco.javacv.ImageTransformer$Parameters,interface,2,2,0,2,13,1,0,0,78,0.0,0.0,0.0,13,0,0,0,0,13,13,0,0,0,0,0,0,0,0,0,0,0,0,15,0,0,0,0,0,0,0,0,0,0,0,0,0,0,17,1,0
E:\Siva_ood_projects\javacv\samples\ColoredObjectTrack.java,ColoredObjectTrack,class,8,9,1,8,11,1,0,32,3,0.6481481,0.16666667,0.16666667,6,1,4,2,0,0,4,0,0,0,9,2,0,0,0,9,2,0,1,75,2,1,1,1,2,4,33,29,4,28,4,0,0,0,99,1,0
E:\Siva_ood_projects\javacv\src\main\java\org\bytedeco\javacv\ProjectorDevice.java,org.bytedeco.javacv.ProjectorDevice$SettingsImplementation,innerclass,4,4,0,4,26,4,0,11,88,0.815126,0.2647059,1.0,17,0,17,0,0,0,17,0,0,0,4,0,0,1,0,3,0,0,4,83,9,0,5,0,0,11,12,32,0,11,1,0,0,0,39,9,0
E:\Siva_ood_projects\javacv\src\main\java\org\bytedeco\javacv\ColorCalibrator.java,org.bytedeco.javacv.ColorCalibrator,class,6,7,1,6,9,1,0,16,0,0.0,1.0,1.0,2,0,2,0,0,0,2,0,0,0,1,0,0,1,0,0,0,0,4,60,1,4,2,0,2,1,54,30,31,26,4,0,0,0,46,1,0
E:\Siva_ood_projects\javacv\src\main\java\org\bytedeco\javacv\ProjectorDevice.java,org.bytedeco.javacv.ProjectorDevice$CalibrationSettings$Anonymous1,anonymous,0,0,0,0,1,1,0,1,0,0.0,NaN,NaN,1,0,1,0,0,0,1,0,0,0,0,0,0,0,0,0,0,0,0,5,0,0,0,0,0,0,0,0,0,0,0,0,0,0,6,-1,0
E:\Siva_ood_projects\javacv\samples\JavaFxPlayVideoAndAudio.java,JavaFxPlayVideoAndAudio$PlaybackTimer,innerclass,0,0,0,0,7,1,0,2,0,0.25,1.0,1.0,4,0,4,0,0,0,4,0,0,0,2,0,0,2,0,0,1,0,2,26,2,0,2,0,1,1,3,4,2,2,2,0,0,0,17,10,0
E:\Siva_ood_projects\javacv\src\main\java\org\bytedeco\javacv\FFmpegFrameFilter.java,org.bytedeco.javacv.FFmpegFrameFilter,class,22,28,6,22,204,6,0,96,212,0.8635058,0.1984127,0.45238096,29,1,26,2,1,0,28,0,0,8,21,1,0,2,0,19,0,0,8,615,16,13,88,9,24,63,146,196,52,85,4,0,1,0,220,1,0
E:\Siva_ood_projects\javacv\src\main\java\org\bytedeco\javacv\ObjectFinder.java,org.bytedeco.javacv.ObjectFinder$Settings,innerclass,3,3,0,3,22,3,0,13,89,0.8333333,0.3073593,0.3073593,22,0,22,0,0,0,22,0,0,0,6,0,0,0,0,6,0,0,0,74,11,0,0,0,0,0,3,11,0,6,0,0,0,0,43,9,0
E:\Siva_ood_projects\javacv\src\main\java\org\bytedeco\javacv\Java2DFrameUtils.java,org.bytedeco.javacv.Java2DFrameUtils,class,8,9,1,8,13,1,0,10,0,0.53846157,0.53846157,0.84615386,13,13,13,0,0,0,13,0,0,12,3,3,0,3,0,0,0,0,4,50,13,0,0,3,0,0,0,6,0,6,1,0,0,0,101,1,0
E:\Siva_ood_projects\javacv\src\main\java\org\bytedeco\javacv\cvkernels.java,org.bytedeco.javacv.cvkernels,class,9,12,3,9,16,2,0,21,0,0.0,NaN,NaN,1,1,1,0,0,0,1,0,0,0,1,1,0,1,0,0,0,0,3,98,0,6,8,0,0,0,15,34,2,23,4,2,1,0,37,1,0
E:\Siva_ood_projects\javacv\src\main\java\org\bytedeco\javacv\SeekableByteArrayOutputStream.java,org.bytedeco.javacv.SeekableByteArrayOutputStream,class,3,5,2,3,9,3,0,3,0,0.0,1.0,1.0,3,0,3,0,0,0,3,0,0,2,1,0,0,0,0,1,0,0,0,27,0,1,1,0,0,0,3,4,1,2,2,0,0,0,16,1,0
E:\Siva_ood_projects\javacv\src\main\java\org\bytedeco\javacv\ProjectorDevice.java,org.bytedeco.javacv.ProjectorDevice$Settings,interface,0,0,0,0,21,1,0,0,210,0.0,0.0,0.0,21,0,0,0,0,21,21,0,0,0,0,0,0,0,0,0,0,0,0,23,0,0,0,0,0,0,0,0,0,0,0,0,0,0,36,1,0
E:\Siva_ood_projects\javacv\src\main\java\cl\eye\CLCamera.java,cl.eye.CLCamera,class,2,4,2,2,27,1,0,13,148,0.9800307,0.2900433,0.2900433,21,13,12,0,0,9,22,0,0,0,31,30,27,4,0,0,0,0,12,105,11,0,1,3,0,8,29,34,0,31,2,0,0,0,84,1,0
E:\Siva_ood_projects\javacv\src\main\java\org\bytedeco\javacv\FFmpegFrameRecorder.java,org.bytedeco.javacv.FFmpegFrameRecorder,class,33,49,16,33,379,8,0,183,617,0.9212454,0.0945946,0.3153153,39,3,35,3,1,0,37,0,0,7,33,4,0,30,0,3,0,0,15,1144,13,31,191,7,68,74,257,250,68,124,5,0,3,0,309,1,0
E:\Siva_ood_projects\javacv\src\main\java\org\bytedeco\javacv\Frame.java,org.bytedeco.javacv.Frame,class,17,71,54,17,70,1,0,25,33,0.7916667,0.15555556,0.22222222,11,2,10,1,0,0,10,0,0,0,12,1,12,0,0,0,1,0,8,209,15,9,17,0,5,1,44,84,12,49,3,0,1,0,202,1,0
E:\Siva_ood_projects\javacv\src\main\java\org\bytedeco\javacv\ProjectiveDevice.java,org.bytedeco.javacv.ProjectiveDevice,class,16,29,13,16,135,11,2,74,541,0.8912485,0.13589744,0.3,42,7,40,2,0,0,40,0,0,0,17,3,8,9,0,0,0,0,18,724,23,17,34,0,43,93,229,237,169,162,3,0,4,0,213,1,0
E:\Siva_ood_projects\javacv\src\main\java\org\bytedeco\javacv\HandMouse.java,org.bytedeco.javacv.HandMouse$Settings,innerclass,2,2,0,2,20,3,0,0,136,0.84999996,0.14210527,0.9,20,0,20,0,0,0,20,0,0,0,9,0,0,0,0,9,0,0,0,78,9,0,0,0,0,0,9,27,0,9,0,0,0,0,28,9,0
E:\Siva_ood_projects\javacv\samples\YOLONet.java,YOLONet,class,16,17,1,16,14,1,0,36,0,0.42000002,0.5,0.5,5,1,4,1,0,0,4,0,0,0,10,0,0,10,0,0,0,0,4,129,3,5,0,1,4,8,25,42,13,40,4,1,1,0,126,1,0
E:\Siva_ood_projects\javacv\src\main\java\org\bytedeco\javacv\ProjectorDevice.java,org.bytedeco.javacv.ProjectorDevice,class,15,21,6,15,29,13,0,46,33,0.75,0.38181818,0.38181818,11,2,11,0,0,0,11,0,0,0,2,1,0,2,0,0,0,0,6,388,6,1,5,1,2,6,18,34,7,24,2,0,4,0,82,1,0
E:\Siva_ood_projects\javacv\samples\RealSense2DepthMeasuring.java,RealSense2DepthMeasuring,class,5,5,0,5,4,1,0,22,0,0.0,NaN,NaN,1,1,1,0,0,0,1,0,0,0,0,0,0,0,0,0,0,0,0,36,0,2,1,0,0,3,6,3,0,3,2,1,0,0,17,1,0
E:\Siva_ood_projects\javacv\src\main\java\org\bytedeco\javacv\ProjectorDevice.java,org.bytedeco.javacv.ProjectorDevice$CalibrationSettings,innerclass,5,5,0,5,26,5,0,20,0,0.65333337,0.6533333,0.92,25,0,25,0,0,0,25,0,0,0,2,0,0,0,0,2,0,0,0,89,12,0,0,0,0,2,2,9,0,4,1,1,0,0,42,9,0
E:\Siva_ood_projects\javacv\samples\FaceRecognizerInVideo.java,FaceRecognizerInVideo,class,12,12,0,12,6,1,0,22,0,0.0,NaN,NaN,1,1,1,0,0,0,1,0,0,0,0,0,0,0,0,0,0,0,3,53,0,2,1,1,0,5,22,25,3,22,2,0,0,0,90,1,0
E:\Siva_ood_projects\javacv\src\main\java\org\bytedeco\javacv\CanvasFrame.java,org.bytedeco.javacv.CanvasFrame$Anonymous3,anonymous,0,0,0,0,2,1,0,2,0,0.0,NaN,NaN,1,0,1,0,0,0,1,0,0,0,0,0,0,0,0,0,0,0,0,11,1,0,1,0,0,0,0,1,0,0,2,0,0,0,6,-1,0
E:\Siva_ood_projects\javacv\src\main\java\org\bytedeco\javacv\CanvasFrame.java,org.bytedeco.javacv.CanvasFrame$Anonymous2,anonymous,1,1,0,1,11,1,0,12,1,0.0,0.0,0.0,2,0,2,0,0,0,2,0,0,0,0,0,0,0,0,0,0,0,0,36,1,2,3,1,0,0,8,2,0,1,4,0,0,0,17,-1,0
E:\Siva_ood_projects\javacv\src\main\java\org\bytedeco\javacv\CanvasFrame.java,org.bytedeco.javacv.CanvasFrame$Anonymous1,anonymous,1,1,0,1,12,1,0,20,0,0.0,NaN,NaN,1,0,1,0,0,0,1,0,0,0,0,0,0,0,0,0,0,0,2,30,0,0,5,0,0,0,8,10,1,8,1,0,0,0,38,-1,0
E:\Siva_ood_projects\javacv\src\main\java\org\bytedeco\javacv\BufferRing.java,org.bytedeco.javacv.BufferRing,class,4,5,1,4,9,1,0,2,0,0.21428573,0.61904764,0.71428573,7,0,7,0,0,0,7,0,0,0,2,0,0,2,0,0,0,0,0,39,5,2,0,0,5,3,3,7,7,4,1,0,2,0,14,1,0
E:\Siva_ood_projects\javacv\samples\DeepLearningFaceDetection.java,DeepLearningFaceDetection,class,11,12,1,11,10,1,0,25,1,0.75,0.0,0.0,2,2,1,1,0,0,2,0,0,0,4,4,0,4,0,0,3,0,3,57,0,3,0,1,0,4,36,22,5,21,3,0,0,0,116,1,0
E:\Siva_ood_projects\javacv\samples\CaffeGooglenet.java,CaffeGooglenet,class,6,7,1,6,10,1,0,21,3,0.0,0.0,0.0,3,3,3,0,0,0,3,0,0,0,0,0,0,0,0,0,0,0,5,58,1,1,2,2,2,19,14,18,10,15,2,0,0,0,59,1,0
E:\Siva_ood_projects\javacv\src\main\java\org\bytedeco\javacv\GNImageAligner.java,org.bytedeco.javacv.GNImageAligner$Anonymous3,anonymous,0,0,0,0,9,1,0,2,0,0.0,NaN,NaN,1,0,1,0,0,0,1,0,0,0,0,0,0,0,0,0,0,0,0,27,0,4,0,0,0,0,4,10,7,6,3,0,0,0,14,-1,0
E:\Siva_ood_projects\javacv\src\main\java\org\bytedeco\javacv\ProCamGeometricCalibrator.java,org.bytedeco.javacv.ProCamGeometricCalibrator$Anonymous1,anonymous,1,1,0,1,1,1,0,2,0,0.0,NaN,NaN,1,0,1,0,0,0,1,0,0,0,0,0,0,0,0,0,0,0,0,6,0,0,0,0,1,0,3,1,2,0,0,0,0,0,16,-1,0
E:\Siva_ood_projects\javacv\samples\FaceApplet.java,FaceApplet,class,12,13,1,12,26,5,0,45,7,0.7272728,0.33333334,0.47619048,7,0,7,0,0,0,7,0,0,0,9,0,0,7,0,2,0,0,1,118,0,3,10,4,1,7,21,43,9,21,3,0,0,0,95,1,0
E:\Siva_ood_projects\javacv\src\main\java\org\bytedeco\javacv\MarkerDetector.java,org.bytedeco.javacv.MarkerDetector$Settings,innerclass,1,1,0,1,12,3,0,0,54,0.8333333,0.09090909,0.09090909,12,0,12,0,0,0,12,0,0,0,6,0,0,0,0,6,0,0,0,44,6,0,0,0,0,0,6,12,0,6,0,0,0,0,19,9,0
E:\Siva_ood_projects\javacv\src\main\java\org\bytedeco\javacv\ProCamGeometricCalibrator.java,org.bytedeco.javacv.ProCamGeometricCalibrator$Anonymous2,anonymous,1,1,0,1,1,1,0,2,0,0.0,NaN,NaN,1,0,1,0,0,0,1,0,0,0,0,0,0,0,0,0,0,0,0,6,0,0,0,0,1,0,3,1,2,0,0,0,0,0,15,-1,0
E:\Siva_ood_projects\javacv\src\main\java\org\bytedeco\javacv\GeometricCalibrator.java,org.bytedeco.javacv.GeometricCalibrator$Settings,innerclass,1,1,0,1,6,3,0,0,9,0.6666667,0.2,0.2,6,0,6,0,0,0,6,0,0,0,3,0,0,0,0,3,0,0,0,23,3,0,0,0,0,0,3,6,0,3,0,0,0,0,14,9,0
E:\Siva_ood_projects\javacv\src\main\java\org\bytedeco\javacv\GNImageAligner.java,org.bytedeco.javacv.GNImageAligner$Anonymous1,anonymous,1,1,0,1,2,1,0,4,0,0.0,NaN,NaN,1,0,1,0,0,0,1,0,0,0,0,0,0,0,0,0,0,0,0,10,0,1,0,0,0,0,0,3,3,1,1,0,0,0,12,-1,0
E:\Siva_ood_projects\javacv\src\main\java\org\bytedeco\javacv\GNImageAligner.java,org.bytedeco.javacv.GNImageAligner$Anonymous2,anonymous,1,1,0,1,4,1,0,5,0,0.0,NaN,NaN,1,0,1,0,0,0,1,0,0,0,0,0,0,0,0,0,0,0,2,21,0,2,1,0,0,0,9,7,11,2,3,0,0,0,12,-1,0
E:\Siva_ood_projects\javacv\src\main\java\org\bytedeco\javacv\FFmpegLockCallback.java,org.bytedeco.javacv.FFmpegLockCallback$Anonymous1,anonymous,3,3,0,3,7,1,0,9,0,0.0,NaN,NaN,1,0,1,0,0,0,1,0,0,0,0,0,0,0,0,0,0,0,0,38,7,0,2,0,0,5,12,6,0,2,2,0,0,0,12,-1,0
E:\Siva_ood_projects\javacv\src\main\java\org\bytedeco\javacv\DC1394FrameGrabber.java,org.bytedeco.javacv.DC1394FrameGrabber,class,18,19,1,18,212,2,0,99,112,0.8411765,0.20261438,0.35947713,20,5,17,2,1,0,18,0,0,0,16,2,0,16,0,0,4,0,16,549,8,3,90,3,15,58,113,149,46,67,4,0,0,0,227,1,0
E:\Siva_ood_projects\javacv\samples\LBFFacemarkExampleWithVideo.java,LBFFacemarkExampleWithVideo,class,8,8,0,8,6,1,0,15,0,0.0,NaN,NaN,1,1,1,0,0,0,1,0,0,0,0,0,0,0,0,0,0,0,0,30,0,2,1,0,0,4,4,10,1,10,4,0,0,0,44,1,0
E:\Siva_ood_projects\javacv\src\main\java\org\bytedeco\javacv\ProCamGeometricCalibrator.java,org.bytedeco.javacv.ProCamGeometricCalibrator$Anonymous3,anonymous,1,1,0,1,1,1,0,1,0,0.0,NaN,NaN,1,0,1,0,0,0,1,0,0,0,0,0,0,0,0,0,0,0,0,5,0,0,0,0,0,0,0,1,0,0,0,0,0,0,1,-1,0
E:\Siva_ood_projects\javacv\src\main\java\org\bytedeco\javacv\GNImageAligner.java,org.bytedeco.javacv.GNImageAligner,class,17,20,3,17,128,4,1,69,108,0.8585069,0.3467742,0.8770161,32,0,27,0,5,0,32,0,0,0,19,0,0,0,19,0,1,0,20,607,22,25,42,0,6,0,126,177,56,108,3,3,1,0,138,1,0
E:\Siva_ood_projects\javacv\src\main\java\org\bytedeco\javacv\ProCamGeometricCalibrator.java,org.bytedeco.javacv.ProCamGeometricCalibrator$Anonymous4,anonymous,1,1,0,1,1,1,0,1,0,0.0,NaN,NaN,1,0,1,0,0,0,1,0,0,0,0,0,0,0,0,0,0,0,0,5,0,0,0,0,0,0,0,1,0,0,0,0,0,0,1,-1,0
E:\Siva_ood_projects\javacv\samples\DeinterlacedVideoPlayer.java,DeinterlacedVideoPlayer,class,6,7,1,6,12,1,0,16,4,0.7142858,0.0,0.0,5,0,2,3,0,0,2,0,0,0,7,5,0,7,0,0,5,0,0,65,1,1,4,3,1,3,4,12,0,9,3,0,0,0,40,1,0
E:\Siva_ood_projects\javacv\samples\RecordActivity.java,org.bytedeco.javacv.recordactivity.RecordActivity$CameraView$Anonymous1,anonymous,1,1,0,1,1,1,0,0,0,0.0,NaN,NaN,1,0,1,0,0,0,1,0,0,0,0,0,0,0,0,0,0,0,0,5,1,0,0,0,0,0,0,0,3,0,0,0,0,0,2,-1,0
E:\Siva_ood_projects\javacv\src\main\java\org\bytedeco\javacv\ProCamColorCalibrator.java,org.bytedeco.javacv.ProCamColorCalibrator,class,19,20,1,19,32,3,0,37,0,0.77380955,0.4848485,1.0,12,0,12,0,0,0,12,0,0,0,12,1,0,12,0,0,0,0,5,176,10,7,12,0,15,0,128,81,61,54,2,0,1,0,100,1,0
E:\Siva_ood_projects\javacv\src\main\java\org\bytedeco\javacv\ProjectiveTransformer.java,org.bytedeco.javacv.ProjectiveTransformer,class,14,20,6,14,60,1,2,40,130,0.8571428,0.14210527,0.55789477,20,0,19,0,1,0,20,0,0,0,6,1,0,0,6,0,0,0,1,387,13,3,28,0,4,0,58,43,29,25,2,0,1,0,83,1,0
E:\Siva_ood_projects\javacv\src\main\java\org\bytedeco\javacv\OpenKinect2FrameGrabber.java,org.bytedeco.javacv.OpenKinect2FrameGrabber,class,13,14,1,13,57,2,0,32,459,0.9254203,0.05882353,0.22459893,34,5,30,0,4,0,34,0,0,0,28,6,4,24,0,0,0,0,2,237,13,1,10,2,1,10,21,75,13,50,3,0,0,0,116,1,0
E:\Siva_ood_projects\javacv\src\main\java\org\bytedeco\javacv\RealSense2FrameGrabber.java,org.bytedeco.javacv.RealSense2FrameGrabber$StreamProfileData,innerclass,1,1,0,1,0,1,0,0,0,NaN,-1.0,-1.0,0,0,0,0,0,0,0,0,0,0,5,0,0,0,0,5,0,0,0,7,0,0,0,0,0,0,5,5,0,5,0,0,0,0,13,8,0
E:\Siva_ood_projects\javacv\samples\OpticalFlowTracker.java,OpticalFlowTracker,class,6,6,0,6,4,1,0,16,0,0.0,NaN,NaN,1,1,1,0,0,0,1,0,0,0,2,2,0,2,0,0,2,0,4,34,0,1,1,0,0,9,31,16,1,16,2,0,0,0,63,1,0
E:\Siva_ood_projects\javacv\src\main\java\org\bytedeco\javacv\ProjectorSettings.java,org.bytedeco.javacv.ProjectorSettings,class,6,7,1,6,9,4,0,12,8,0.6,0.1,0.1,5,0,5,0,0,0,5,0,0,0,1,0,0,0,0,1,0,0,1,34,2,3,0,0,1,3,1,5,3,4,2,0,0,0,24,1,0
E:\Siva_ood_projects\javacv\samples\PacketRecorderTest.java,PacketRecorderTest,class,5,6,1,5,9,1,0,14,1,0.44444445,0.33333334,0.33333334,3,3,3,0,0,0,3,0,0,0,3,3,0,3,0,0,3,0,6,46,0,2,2,0,4,6,9,16,4,15,2,0,0,0,46,1,0
E:\Siva_ood_projects\javacv\samples\ImageSegmentation.java,ImageSegmentation,class,10,11,1,10,12,1,0,38,1,0.5,NaN,NaN,2,2,1,1,0,0,1,0,0,0,2,2,0,2,0,0,2,0,9,81,1,6,0,0,1,8,45,34,2,33,3,0,0,0,80,1,0
E:\Siva_ood_projects\javacv\src\main\java\org\bytedeco\javacv\Blobs.java,org.bytedeco.javacv.Blobs,class,5,7,2,5,114,1,0,18,0,0.67342335,0.6515151,0.8333333,12,5,12,0,0,0,12,0,0,0,28,25,23,0,0,5,0,0,32,438,7,20,33,0,9,24,197,296,59,133,5,0,0,0,92,1,0
E:\Siva_ood_projects\javacv\samples\TemplateMatching.java,TemplateMatching,class,10,11,1,10,8,1,0,36,10,0.0,0.0,0.0,5,5,5,0,0,0,5,0,0,0,0,0,0,0,0,0,0,0,5,69,2,2,0,0,0,7,30,25,14,25,3,0,0,0,90,1,0
E:\Siva_ood_projects\javacv\samples\RecordActivity.java,org.bytedeco.javacv.recordactivity.RecordActivity$CameraView,innerclass,12,12,0,12,28,2,0,35,0,0.42857143,0.71428573,0.71428573,7,0,7,0,0,0,7,0,0,0,2,0,0,2,0,0,0,0,4,110,1,2,7,4,5,10,8,16,9,8,5,1,0,0,73,0,0
E:\Siva_ood_projects\javacv\samples\Square.java,Square,class,11,12,1,11,25,1,0,57,4,0.6750001,0.3,0.3,5,1,2,0,0,3,5,0,0,0,8,0,0,0,0,8,0,0,3,109,2,7,8,0,4,8,68,46,27,34,6,0,0,0,149,1,0
E:\Siva_ood_projects\javacv\src\main\java\org\bytedeco\javacv\PS3EyeFrameGrabber.java,org.bytedeco.javacv.PS3EyeFrameGrabber$Triggered,enum,0,0,0,0,0,1,0,0,0,0.0,-1.0,-1.0,0,0,0,0,0,0,0,0,0,0,0,0,0,0,0,0,0,0,0,1,0,0,0,0,0,0,0,0,0,0,0,0,0,0,10,4,0
E:\Siva_ood_projects\javacv\src\main\java\org\bytedeco\javacv\CanvasFrame.java,org.bytedeco.javacv.CanvasFrame,class,5,25,20,5,63,9,1,56,454,0.91608393,0.0625,0.11290322,33,9,31,1,1,0,32,0,0,1,13,2,2,7,4,0,1,0,23,360,21,3,9,4,3,4,31,57,8,38,4,6,2,0,134,1,0
E:\Siva_ood_projects\javacv\src\main\java\org\bytedeco\javacv\JavaFXFrameConverter.java,org.bytedeco.javacv.JavaFXFrameConverter$FramePixelReader,innerclass,8,8,0,8,11,1,0,2,19,0.71428573,0.0,0.0,7,0,6,0,0,1,7,0,0,0,1,0,0,0,0,1,0,0,0,41,0,2,1,0,0,7,6,7,11,7,3,0,0,0,44,0,0
E:\Siva_ood_projects\javacv\samples\YOLONet.java,YOLONet$Anonymous1,anonymous,0,0,0,0,1,1,0,6,0,0.0,NaN,NaN,0,0,0,0,0,0,1,0,0,0,0,0,0,0,0,0,0,0,0,11,0,0,0,0,0,0,0,7,0,0,0,0,0,0,10,-1,0
E:\Siva_ood_projects\javacv\src\main\java\org\bytedeco\javacv\Marker.java,org.bytedeco.javacv.Marker,class,9,15,6,9,35,3,0,25,42,0.796875,0.35,0.45833334,16,5,16,0,0,0,16,0,0,0,6,3,3,3,0,0,1,0,7,217,12,9,7,0,17,14,107,81,76,56,4,0,1,0,99,1,0
E:\Siva_ood_projects\javacv\samples\Smoother.java,Smoother,class,2,2,0,2,2,1,0,3,0,0.0,NaN,NaN,1,1,1,0,0,0,1,0,0,0,0,0,0,0,0,0,0,0,0,9,0,0,1,0,0,0,3,1,0,1,1,0,0,0,11,1,0
E:\Siva_ood_projects\javacv\src\main\java\org\bytedeco\javacv\ImageTransformer.java,org.bytedeco.javacv.ImageTransformer$Data,innerclass,1,1,0,1,3,1,0,4,1,0.5,0.0,0.0,2,0,2,0,0,0,2,0,0,0,7,0,7,0,0,0,0,0,2,24,0,0,1,0,0,0,6,10,1,14,0,0,0,0,22,1,0
E:\Siva_ood_projects\javacv\src\main\java\org\bytedeco\javacv\ImageTransformer.java,org.bytedeco.javacv.ImageTransformer,interface,5,10,5,5,3,1,0,0,3,0.0,0.0,0.0,3,0,0,0,0,3,3,0,0,0,0,0,0,0,0,0,0,0,0,44,0,0,0,0,0,0,0,0,0,0,0,0,2,0,12,1,0
E:\Siva_ood_projects\javacv\src\main\java\org\bytedeco\javacv\ProjectiveDevice.java,org.bytedeco.javacv.ProjectiveDevice$Exception,innerclass,0,0,0,0,2,3,0,0,1,0.0,0.0,0.0,2,0,2,0,0,0,2,0,0,0,0,0,0,0,0,0,0,0,0,8,0,0,0,0,0,0,0,0,0,0,0,0,0,0,4,9,0
E:\Siva_ood_projects\javacv\src\main\java\org\bytedeco\javacv\PS3EyeFrameGrabber.java,org.bytedeco.javacv.PS3EyeFrameGrabber,class,11,12,1,11,58,2,0,33,170,0.8181818,0.16666667,0.30333334,25,8,24,0,1,0,25,0,0,0,11,1,0,1,1,9,0,0,12,194,15,4,18,1,13,19,28,48,11,21,2,0,1,0,311,1,0
E:\Siva_ood_projects\javacv\src\main\java\org\bytedeco\javacv\FFmpegFrameGrabber.java,org.bytedeco.javacv.FFmpegFrameGrabber,class,34,44,10,34,439,8,0,197,2281,0.9448147,0.06964006,0.27503914,75,5,70,4,1,0,72,0,0,6,30,4,0,27,0,3,0,0,16,1273,80,25,192,8,51,70,218,316,87,128,6,0,3,0,391,1,0
E:\Siva_ood_projects\javacv\src\main\java\org\bytedeco\javacv\ProCamTransformer.java,org.bytedeco.javacv.ProCamTransformer,class,22,25,3,22,66,1,1,61,79,0.8407408,0.20915033,0.44444445,18,0,17,0,1,0,18,0,0,0,13,0,0,0,13,0,0,0,10,440,8,7,32,0,4,2,102,75,58,47,2,0,1,0,110,1,0
E:\Siva_ood_projects\javacv\src\main\java\org\bytedeco\javacv\CameraDevice.java,org.bytedeco.javacv.CameraDevice$CalibratedSettings,innerclass,6,6,0,6,38,5,0,35,0,0.027027028,0.9459459,0.9459459,37,0,37,0,0,0,37,0,0,0,1,0,0,0,0,1,0,0,0,121,18,0,0,0,1,0,0,2,0,1,1,1,0,0,48,9,0
E:\Siva_ood_projects\javacv\samples\AudioSplitMergeHelper.java,AudioSplitMergeHelper,class,6,6,0,6,7,1,0,17,1,0.0,0.0,0.0,2,2,2,0,0,0,2,0,0,0,0,0,0,0,0,0,0,0,3,78,0,4,2,0,1,0,16,34,4,25,3,0,0,0,145,1,0
E:\Siva_ood_projects\javacv\src\main\java\org\bytedeco\javacv\ProjectorDevice.java,org.bytedeco.javacv.ProjectorDevice$CalibratedSettings,innerclass,5,5,0,5,22,5,0,19,0,0.04761905,0.9047619,0.9047619,21,0,21,0,0,0,21,0,0,0,1,0,0,0,0,1,0,0,0,73,10,0,0,0,1,0,0,2,0,1,1,1,0,0,34,9,0
E:\Siva_ood_projects\javacv\samples\BlobDemo.java,BlobDemo,class,11,12,1,11,61,1,0,45,105,0.0,0.0,0.0,15,15,15,0,0,0,15,0,0,0,0,0,0,0,0,0,0,0,12,246,3,8,11,0,11,28,115,138,29,75,3,0,0,0,102,1,0
E:\Siva_ood_projects\javacv\src\main\java\org\bytedeco\javacv\OpenCVFrameRecorder.java,org.bytedeco.javacv.OpenCVFrameRecorder,class,9,10,1,9,24,2,0,23,83,0.84,0.14102565,0.1923077,15,3,12,2,1,0,13,0,0,0,5,2,0,5,0,0,1,0,6,86,6,1,6,1,0,3,4,15,1,6,2,0,0,0,81,1,0
E:\Siva_ood_projects\javacv\src\main\java\org\bytedeco\javacv\BaseChildSettings.java,org.bytedeco.javacv.BaseChildSettings$PropertyVetoExceptionThatNetBeansLikes$Anonymous1,anonymous,0,0,0,0,1,1,0,1,0,0.0,NaN,NaN,1,0,0,0,1,0,1,0,0,0,0,0,0,0,0,0,0,0,0,5,1,0,0,0,0,0,0,0,0,0,0,0,0,0,3,-1,0
E:\Siva_ood_projects\javacv\src\main\java\org\bytedeco\javacv\ProCamGeometricCalibrator.java,org.bytedeco.javacv.ProCamGeometricCalibrator$Settings,innerclass,1,1,0,1,6,4,0,0,9,0.6666667,0.2,0.2,6,0,6,0,0,0,6,0,0,0,3,0,0,0,0,3,0,0,0,23,3,0,0,0,0,0,2,6,0,3,0,0,0,0,18,9,0
E:\Siva_ood_projects\javacv\src\main\java\org\bytedeco\javacv\OpenCVFrameConverter.java,org.bytedeco.javacv.OpenCVFrameConverter,class,11,22,11,11,104,8,0,37,24,0.6666667,0.2967033,0.4945055,13,6,10,0,0,3,14,0,0,0,3,0,0,0,0,3,0,0,24,243,42,0,40,0,0,0,32,39,19,7,2,1,3,0,69,1025,0
E:\Siva_ood_projects\javacv\src\main\java\org\bytedeco\javacv\Frame.java,org.bytedeco.javacv.Frame$Type,enum,0,0,0,0,0,1,0,0,0,0.0,-1.0,-1.0,0,0,0,0,0,0,0,0,0,0,0,0,0,0,0,0,0,0,0,1,0,0,0,0,0,0,0,0,0,0,0,0,0,0,15,9,0
E:\Siva_ood_projects\javacv\src\main\java\org\bytedeco\javacv\FrameGrabber.java,org.bytedeco.javacv.FrameGrabber$ImageMode,enum,0,0,0,0,0,1,0,0,0,0.0,-1.0,-1.0,0,0,0,0,0,0,0,0,0,0,0,0,0,0,0,0,0,0,0,1,0,0,0,0,0,0,0,0,0,0,0,0,0,0,6,9,0
E:\Siva_ood_projects\javacv\src\main\java\org\bytedeco\javacv\FFmpegFrameRecorder.java,org.bytedeco.javacv.FFmpegFrameRecorder$SeekCallback,innerclass,3,3,0,3,2,2,0,3,0,0.0,NaN,NaN,1,0,1,0,0,0,1,0,0,0,0,0,0,0,0,0,0,0,0,13,2,0,0,1,1,1,2,1,1,1,1,0,0,0,16,8,0
E:\Siva_ood_projects\javacv\src\main\java\org\bytedeco\javacv\FrameFilter.java,org.bytedeco.javacv.FrameFilter$Exception,innerclass,0,0,0,0,2,4,0,0,1,0.0,0.0,0.0,2,0,2,0,0,0,2,0,0,0,0,0,0,0,0,0,0,0,0,8,0,0,0,0,0,0,0,0,0,0,0,0,0,0,6,9,0
E:\Siva_ood_projects\javacv\src\main\java\org\bytedeco\javacv\BaseChildSettings.java,org.bytedeco.javacv.BaseChildSettings,class,1,20,19,1,4,5,16,4,6,0.0,0.0,0.0,4,0,3,0,1,0,4,0,0,0,0,0,0,0,0,0,0,0,0,29,2,0,0,0,0,1,0,0,0,0,0,0,1,0,19,1,0
E:\Siva_ood_projects\javacv\platform\src\test\java\org\bytedeco\javacv\FrameConverterTest.java,org.bytedeco.javacv.FrameConverterTest$Anonymous1,anonymous,0,0,0,0,1,1,0,1,0,0.0,NaN,NaN,0,0,0,0,0,0,1,0,0,0,0,0,0,0,0,0,0,0,0,5,0,0,0,0,0,0,0,1,0,0,0,0,0,0,1,-1,0
E:\Siva_ood_projects\javacv\src\main\java\org\bytedeco\javacv\FFmpegFrameRecorder.java,org.bytedeco.javacv.FFmpegFrameRecorder$WriteCallback,innerclass,4,4,0,4,2,2,0,3,0,0.0,NaN,NaN,1,0,1,0,0,0,1,0,0,0,0,0,0,0,0,0,0,0,0,15,2,0,0,1,0,1,3,2,1,2,1,0,0,0,18,8,0
E:\Siva_ood_projects\javacv\src\main\java\org\bytedeco\javacv\JavaCvErrorCallback.java,org.bytedeco.javacv.JavaCvErrorCallback,class,4,5,1,4,7,2,0,7,8,0.68,0.6,0.6,5,0,5,0,0,0,5,0,0,0,5,1,0,4,0,1,0,0,4,39,1,0,0,0,0,8,3,8,3,7,2,1,0,0,27,1,0
E:\Siva_ood_projects\javacv\samples\OpticalFlowDense.java,OpticalFlowDense,class,2,2,0,2,3,1,0,11,0,0.0,NaN,NaN,1,1,1,0,0,0,1,0,0,0,0,0,0,0,0,0,0,0,1,21,0,2,0,0,0,3,2,16,3,16,2,0,0,0,48,1,0
E:\Siva_ood_projects\javacv\samples\RecordActivity.java,org.bytedeco.javacv.recordactivity.RecordActivity$AudioRecordRunnable,innerclass,2,2,0,2,10,1,0,16,0,0.0,NaN,NaN,1,0,1,0,0,0,1,0,0,0,0,0,0,0,0,0,0,0,2,49,0,2,1,1,0,4,11,10,5,4,5,0,0,0,35,0,0
E:\Siva_ood_projects\javacv\src\main\java\org\bytedeco\javacv\CanvasFrame.java,org.bytedeco.javacv.CanvasFrame$1MovedListener,innerclass,0,0,0,0,1,2,0,2,0,0.0,NaN,NaN,1,0,1,0,0,0,1,0,0,0,1,0,0,0,0,1,0,0,0,10,0,0,0,0,0,0,0,3,0,2,1,0,0,0,11,0,0
E:\Siva_ood_projects\javacv\src\main\java\org\bytedeco\javacv\FrameRecorder.java,org.bytedeco.javacv.FrameRecorder$Exception,innerclass,0,0,0,0,2,4,0,0,1,0.0,0.0,0.0,2,0,2,0,0,0,2,0,0,0,0,0,0,0,0,0,0,0,0,8,0,0,0,0,0,0,0,0,0,0,0,0,0,0,6,9,0
E:\Siva_ood_projects\javacv\samples\FFmpegStreamingTimeout.java,FFmpegStreamingTimeout$TimeoutOption,enum,0,0,0,0,1,1,0,2,0,0.0,NaN,NaN,1,0,1,0,0,0,1,0,0,0,0,0,0,0,0,0,0,0,0,6,1,0,0,0,0,0,0,0,0,0,0,0,0,0,51,10,0
E:\Siva_ood_projects\javacv\src\main\java\org\bytedeco\javacv\FFmpegFrameGrabber.java,org.bytedeco.javacv.FFmpegFrameGrabber$SeekCallback,innerclass,2,2,0,2,15,2,0,4,0,0.0,NaN,NaN,1,0,1,0,0,0,1,0,0,0,0,0,0,0,0,0,0,0,0,54,3,4,5,1,0,1,13,14,2,8,4,0,0,0,30,8,0
E:\Siva_ood_projects\javacv\src\main\java\org\bytedeco\javacv\GeometricCalibrator.java,org.bytedeco.javacv.GeometricCalibrator,class,22,24,2,22,76,3,0,70,100,0.8333334,0.25490198,0.78431374,21,2,18,3,0,0,18,0,0,0,14,0,0,13,0,1,0,0,13,402,17,17,20,0,8,0,211,185,60,138,4,0,1,0,194,1,0
E:\Siva_ood_projects\javacv\src\main\java\org\bytedeco\javacv\BufferRing.java,org.bytedeco.javacv.BufferRing$ReleasableBuffer,interface,0,0,0,0,1,1,0,0,0,0.0,NaN,NaN,1,0,0,0,0,1,1,0,0,0,0,0,0,0,0,0,0,0,0,3,0,0,0,0,0,0,0,0,0,0,0,0,0,0,3,1,0
E:\Siva_ood_projects\javacv\src\main\java\org\bytedeco\javacv\JavaCVCL.java,org.bytedeco.javacv.JavaCVCL$PinnedIplImage,innerclass,6,6,0,6,4,2,0,11,0,0.0,1.0,1.0,4,0,3,0,0,1,4,0,0,0,1,0,0,0,0,1,1,0,0,19,2,0,0,0,0,0,0,1,0,1,0,0,0,0,23,0,0
E:\Siva_ood_projects\javacv\src\main\java\org\bytedeco\javacv\RealSense2FrameGrabber.java,org.bytedeco.javacv.RealSense2FrameGrabber$VideoStreamProfileData,innerclass,2,2,0,2,0,2,0,0,0,NaN,-1.0,-1.0,0,0,0,0,0,0,0,0,0,0,2,0,0,0,0,2,0,0,0,4,0,0,0,0,0,0,2,2,0,2,0,0,0,0,8,8,0
E:\Siva_ood_projects\javacv\src\main\java\org\bytedeco\javacv\OpenCVFrameConverter.java,org.bytedeco.javacv.OpenCVFrameConverter$Anonymous1,anonymous,0,0,0,0,1,1,0,1,0,0.0,NaN,NaN,0,0,0,0,0,0,1,0,0,0,0,0,0,0,0,0,0,0,0,5,0,0,0,0,0,0,0,1,0,0,0,0,0,0,1,-1,0
E:\Siva_ood_projects\javacv\src\main\java\org\bytedeco\javacv\ImageAlignerCL.java,org.bytedeco.javacv.ImageAlignerCL,interface,3,4,1,3,8,1,0,0,28,0.0,0.0,0.0,8,0,0,0,0,8,8,0,0,0,0,0,0,0,0,0,0,0,0,10,0,0,0,0,0,0,0,0,0,0,0,0,0,0,18,1,0
E:\Siva_ood_projects\javacv\src\main\java\org\bytedeco\javacv\ObjectFinder.java,org.bytedeco.javacv.ObjectFinder,class,18,19,1,18,42,3,0,64,0,0.70053494,0.28787878,0.42424244,11,1,6,0,0,5,12,0,0,0,11,2,0,0,0,11,2,0,15,295,10,11,7,0,8,11,105,111,70,83,2,0,1,0,175,1,3
E:\Siva_ood_projects\javacv\src\main\java\org\bytedeco\javacv\Java2DFrameConverter.java,org.bytedeco.javacv.Java2DFrameConverter,class,8,18,10,8,200,2,0,74,288,0.8933334,0.024615385,0.027692307,25,17,25,0,0,0,26,0,0,0,2,1,1,0,1,0,1,0,91,675,17,34,70,0,31,0,157,242,65,126,6,0,0,0,112,1,0
E:\Siva_ood_projects\javacv\src\main\java\org\bytedeco\javacv\ImageTransformerCL.java,org.bytedeco.javacv.ImageTransformerCL$OutputData,innerclass,2,2,0,2,7,1,0,10,0,0.5,0.16666667,0.16666667,4,0,3,0,0,1,4,0,0,0,4,0,2,0,0,2,0,0,0,34,2,0,2,0,2,0,12,17,8,10,2,0,0,0,29,1,0
E:\Siva_ood_projects\javacv\samples\YOLONet.java,YOLONet$ObjectDetectionResult,innerclass,0,0,0,0,0,1,0,0,0,NaN,-1.0,-1.0,0,0,0,0,0,0,0,0,0,0,7,0,7,0,0,0,0,0,0,9,0,0,0,0,0,0,0,0,0,7,0,0,0,0,14,9,0
E:\Siva_ood_projects\javacv\samples\FFmpegStreamingTimeout.java,FFmpegStreamingTimeout,class,7,8,1,7,7,1,0,13,1,0.5,NaN,NaN,3,3,1,2,0,0,1,0,0,0,2,2,0,2,0,0,2,0,2,71,0,2,2,2,2,9,2,12,7,10,2,2,1,0,94,1,0
E:\Siva_ood_projects\javacv\src\main\java\org\bytedeco\javacv\GNImageAlignerCL.java,org.bytedeco.javacv.GNImageAlignerCL$Anonymous1,anonymous,1,1,0,1,2,1,0,4,0,0.0,NaN,NaN,1,0,1,0,0,0,1,0,0,0,0,0,0,0,0,0,0,0,0,10,0,1,0,0,0,0,0,3,3,1,1,0,0,0,12,-1,0
E:\Siva_ood_projects\javacv\src\main\java\org\bytedeco\javacv\ProCamGeometricCalibrator.java,org.bytedeco.javacv.ProCamGeometricCalibrator,class,13,14,1,13,68,4,0,52,113,0.84965014,0.26839826,0.45454547,22,0,22,0,0,0,22,0,0,0,17,1,0,16,0,1,4,0,6,346,17,14,12,0,4,2,65,118,23,81,4,4,1,0,131,1,0
E:\Siva_ood_projects\javacv\platform\src\test\java\org\bytedeco\javacv\FrameGrabberTest.java,org.bytedeco.javacv.FrameGrabberTest,class,10,10,0,10,64,1,0,75,3,0.0,0.0,0.0,3,0,3,0,0,0,3,0,0,0,0,0,0,0,0,0,0,0,12,392,0,27,22,3,15,60,125,97,51,79,7,1,0,0,145,1,0
E:\Siva_ood_projects\javacv\src\main\java\org\bytedeco\javacv\cvkernels.java,org.bytedeco.javacv.cvkernels$ParallelData,innerclass,2,2,0,2,0,1,0,0,0,NaN,-1.0,-1.0,0,0,0,0,0,0,0,0,0,0,2,0,0,0,0,2,0,0,0,4,0,0,0,0,0,0,0,2,0,2,0,0,0,0,8,10,0
E:\Siva_ood_projects\javacv\src\main\java\org\bytedeco\javacv\MarkedPlane.java,org.bytedeco.javacv.MarkedPlane,class,7,11,4,7,36,1,0,27,21,0.74814814,0.3904762,0.74285716,15,0,15,0,0,0,15,0,0,0,6,1,0,6,0,0,0,0,22,163,9,5,9,0,3,0,64,45,31,27,4,0,0,0,76,1,0
E:\Siva_ood_projects\javacv\samples\FacePreview.java,org.bytedeco.javacv.facepreview.FacePreview,class,6,7,1,6,2,2,0,11,0,0.0,NaN,NaN,1,0,0,0,1,0,1,0,0,0,3,0,0,3,0,0,0,0,0,22,0,0,0,1,0,0,0,3,0,3,1,0,0,0,25,1,0
E:\Siva_ood_projects\javacv\src\main\java\org\bytedeco\javacv\CameraDevice.java,org.bytedeco.javacv.CameraDevice$Settings,interface,1,1,0,1,37,1,0,0,666,0.0,0.0,0.0,37,0,0,0,0,37,37,0,0,0,0,0,0,0,0,0,0,0,0,39,0,0,0,0,0,0,0,0,0,0,0,0,0,0,49,1,0
E:\Siva_ood_projects\javacv\src\main\java\org\bytedeco\javacv\OpenCVFrameGrabber.java,org.bytedeco.javacv.OpenCVFrameGrabber,class,10,16,6,10,82,2,0,49,183,0.8548387,0.28172043,0.4967742,31,5,30,0,1,0,31,0,0,0,8,1,0,8,0,0,2,0,11,250,20,3,26,2,7,12,36,31,14,17,2,0,0,0,124,1,0
E:\Siva_ood_projects\javacv\src\main\java\org\bytedeco\javacv\Seekable.java,org.bytedeco.javacv.Seekable,interface,0,3,3,0,1,1,0,0,0,0.0,NaN,NaN,1,0,1,0,0,0,1,0,0,0,0,0,0,0,0,0,0,0,0,3,0,0,0,0,0,0,0,0,0,0,0,0,0,0,3,1,0
E:\Siva_ood_projects\javacv\src\main\java\org\bytedeco\javacv\FlyCaptureFrameGrabber.java,org.bytedeco.javacv.FlyCaptureFrameGrabber,class,17,18,1,17,195,2,0,65,118,0.86764693,0.22794117,0.40441176,20,5,16,3,1,0,17,0,0,0,10,2,1,9,0,0,4,0,10,421,16,2,74,1,11,26,110,118,28,57,2,0,0,0,197,1,0
E:\Siva_ood_projects\javacv\src\main\java\org\bytedeco\javacv\RealSenseFrameGrabber.java,org.bytedeco.javacv.RealSenseFrameGrabber,class,11,12,1,11,159,2,0,40,5502,0.9683338,0.02769283,0.10125722,109,6,108,0,1,0,109,0,0,0,26,8,5,21,0,0,0,0,1,523,26,1,24,1,0,17,24,90,15,53,4,0,0,0,385,1,0
E:\Siva_ood_projects\javacv\src\main\java\org\bytedeco\javacv\OpenCVFrameConverter.java,org.bytedeco.javacv.OpenCVFrameConverter$ToMat,innerclass,3,3,0,3,2,3,0,2,1,0.0,0.0,0.0,2,0,2,0,0,0,2,0,0,0,0,0,0,0,0,0,0,0,0,8,2,0,0,0,0,0,0,0,0,0,0,0,0,0,6,9,0
E:\Siva_ood_projects\javacv\samples\WebcamAndMicrophoneCapture.java,WebcamAndMicrophoneCapture$Anonymous1,anonymous,1,1,0,1,2,1,0,9,0,0.0,NaN,NaN,1,0,1,0,0,0,1,0,0,0,0,0,0,0,0,0,0,0,3,40,0,0,0,1,0,0,6,10,2,10,1,1,0,0,30,-1,0
E:\Siva_ood_projects\javacv\samples\FacePreview.java,org.bytedeco.javacv.facepreview.Preview,class,9,11,2,9,14,2,0,20,2,0.6,0.6666667,1.0,5,0,3,1,0,1,4,0,0,0,3,0,0,0,0,3,0,0,5,67,2,2,3,1,0,0,2,21,9,14,3,0,0,0,46,0,0
E:\Siva_ood_projects\javacv\src\main\java\org\bytedeco\javacv\FrameGrabber.java,org.bytedeco.javacv.FrameGrabber$Exception,innerclass,0,0,0,0,2,4,0,0,1,0.0,0.0,0.0,2,0,2,0,0,0,2,0,0,0,0,0,0,0,0,0,0,0,0,8,0,0,0,0,0,0,0,0,0,0,0,0,0,0,6,9,0
E:\Siva_ood_projects\javacv\src\main\java\org\bytedeco\javacv\ProCamColorCalibrator.java,org.bytedeco.javacv.ProCamColorCalibrator$Settings,innerclass,1,1,0,1,4,3,0,0,2,0.6666667,0.33333334,0.33333334,4,0,4,0,0,0,4,0,0,0,3,0,0,0,0,3,0,0,0,17,2,0,0,0,0,0,3,5,0,3,0,0,0,0,15,9,0
E:\Siva_ood_projects\javacv\samples\MotionDetector.java,MotionDetector,class,10,10,0,10,10,1,0,25,0,0.0,NaN,NaN,1,1,1,0,0,0,1,0,0,0,0,0,0,0,0,0,0,0,0,50,0,2,6,0,1,1,12,19,0,12,5,0,0,0,48,1,0
E:\Siva_ood_projects\javacv\src\main\java\org\bytedeco\javacv\FFmpegFrameGrabber.java,org.bytedeco.javacv.FFmpegFrameGrabber$Exception,innerclass,1,1,0,1,2,5,0,0,1,0.0,0.0,0.0,2,0,2,0,0,0,2,0,0,0,0,0,0,0,0,0,0,0,0,8,0,0,0,0,0,1,0,0,1,0,0,0,0,0,10,9,0
E:\Siva_ood_projects\javacv\src\main\java\org\bytedeco\javacv\AndroidFrameConverter.java,org.bytedeco.javacv.AndroidFrameConverter,class,5,7,2,5,49,2,0,24,2,0.59999996,0.4,0.6,5,0,3,0,0,2,5,0,0,0,3,0,0,0,0,3,0,0,8,149,7,6,24,0,13,0,88,54,71,31,3,0,0,0,92,1,0
E:\Siva_ood_projects\javacv\src\main\java\org\bytedeco\javacv\ProCamTransformerCL.java,org.bytedeco.javacv.ProCamTransformerCL,class,19,20,1,19,42,2,0,28,21,0.75974035,0.36363637,0.6545454,11,0,10,0,1,0,11,0,0,0,6,1,0,2,4,0,4,0,1,151,5,6,21,0,1,7,50,52,18,43,3,0,0,0,98,1,0
E:\Siva_ood_projects\javacv\samples\KazemiFacemarkExample.java,KazemiFacemarkExample,class,6,6,0,6,3,1,0,14,0,0.0,NaN,NaN,1,1,1,0,0,0,1,0,0,0,0,0,0,0,0,0,0,0,0,25,0,1,0,0,0,6,2,9,1,9,2,0,0,0,36,1,0
E:\Siva_ood_projects\javacv\src\main\java\org\bytedeco\javacv\CameraDevice.java,org.bytedeco.javacv.CameraDevice$SettingsImplementation,innerclass,5,5,0,5,61,4,0,12,406,0.89177495,0.115530305,0.8238636,33,0,33,0,0,0,33,0,0,0,13,0,0,0,0,13,0,0,0,233,18,0,15,10,0,26,8,65,3,22,4,0,0,0,68,9,0
E:\Siva_ood_projects\javacv\src\main\java\org\bytedeco\javacv\Marker.java,org.bytedeco.javacv.Marker$ArraySettings,innerclass,1,1,0,1,14,3,0,1,77,0.85714287,0.07692308,0.07692308,14,0,14,0,0,0,14,0,0,0,3,0,0,0,0,3,0,0,0,47,7,0,0,0,0,7,6,14,0,7,0,0,0,0,23,9,0
E:\Siva_ood_projects\javacv\samples\OpenCVFaceRecognizer.java,OpenCVFaceRecognizer$Anonymous1,anonymous,0,0,0,0,1,1,0,2,0,0.0,NaN,NaN,1,0,1,0,0,0,1,0,0,0,0,0,0,0,0,0,0,0,0,6,1,0,0,0,0,3,0,1,0,0,0,0,0,0,3,-1,0
E:\Siva_ood_projects\javacv\platform\src\test\java\org\bytedeco\javacv\SeekableByteArrayOutputStreamTest.java,org.bytedeco.javacv.SeekableByteArrayOutputStreamTest,class,8,9,1,8,32,1,0,36,43,0.8333333,0.0,0.0,10,0,6,4,0,0,6,0,0,0,3,3,0,3,0,0,3,0,7,174,3,10,0,6,0,14,49,51,17,41,4,0,0,0,70,1,0
E:\Siva_ood_projects\javacv\src\main\java\org\bytedeco\javacv\FFmpegLogCallback.java,org.bytedeco.javacv.FFmpegLogCallback,class,4,7,3,4,13,2,0,11,10,0.8,0.0,0.0,5,4,5,0,0,0,5,0,0,0,2,2,0,1,0,1,2,0,1,38,2,0,0,0,0,0,0,2,0,2,1,0,0,0,37,1,4
E:\Siva_ood_projects\javacv\src\main\java\org\bytedeco\javacv\IPCameraFrameGrabber.java,org.bytedeco.javacv.IPCameraFrameGrabber,class,10,11,1,10,33,2,0,26,59,0.78571427,0.08888889,0.13333334,14,2,10,4,0,0,10,0,0,0,8,1,0,8,0,0,4,0,4,146,4,2,9,4,1,5,16,29,1,19,4,0,0,0,187,1,0
E:\Siva_ood_projects\javacv\samples\JavaFxPlayVideoAndAudio.java,JavaFxPlayVideoAndAudio$Anonymous1$Anonymous2,anonymous,4,4,0,4,3,1,0,7,0,0.0,NaN,NaN,1,0,1,0,0,0,1,0,0,0,0,0,0,0,0,0,0,0,2,22,0,0,0,1,0,0,2,3,2,3,2,1,0,0,16,-1,0
E:\Siva_ood_projects\javacv\src\main\java\org\bytedeco\javacv\FrameFilter.java,org.bytedeco.javacv.FrameFilter,class,3,8,5,3,32,4,1,4,399,0.9086022,0.032258064,0.040860213,31,1,31,0,0,0,31,5,0,0,12,0,0,0,12,0,0,0,0,107,12,1,1,0,0,0,0,11,0,12,1,0,1,0,63,1025,0
E:\Siva_ood_projects\javacv\src\main\java\org\bytedeco\javacv\ProCamTransformer.java,org.bytedeco.javacv.ProCamTransformer$Parameters,innerclass,11,11,0,11,42,1,0,53,102,0.7542857,0.3,0.31428573,25,0,19,4,2,0,21,0,0,0,4,0,0,4,0,0,0,0,5,184,22,2,13,0,0,1,78,37,10,23,1,0,0,0,66,1,0
E:\Siva_ood_projects\javacv\samples\JavaFxPlayVideoAndAudio.java,JavaFxPlayVideoAndAudio$Anonymous1$Anonymous4,anonymous,0,0,0,0,1,1,0,4,0,0.0,NaN,NaN,1,0,1,0,0,0,1,0,0,0,0,0,0,0,0,0,0,0,0,6,0,0,0,0,0,0,1,0,0,0,0,0,0,0,1,-1,0
